Rk,Player,Nation,Pos,Squad,Age,Born,90s,Tkl,TklW,Def 3rd,Mid 3rd,Att 3rd,Tkl,Att,Tkl%,Lost,Blocks,Sh,Pass,Int,Tkl+Int,Clr,Err,Matches
1,Max Aarons,eng ENG,DF,Bournemouth,25-048,2000,1,2,2,1,1,0,1,1,100,0,3,1,2,1,3,0,0,Matches
2,Joshua Acheampong,eng ENG,DF,Chelsea,18-292,2006,1.8,1.11,0.56,1.11,0,0,1.11,1.11,100,0,0.56,0,0.56,0.56,1.67,1.11,0,Matches
3,Tyler Adams,us USA,MF,Bournemouth,26-007,1999,10.6,4.62,3.02,1.7,2.36,0.57,1.89,3.68,51.3,1.79,1.32,0.47,0.85,2.36,6.98,2.36,0,Matches
4,Tosin Adarabioyo,eng ENG,DF,Chelsea,27-150,1997,9.1,1.32,0.99,0.99,0.33,0,0.77,1.1,70,0.33,0.77,0.66,0.11,0.33,1.65,3.63,0,Matches
5,Simon Adingra,ci CIV,"FW,MF",Brighton,23-051,2002,6.7,2.09,1.04,1.04,0.75,0.3,0.9,2.54,35.3,1.64,0.9,0,0.9,0.9,2.99,0.45,0.15,Matches
6,Emmanuel Agbadou,ci CIV,DF,Wolves,27-249,1997,4.7,2.98,1.91,2.13,0.85,0,1.49,2.34,63.6,0.85,1.06,0.64,0.43,1.28,4.26,5.32,0,Matches
7,Asher Agbinone,eng ENG,MF,Crystal Palace,19-146,2005,0.1,20,10,0,20,0,0,0,,0,0,0,0,0,20,0,0,Matches
8,Ola Aina,ng NGA,DF,Nott'ham Forest,28-136,1996,24.1,1.91,1.45,1.33,0.54,0.04,1.24,2.03,61.2,0.79,1.12,0.41,0.71,1.2,3.11,3.2,0.04,Matches
9,Rayan Ait-Nouri,dz ALG,DF,Wolves,23-260,2001,22.7,2.51,1.5,1.72,0.66,0.13,1.28,1.94,65.9,0.66,1.37,0.22,1.15,0.75,3.26,2.25,0.04,Matches
10,Kristoffer Ajer,no NOR,DF,Brentford,26-310,1998,9.8,1.53,1.02,0.92,0.51,0.1,0.71,1.73,41.2,1.02,1.02,0.2,0.82,0.71,2.24,2.65,0,Matches
11,Manuel Akanji,ch SUI,DF,Manchester City,29-217,1995,19,0.79,0.53,0.42,0.21,0.16,0.37,0.63,58.3,0.26,0.58,0.42,0.16,0.37,1.16,2.89,0.16,Matches
12,Nathan Ake,nl NED,DF,Manchester City,30-003,1995,6.7,1.34,1.04,1.04,0.3,0,0.6,0.75,80,0.15,1.04,0.3,0.75,0.45,1.79,2.99,0.15,Matches
13,Carlos Alcaraz,ar ARG,MF,Southampton,22-083,2002,0.1,0,0,0,0,0,0,0,,0,0,0,0,10,10,0,0,Matches
14,Carlos Alcaraz,ar ARG,MF,Everton,22-083,2002,1.1,1.82,0,1.82,0,0,0,0,,0,0,0,0,0,1.82,2.73,0,Matches
15,Trent Alexander-Arnold,eng ENG,DF,Liverpool,26-137,1998,21,2.86,2,1.81,0.67,0.38,1.9,3.71,51.3,1.81,1.1,0.33,0.76,1.29,4.14,1.95,0.19,Matches
16,Alisson,br BRA,GK,Liverpool,32-142,1992,17.9,0,0,0,0,0,0,0.06,0,0.06,0,0,0,0,0,0.56,0,Matches
17,Miguel Almiron,py PAR,FW,Newcastle Utd,31-011,1994,1.7,1.76,1.18,1.18,0,0.59,1.18,1.76,66.7,0.59,1.18,0,1.18,0,1.76,0,0,Matches
18,Edson Alvarez,mx MEX,MF,West Ham,27-120,1997,14.7,2.52,1.36,1.43,0.68,0.41,1.02,2.11,48.4,1.09,1.29,0.48,0.82,0.88,3.4,2.04,0.07,Matches
19,Will Alves,eng ENG,FW,Leicester City,20-018,2005,0,0,0,0,0,0,0,0,,0,0,0,0,0,0,0,0,Matches
20,Samuel Amo-Ameyaw,eng ENG,"FW,DF",Southampton,18-218,2006,0.3,3.33,0,0,3.33,0,3.33,3.33,100,0,0,0,0,0,3.33,0,0,Matches
21,Joachim Andersen,dk DEN,DF,Crystal Palace,28-266,1996,1,1,1,1,0,0,1,2,50,1,0,0,0,0,1,7,0,Matches
22,Joachim Andersen,dk DEN,DF,Fulham,28-266,1996,15.7,0.96,0.76,0.76,0.19,0,0.51,0.89,57.1,0.38,0.89,0.57,0.32,1.34,2.29,5.41,0,Matches
23,Elliot Anderson,eng ENG,MF,Nott'ham Forest,22-107,2002,18.2,3.24,2.14,1.98,0.93,0.33,1.76,3.35,52.5,1.59,1.7,0.33,1.37,1.04,4.29,2.31,0.11,Matches
24,Andre,br BRA,MF,Wolves,23-220,2001,15.6,3.27,2.24,1.54,1.41,0.32,1.35,2.18,61.8,0.83,1.79,0.45,1.35,1.28,4.55,1.47,0.06,Matches
25,Michail Antonio,jm JAM,FW,West Ham,34-330,1990,9.3,0.22,0.22,0,0.11,0.11,0.22,0.32,66.7,0.11,0.65,0,0.65,0,0.22,0.22,0,Matches
26,Antony,br BRA,"DF,MF",Manchester Utd,24-363,2000,1.6,3.75,1.88,2.5,1.25,0,1.25,3.13,40,1.88,1.25,0,1.25,1.25,5,0,0,Matches
27,Julian Araujo,mx MEX,DF,Bournemouth,23-192,2001,3.9,1.79,0.77,0.77,1.03,0,1.03,2.56,40,1.54,0.77,0,0.77,1.03,2.82,3.33,0,Matches
28,Cameron Archer,eng ENG,FW,Southampton,23-215,2001,11.7,0.77,0.43,0.43,0.17,0.17,0.09,0.51,16.7,0.43,0.43,0.09,0.34,0.17,0.94,0.51,0,Matches
29,Alphonse Areola,fr FRA,GK,West Ham,31-360,1993,13.1,0.15,0.15,0.15,0,0,0.15,0.23,66.7,0.08,0,0,0,0,0.15,0.61,0.08,Matches
30,Joe Aribo,ng NGA,MF,Southampton,28-215,1996,17.2,2.03,1.45,0.58,1.1,0.35,0.81,1.69,48.3,0.87,1.22,0.41,0.81,0.76,2.79,1.28,0.12,Matches
31,Adam Armstrong,eng ENG,"FW,MF",Southampton,28-011,1997,13.9,0.86,0.22,0.14,0.5,0.22,0.22,1.01,21.4,0.79,0.43,0.07,0.36,0.22,1.08,0.58,0,Matches
32,Harrison Armstrong,eng ENG,MF,Everton,18-033,2007,0.5,0,0,0,0,0,0,2,0,2,0,0,0,0,0,2,0,Matches
33,Kepa Arrizabalaga,es ESP,GK,Bournemouth,30-141,1994,18,0.06,0,0.06,0,0,0,0.06,0,0.06,0.06,0,0.06,0,0.06,0.44,0.11,Matches
34,Marco Asensio,es ESP,"MF,FW",Aston Villa,29-031,1996,1,2,1,0,2,0,2,4,50,2,0,0,0,0,2,0,0,Matches
35,Brandon Austin,eng ENG,GK,Tottenham,26-044,1999,1,0,0,0,0,0,0,0,,0,0,0,0,0,0,1,0,Matches
36,Taiwo Awoniyi,ng NGA,FW,Nott'ham Forest,27-193,1997,2.9,1.38,0.69,0,1.03,0.34,0.69,1.03,66.7,0.34,0.34,0,0.34,0,1.38,1.38,0,Matches
37,Yasin Ayari,se SWE,MF,Brighton,21-138,2003,14.2,2.82,1.48,0.77,1.55,0.49,1.2,2.46,48.6,1.27,1.13,0.35,0.77,1.06,3.87,1.13,0,Matches
38,Jordan Ayew,gh GHA,"FW,MF",Crystal Palace,33-163,1991,0.2,5,0,0,0,5,0,0,,0,0,0,0,0,5,0,0,Matches
39,Jordan Ayew,gh GHA,"FW,MF",Leicester City,33-163,1991,13.8,1.59,0.87,0.51,0.87,0.22,0.36,1.23,29.4,0.87,1.01,0,1.01,0.87,2.46,1.09,0,Matches
40,Benoit Badiashile,fr FRA,DF,Chelsea,23-332,2001,2.8,2.14,1.43,1.07,1.07,0,0.71,0.71,100,0,0.71,0.71,0,2.14,4.29,2.14,0.36,Matches
41,Leon Bailey,jm JAM,"FW,MF",Aston Villa,27-196,1997,11.5,0.52,0.35,0.09,0.26,0.17,0.17,0.7,25,0.52,0.52,0,0.52,0.26,0.78,0.87,0,Matches
42,Carlos Baleba,cm CMR,MF,Brighton,21-049,2004,17.8,3.03,1.63,0.9,1.52,0.62,1.85,2.64,70.2,0.79,1.46,0.28,1.18,1.91,4.94,1.12,0,Matches
43,Ross Barkley,eng ENG,MF,Aston Villa,31-078,1993,6.2,2.1,0.48,0.65,1.45,0,1.45,2.1,69.2,0.65,1.45,0.48,0.97,1.45,3.55,0.81,0,Matches
44,Harvey Barnes,eng ENG,FW,Newcastle Utd,27-074,1997,8.7,1.15,0.69,0.34,0.46,0.34,0.34,0.57,60,0.23,0.46,0.11,0.34,0.46,1.61,0.57,0.11,Matches
45,Calvin Bassey,ng NGA,DF,Fulham,25-052,1999,24,1.42,0.88,0.83,0.58,0,0.67,0.83,80,0.17,1.29,0.58,0.71,0.58,2,3.13,0.21,Matches
46,Jan Bednarek,pl POL,DF,Southampton,28-315,1996,20.8,1.3,0.67,0.77,0.53,0,0.58,1.2,48,0.63,1.68,1.3,0.38,2.31,3.61,6.25,0.19,Matches
47,Jean-Ricner Bellegarde,fr FRA,"MF,FW",Wolves,26-239,1998,11,1.64,0.91,0.55,0.82,0.27,0.64,0.91,70,0.27,1.27,0.27,1,0.91,2.55,0.91,0.09,Matches
48,Rodrigo Bentancur,uy URU,MF,Tottenham,27-241,1997,10.5,2.48,1.24,1.05,1.24,0.19,1.24,2.1,59.1,0.86,1.33,0.29,1.05,2.19,4.67,1.81,0.1,Matches
49,Sander Berge,no NOR,MF,Fulham,27-007,1998,14.6,2.6,1.58,1.1,1.3,0.21,1.3,1.85,70.4,0.55,1.44,0.48,0.96,1.23,3.84,1.71,0,Matches
50,Lucas Bergvall,se SWE,MF,Tottenham,19-019,2006,7.4,2.97,1.89,1.22,1.35,0.41,1.62,2.7,60,1.08,1.35,0.81,0.54,1.89,4.86,2.3,0.27,Matches
51,Victor Bernth Kristiansen,dk DEN,DF,Leicester City,22-067,2002,21.5,3.16,1.86,2,1.02,0.14,1.63,2.98,54.7,1.35,1.4,0.56,0.84,1.4,4.56,2.79,0.14,Matches
52,Beto,gw GNB,FW,Everton,27-021,1998,6.5,1.08,0.46,0.15,0.31,0.62,0.15,0.31,50,0.15,0.62,0.15,0.46,0.15,1.23,1.08,0,Matches
53,Philip Billing,dk DEN,MF,Bournemouth,28-255,1996,2,7,2.5,3.5,3,0.5,1.5,2,75,0.5,1.5,0,1.5,2.5,9.5,1,0,Matches
54,Yves Bissouma,ml MLI,MF,Tottenham,28-175,1996,11.7,3.08,1.97,1.2,1.62,0.26,1.37,2.48,55.2,1.11,0.6,0.34,0.26,1.11,4.19,2.56,0.26,Matches
55,Lamare Bogarde,nl NED,"DF,MF",Aston Villa,21-047,2004,3.9,3.59,1.54,1.54,1.54,0.51,2.56,3.85,66.7,1.28,0.77,0.26,0.51,0.26,3.85,1.79,0,Matches
56,Willy Boly,ci CIV,DF,Nott'ham Forest,34-018,1991,1.5,3.33,0.67,2.67,0.67,0,2.67,2.67,100,0,2,0.67,1.33,2,5.33,8,0,Matches
57,Sven Botman,nl NED,DF,Newcastle Utd,25-040,2000,2.5,2,1.2,0.8,1.2,0,0.8,1.2,66.7,0.4,0.8,0.4,0.4,1.6,3.6,4.8,0,Matches
58,Jarrod Bowen,eng ENG,"FW,MF",West Ham,28-063,1996,20.4,1.42,0.93,0.49,0.34,0.59,0.69,1.47,46.7,0.78,0.59,0.1,0.49,0.64,2.06,0.93,0,Matches
59,Conor Bradley,nir NIR,DF,Liverpool,21-227,2003,4.1,1.46,0.73,0.73,0.49,0.24,1.22,2.93,41.7,1.71,0.49,0,0.49,0.73,2.2,3.9,0,Matches
60,Jarrad Branthwaite,eng ENG,DF,Everton,22-239,2002,16.1,1.55,0.87,1.12,0.43,0,0.81,1.06,76.5,0.25,1.24,0.87,0.37,1.18,2.73,6.83,0.12,Matches
61,James Bree,eng ENG,DF,Southampton,27-133,1997,8.4,1.79,1.19,0.6,1.07,0.12,0.83,2.02,41.2,1.19,0.95,0.36,0.6,0.83,2.62,2.62,0,Matches
62,Ben Brereton,cl CHI,FW,Southampton,25-309,1999,5,0.6,0.4,0,0.4,0.2,0.2,1.8,11.1,1.6,0.4,0.2,0.2,0,0.6,0.8,0,Matches
63,Nathan Broadhead,wls WAL,"FW,MF",Ipswich Town,26-322,1998,4.2,0.95,0.48,0.24,0.71,0,0.48,1.43,33.3,0.95,0.48,0,0.48,0.71,1.67,1.19,0,Matches
64,Armando Broja,al ALB,FW,Everton,23-164,2001,1.8,1.11,0.56,0.56,0.56,0,0,0,,0,1.67,0,1.67,0,1.11,1.67,0,Matches
65,David Brooks,wls WAL,FW,Bournemouth,27-228,1997,7.1,1.27,0.42,0.28,0.56,0.42,0.14,1.27,11.1,1.13,1.69,0.28,1.41,0.56,1.83,0.85,0.14,Matches
66,Emi Buendia,ar ARG,"MF,FW",Aston Villa,28-058,1996,1.1,5.45,5.45,2.73,1.82,0.91,0,4.55,0,4.55,4.55,0.91,3.64,0,5.45,1.82,0,Matches
67,Santiago Bueno,uy URU,DF,Wolves,26-104,1998,15.2,1.84,0.92,1.18,0.59,0.07,0.86,1.12,76.5,0.26,1.97,1.12,0.86,0.86,2.7,2.96,0,Matches
68,Facundo Buonanotte,ar ARG,"FW,MF",Leicester City,20-060,2004,12.8,3.36,1.8,1.09,1.25,1.02,1.41,4.45,31.6,3.05,2.11,0.47,1.64,0.63,3.98,0.63,0,Matches
69,Cameron Burgess,au AUS,DF,Ipswich Town,29-123,1995,10,0.9,0.7,0.7,0.2,0,0.5,0.5,100,0,1.4,1.1,0.3,0.9,1.8,6.7,0.1,Matches
70,Dan Burn,eng ENG,DF,Newcastle Utd,32-288,1992,24,1.17,0.63,0.71,0.42,0.04,0.58,1.17,50,0.58,0.92,0.71,0.21,0.67,1.83,4.88,0.08,Matches
71,Wes Burns,wls WAL,"FW,DF",Ipswich Town,30-090,1994,10.3,1.26,1.07,0.1,0.87,0.29,0.39,0.97,40,0.58,0.68,0.19,0.49,0.97,2.23,1.26,0.19,Matches
72,Moises Caicedo,ec ECU,MF,Chelsea,23-111,2001,24.3,3,1.89,1.28,1.44,0.29,1.44,2.35,61.4,0.91,1.32,0.33,0.99,1.4,4.4,1.48,0,Matches
73,Tom Cairney,sct SCO,MF,Fulham,34-032,1991,4.4,1.59,0.45,0.45,0.45,0.68,0.45,0.68,66.7,0.23,0.68,0.23,0.45,0.91,2.5,0.23,0.23,Matches
74,Jens Cajuste,se SWE,MF,Ipswich Town,25-195,1999,12.5,2.16,0.88,0.96,1.12,0.08,0.88,2.32,37.9,1.44,1.28,0.4,0.88,1.36,3.52,1.44,0.16,Matches
75,Riccardo Calafiori,it ITA,DF,Arsenal,22-278,2002,8.5,2.94,2.12,1.65,1.06,0.24,2,2.82,70.8,0.82,1.41,0.71,0.71,1.06,4,2.47,0,Matches
76,Dominic Calvert-Lewin,eng ENG,FW,Everton,27-342,1997,17.5,0.51,0.4,0.06,0.23,0.23,0.11,0.34,33.3,0.23,0.34,0.11,0.23,0.34,0.86,1.03,0,Matches
77,Diego Carlos,br BRA,DF,Aston Villa,31-343,1993,9.2,0.87,0.33,0.65,0.11,0.11,0.43,0.65,66.7,0.22,1.41,0.76,0.65,0.54,1.41,3.91,0.22,Matches
78,Fabio Carvalho,pt POR,"FW,MF",Brentford,22-175,2002,4.8,2.71,1.88,0.83,0.83,1.04,1.25,2.71,46.2,1.46,1.25,0.21,1.04,0.63,3.33,0.42,0,Matches
79,Casemiro,br BRA,MF,Manchester Utd,32-364,1992,10.3,4.47,2.82,2.33,1.46,0.68,2.33,4.56,51.1,2.23,2.52,0.58,1.94,0.97,5.44,3.3,0.29,Matches
80,Kaelan Casey,eng ENG,DF,West Ham,20-116,2004,0,0,0,0,0,0,0,0,,0,0,0,0,0,0,1,0,Matches
81,Matty Cash,pl POL,DF,Aston Villa,27-198,1997,14.2,2.75,1.55,1.55,1.06,0.14,1.27,1.97,64.3,0.7,0.99,0.35,0.63,1.27,4.01,2.39,0.07,Matches
82,Timothy Castagne,be BEL,DF,Fulham,29-078,1995,11,2.45,1.36,1.36,1,0.09,1.27,2,63.6,0.73,0.82,0.18,0.64,1.09,3.55,4,0,Matches
83,Trevoh Chalobah,eng ENG,DF,Crystal Palace,25-231,1999,11.8,1.69,1.36,0.59,1.02,0.08,1.02,1.95,52.2,0.93,1.61,0.76,0.85,1.61,3.31,4.83,0.25,Matches
84,Trevoh Chalobah,eng ENG,DF,Chelsea,25-231,1999,3,1,0.33,0,1,0,0.67,0.67,100,0,0.33,0.33,0,2,3,4,0.33,Matches
85,Conor Chaplin,eng ENG,"MF,FW",Ipswich Town,28-005,1997,6.8,1.62,0.74,0.44,0.88,0.29,0.88,1.91,46.2,1.03,1.18,0.15,1.03,0.44,2.06,0.29,0,Matches
86,Federico Chiesa,it ITA,FW,Liverpool,27-119,1997,0.3,0,0,0,0,0,0,3.33,0,3.33,3.33,0,3.33,0,0,0,0,Matches
87,Ben Chilwell,eng ENG,DF,Crystal Palace,28-062,1996,0.3,3.33,3.33,3.33,0,0,0,0,,0,0,0,0,0,3.33,16.7,0,Matches
88,Chiquinho,pt POR,MF,Wolves,25-016,2000,0.1,0,0,0,0,0,0,0,,0,0,0,0,0,0,0,0,Matches
89,Hamza Choudhury,eng ENG,"MF,DF",Leicester City,27-143,1997,1.5,0.67,0.67,0.67,0,0,0.67,2,33.3,1.33,2.67,1.33,1.33,3.33,4,1.33,0,Matches
90,Ryan Christie,sct SCO,MF,Bournemouth,29-365,1995,20.4,2.25,1.42,0.83,1.08,0.34,1.23,2.75,44.6,1.52,1.86,0.54,1.32,1.23,3.48,2.3,0.15,Matches
91,Harry Clarke,eng ENG,DF,Ipswich Town,23-356,2001,4.2,1.19,0.71,0.71,0.48,0,0.71,1.43,50,0.71,1.19,0.95,0.24,0.95,2.14,3.33,0.71,Matches
92,Jack Clarke,eng ENG,"FW,MF",Ipswich Town,24-090,2000,7.1,2.96,1.69,1.41,1.13,0.42,1.69,3.38,50,1.69,0.56,0,0.56,0.7,3.66,1.41,0.14,Matches
93,Nathaniel Clyne,eng ENG,"DF,MF",Crystal Palace,33-322,1991,4.4,2.5,1.59,1.59,0.68,0.23,1.14,1.59,71.4,0.45,0.91,0.45,0.45,0.68,3.18,2.73,0.23,Matches
94,Conor Coady,eng ENG,DF,Leicester City,31-362,1993,8,0.88,0.5,0.38,0.5,0,0.25,0.38,66.7,0.13,1.88,1.38,0.5,0.88,1.75,3.88,0.13,Matches
95,Seamus Coleman,ie IRL,DF,Everton,36-133,1988,2.2,0.91,0.45,0.45,0.45,0,0.91,1.36,66.7,0.45,2.27,1.36,0.91,0.45,1.36,3.18,0,Matches
96,Nathan Collins,ie IRL,DF,Brentford,23-297,2001,25,1.16,0.68,0.72,0.32,0.12,0.76,1,76,0.24,1.96,1.44,0.52,0.84,2,5.64,0.08,Matches
97,Toby Collyer,eng ENG,MF,Manchester Utd,21-049,2004,1.4,5,4.29,2.86,2.14,0,2.14,2.86,75,0.71,0.71,0.71,0,0,5,1.43,0,Matches
98,Levi Colwill,eng ENG,DF,Chelsea,21-361,2003,23,1.26,0.83,0.7,0.48,0.09,0.48,0.74,64.7,0.26,1.13,0.83,0.3,1.04,2.3,3.13,0.13,Matches
99,Lewis Cook,eng ENG,"MF,DF",Bournemouth,28-018,1997,22.6,2.48,1.37,1.19,1.19,0.09,0.97,2.08,46.8,1.11,0.93,0.31,0.62,1.28,3.76,1.95,0,Matches
100,Maxwel Cornet,ci CIV,FW,Southampton,28-147,1996,0.8,6.25,6.25,1.25,5,0,0,5,0,5,0,0,0,0,6.25,2.5,0,Matches
101,Vladimir Coufal,cz CZE,DF,West Ham,32-183,1992,8.2,1.71,1.1,1.1,0.49,0.12,0.73,1.83,40,1.1,1.34,1.22,0.12,0.73,2.44,3.54,0.12,Matches
102,Woyo Coulibaly,fr FRA,DF,Leicester City,25-277,1999,0.7,7.14,4.29,5.71,1.43,0,2.86,2.86,100,0,1.43,0,1.43,5.71,12.9,1.43,0,Matches
103,Aaron Cresswell,eng ENG,DF,West Ham,35-068,1989,3.3,0.91,0,0.3,0.61,0,0.91,0.91,100,0,1.21,0.3,0.91,0.61,1.52,3.33,0,Matches
104,Marc Cucurella,es ESP,DF,Chelsea,26-214,1998,21,1.81,1.14,1.1,0.62,0.1,0.81,1.67,48.6,0.86,1.48,0.38,1.1,0.81,2.62,2.29,0.14,Matches
105,Jorge Cuenca,es ESP,DF,Fulham,25-096,1999,1,1,1,1,0,0,1,4,25,3,0,0,0,1,2,13,0,Matches
106,Matheus Cunha,br BRA,"MF,FW",Wolves,25-270,1999,21.8,1.38,0.78,0.73,0.55,0.09,0.46,1.42,32.3,0.96,0.78,0.05,0.73,0.73,2.11,1.01,0,Matches
107,Patson Daka,zm ZAM,"FW,MF",Leicester City,26-135,1998,3.5,2.29,1.14,0.29,1.14,0.86,1.43,2.57,55.6,1.14,1.14,0.29,0.86,0,2.29,1.71,0,Matches
108,Diogo Dalot,pt POR,DF,Manchester Utd,25-340,1999,23.6,2.25,1.36,1.31,0.72,0.21,1.02,1.61,63.2,0.59,0.81,0.38,0.42,1.27,3.52,2.25,0,Matches
109,Mikkel Damsgaard,dk DEN,"MF,FW",Brentford,24-233,2000,20.9,2.73,1.58,1,0.86,0.86,0.96,2.58,37,1.63,1.24,0.1,1.15,0.96,3.68,1.24,0.05,Matches
110,Danilo,br BRA,MF,Nott'ham Forest,23-298,2001,1.6,1.25,0.63,0.63,0.63,0,0.63,1.88,33.3,1.25,0.63,0.63,0,0.63,1.88,1.25,0,Matches
111,Jayden Danns,eng ENG,MF,Liverpool,19-036,2006,0.1,0,0,0,0,0,0,10,0,10,0,0,0,0,0,0,0,Matches
112,Kevin Danso,at AUT,DF,Tottenham,26-155,1998,0.9,1.11,0,1.11,0,0,0,0,,0,0,0,0,1.11,2.22,6.67,0,Matches
113,Ben Davies,wls WAL,DF,Tottenham,31-303,1993,7,0.71,0.57,0.14,0.57,0,0.43,1.14,37.5,0.71,2,1.29,0.71,1,1.71,5.86,0,Matches
114,Leif Davis,eng ENG,DF,Ipswich Town,25-040,2000,23.5,1.62,0.94,1.32,0.17,0.13,1.11,1.83,60.5,0.72,0.89,0.26,0.64,0.77,2.38,2.6,0.04,Matches
115,Craig Dawson,eng ENG,DF,Wolves,34-291,1990,10.8,1.39,0.28,0.74,0.56,0.09,1.11,1.39,80,0.28,1.48,1.02,0.46,0.83,2.22,4.81,0.09,Matches
116,Kevin De Bruyne,be BEL,MF,Manchester City,33-238,1991,11.2,0.8,0.36,0.36,0.18,0.27,0.27,1.25,21.4,0.98,0.54,0,0.54,0.45,1.25,0.8,0.09,Matches
117,Liam Delap,eng ENG,FW,Ipswich Town,22-013,2003,20.5,0.44,0.29,0.15,0.1,0.2,0.05,0.59,8.3,0.54,0.29,0,0.29,0.1,0.54,0.88,0,Matches
118,Sepp van den Berg,nl NED,DF,Brentford,23-063,2001,19.5,1.44,0.87,0.87,0.36,0.21,0.62,1.08,57.1,0.46,2.05,1.38,0.67,0.72,2.15,4.67,0.1,Matches
119,Justin Devenny,nir NIR,MF,Crystal Palace,21-133,2003,3.5,2.86,2,1.71,0.86,0.29,2,3.43,58.3,1.43,0.86,0,0.86,0,2.86,2,0,Matches
120,Kiernan Dewsbury-Hall,eng ENG,MF,Chelsea,26-168,1998,1.8,1.11,1.11,0.56,0,0.56,0.56,1.67,33.3,1.11,0.56,0,0.56,0.56,1.67,2.22,0.56,Matches
121,Amad Diallo,ci CIV,"FW,MF",Manchester Utd,22-225,2002,17.7,1.86,1.47,0.34,1.07,0.45,0.85,1.47,57.7,0.62,0.56,0,0.56,0.62,2.49,0.9,0,Matches
122,Ruben Dias,pt POR,DF,Manchester City,27-283,1997,13.1,0.69,0.38,0.23,0.38,0.08,0.23,0.46,50,0.23,0.84,0.76,0.08,1.07,1.76,2.52,0.08,Matches
123,Luis Diaz,co COL,FW,Liverpool,28-039,1997,17.7,1.02,0.56,0.34,0.56,0.11,0.45,1.13,40,0.68,0.79,0,0.79,0.17,1.19,0.4,0.06,Matches
124,Tyler Dibling,eng ENG,"FW,MF",Southampton,18-346,2006,14.1,1.56,0.99,0.43,0.92,0.21,0.64,1.06,60,0.43,0.99,0.21,0.78,0.35,1.91,0.57,0,Matches
125,Lucas Digne,fr FRA,DF,Aston Villa,31-216,1993,21,2.38,1.43,1.33,0.67,0.38,1.62,2.43,66.7,0.81,1,0.19,0.81,1.19,3.57,3.38,0.05,Matches
126,Issa Diop,fr FRA,DF,Fulham,28-043,1997,11.9,1.76,0.84,1.09,0.67,0,0.84,1.18,71.4,0.34,0.76,0.59,0.17,0.59,2.35,4.29,0.17,Matches
127,Axel Disasi,fr FRA,DF,Aston Villa,26-347,1998,2,0,0,0,0,0,0,0.5,0,0.5,0,0,0,1,1,4.5,0,Matches
128,Axel Disasi,fr FRA,DF,Chelsea,26-347,1998,4,1.75,1,1.25,0.25,0.25,1.5,2.75,54.5,1.25,1,0.25,0.75,0.5,2.25,2.75,0.25,Matches
129,Roman Dixon,eng ENG,DF,Everton,20-057,2004,1,5,5,3,2,0,4,4,100,0,1,0,1,1,6,3,0,Matches
130,Matt Doherty,ie IRL,DF,Wolves,33-036,1992,13.9,1.8,1.01,1.29,0.5,0,0.65,1.08,60,0.43,1.08,0.65,0.43,1.22,3.02,3.88,0.07,Matches
131,Jeremy Doku,be BEL,"FW,MF",Manchester City,22-270,2002,8.9,2.25,1.35,0.9,0.79,0.56,0.56,0.9,62.5,0.34,0.67,0.11,0.56,0.22,2.47,0.22,0,Matches
132,Nicolas Dominguez,ar ARG,"MF,FW",Nott'ham Forest,26-238,1998,12.5,3.36,1.68,1.68,1.12,0.56,1.52,2.96,51.4,1.44,2,0.56,1.44,1.68,5.04,2.24,0.08,Matches
133,Patrick Dorgu,dk DEN,DF,Manchester Utd,20-118,2004,1,4,4,1,3,0,4,4,100,0,2,0,2,0,4,1,0,Matches
134,Alfie Dorrington,eng ENG,DF,Tottenham,19-307,2005,0.2,0,0,0,0,0,0,0,,0,0,0,0,0,0,0,0,Matches
135,Abdoulaye Doucoure,ml MLI,MF,Everton,32-051,1993,19.7,1.68,0.96,0.76,0.66,0.25,0.36,1.12,31.8,0.76,1.12,0.25,0.86,0.36,2.03,0.76,0.05,Matches
136,Cheick Doucoure,ml MLI,MF,Crystal Palace,25-044,2000,5,3.2,1.6,1.2,1.6,0.4,1,2.2,45.5,1.2,0.8,0,0.8,2.2,5.4,2,0.2,Matches
137,Flynn Downes,eng ENG,MF,Southampton,26-032,1999,15.9,2.14,1.19,1.07,0.88,0.19,0.69,1.7,40.7,1.01,1.19,0.25,0.94,1.38,3.52,2.01,0.19,Matches
138,Tommy Doyle,eng ENG,MF,Wolves,23-127,2001,5.2,2.12,1.15,1.15,0.58,0.38,1.15,2.69,42.9,1.54,1.92,0.77,1.15,0.96,3.08,1.73,0.19,Matches
139,Radu Dragusin,ro ROU,DF,Tottenham,23-018,2002,13.9,0.72,0.43,0.58,0.14,0,0.43,0.86,50,0.43,1.58,1.15,0.43,1.08,1.8,3.53,0.29,Matches
140,Martin Dúbravka,sk SVK,GK,Newcastle Utd,36-037,1989,10,0,0,0,0,0,0,0,,0,0,0,0,0,0,0.3,0,Matches
141,Lewis Dunk,eng ENG,DF,Brighton,33-092,1991,17.4,0.86,0.46,0.4,0.34,0.11,0.52,0.8,64.3,0.29,1.15,0.8,0.34,0.57,1.44,3.28,0,Matches
142,Jader Duran,co COL,FW,Aston Villa,21-070,2003,7.1,1.13,0.99,0.14,0.28,0.7,0.14,0.56,25,0.42,0.7,0,0.7,0,1.13,1.83,0,Matches
143,Ederson,br BRA,GK,Manchester City,31-188,1993,16,0,0,0,0,0,0,0.13,0,0.13,0,0,0,0.06,0.06,0.31,0.06,Matches
144,George Edmundson,eng ENG,DF,Ipswich Town,27-174,1997,0,0,0,0,0,0,0,0,,0,0,0,0,0,0,0,0,Matches
145,Odsonne Edouard,fr FRA,"MF,FW",Crystal Palace,27-036,1998,1.3,0.77,0,0,0.77,0,0,1.54,0,1.54,0.77,0,0.77,0,0.77,0.77,0,Matches
146,Odsonne Edouard,fr FRA,FW,Leicester City,27-036,1998,0.3,3.33,3.33,3.33,0,0,0,0,,0,0,0,0,0,3.33,3.33,0,Matches
147,Samuel Edozie,eng ENG,"DF,FW",Southampton,22-024,2003,0.7,4.29,1.43,0,1.43,2.86,2.86,2.86,100,0,0,0,0,0,4.29,0,0,Matches
148,Ronnie Edwards,eng ENG,DF,Southampton,21-330,2003,0.1,0,0,0,0,0,0,0,,0,10,10,0,0,0,0,0,Matches
149,Anthony Elanga,se SWE,"FW,MF",Nott'ham Forest,22-300,2002,17.2,0.7,0.47,0.29,0.29,0.12,0.17,0.52,33.3,0.35,0.35,0,0.35,0.29,0.99,1.28,0,Matches
150,Harvey Elliott,eng ENG,"MF,FW",Liverpool,21-323,2003,0.9,3.33,2.22,2.22,1.11,0,0,1.11,0,1.11,1.11,0,1.11,0,3.33,1.11,0,Matches
151,Yunus Emre Konak,tr TUR,"MF,FW",Brentford,19-042,2006,0.2,5,5,0,5,0,0,5,0,5,0,0,0,0,5,0,0,Matches
152,Julio Enciso,py PAR,"MF,FW",Ipswich Town,21-029,2004,1.3,1.54,0.77,0,0,1.54,0.77,0.77,100,0,0,0,0,0.77,2.31,0,0,Matches
153,Julio Enciso,py PAR,"MF,FW",Brighton,21-029,2004,3.3,0,0,0,0,0,0,0.61,0,0.61,0.61,0,0.61,0,0,0.3,0,Matches
154,Wataru Endo,jp JPN,MF,Liverpool,32-012,1993,1.2,4.17,2.5,1.67,2.5,0,3.33,4.17,80,0.83,1.67,0,1.67,1.67,5.83,1.67,0,Matches
155,Christian Eriksen,dk DEN,MF,Manchester Utd,33-007,1992,7.1,1.69,0.7,0.42,0.99,0.28,0.99,1.69,58.3,0.7,0.99,0.28,0.7,0.85,2.54,0.85,0,Matches
156,Romain Esse,eng ENG,MF,Crystal Palace,19-284,2005,0.1,10,10,10,0,0,10,10,100,0,0,0,0,0,10,0,0,Matches
157,Pervis Estupinan,ec ECU,DF,Brighton,27-031,1998,15.7,2.48,1.72,1.27,0.83,0.38,1.08,1.66,65.4,0.57,0.57,0.13,0.45,1.15,3.63,2.36,0,Matches
158,Evanilson,br BRA,FW,Bournemouth,25-138,1999,15.2,0.59,0.26,0.13,0.26,0.2,0.2,0.46,42.9,0.26,0.46,0.07,0.39,0,0.59,0.72,0,Matches
159,Jonny Evans,nir NIR,DF,Manchester Utd,37-049,1988,3.2,2.19,1.56,1.25,0.94,0,0.63,1.25,50,0.63,0.63,0.31,0.31,1.25,3.44,4.06,0,Matches
160,Eberechi Eze,eng ENG,"MF,FW",Crystal Palace,26-237,1998,18.4,1.58,0.92,0.6,0.65,0.33,0.82,1.63,50,0.82,1.2,0,1.2,0.38,1.96,0.33,0.05,Matches
161,Lukasz Fabianski,pl POL,GK,West Ham,39-309,1985,11.9,0,0,0,0,0,0,0.08,0,0.08,0,0,0,0,0,0.42,0.08,Matches
162,Wout Faes,be BEL,DF,Leicester City,26-324,1998,19.3,1.45,0.93,0.93,0.41,0.1,0.67,1.5,44.8,0.83,1.76,1.19,0.57,0.88,2.33,5.75,0.16,Matches
163,Abdul Fatawu Issahaku,gh GHA,FW,Leicester City,20-350,2004,6.4,3.28,2.34,2.03,0.31,0.94,1.72,2.97,57.9,1.25,1.09,0,1.09,0.63,3.91,1.88,0,Matches
164,Joao Felix,pt POR,"FW,MF",Chelsea,25-103,1999,4.1,1.95,0.73,0.49,1.22,0.24,1.22,2.2,55.6,0.98,0.49,0,0.49,0.73,2.68,0.49,0,Matches
165,Evan Ferguson,ie IRL,FW,West Ham,20-125,2004,0.5,2,0,0,0,2,0,0,,0,0,0,0,0,2,0,0,Matches
166,Evan Ferguson,ie IRL,FW,Brighton,20-125,2004,2.7,1.48,1.11,0,1.11,0.37,0.74,1.85,40,1.11,1.11,0.37,0.74,0,1.48,1.48,0,Matches
167,Bruno Fernandes,pt POR,MF,Manchester Utd,30-166,1994,22.4,2.32,1.34,0.54,1.29,0.49,0.85,2.32,36.5,1.47,0.98,0.09,0.89,0.85,3.17,1.16,0.09,Matches
168,Mateus Fernandes,pt POR,MF,Southampton,20-226,2004,20.3,2.96,1.63,1.53,0.89,0.54,0.99,2.22,44.4,1.23,1.43,0.15,1.28,0.64,3.6,1.13,0.2,Matches
169,Enzo Fernandez,ar ARG,MF,Chelsea,24-035,2001,19.8,2.53,1.21,0.56,1.21,0.76,1.26,3.08,41,1.82,1.21,0.15,1.06,0.51,3.03,0.76,0.15,Matches
170,Mark Flekken,nl NED,GK,Brentford,31-253,1993,23.4,0.09,0.09,0.09,0,0,0.04,0.26,16.7,0.21,0.04,0,0.04,0,0.09,0.9,0.13,Matches
171,Phil Foden,eng ENG,"MF,FW",Manchester City,24-269,2000,16,0.56,0.19,0.19,0.19,0.19,0.38,1,37.5,0.63,0.56,0.06,0.5,0.56,1.13,0.44,0.06,Matches
172,Wesley Fofana,fr FRA,DF,Chelsea,24-066,2000,11.3,1.15,1.06,0.53,0.62,0,0.53,1.24,42.9,0.71,1.24,0.8,0.44,1.06,2.21,4.34,0.18,Matches
173,Carlos Forbs,pt POR,"MF,FW",Wolves,20-339,2004,2.6,3.08,1.92,1.92,0.77,0.38,1.54,1.92,80,0.38,1.15,0,1.15,0.38,3.46,0.77,0.38,Matches
174,Fraser Forster,eng ENG,GK,Tottenham,36-341,1988,7,0,0,0,0,0,0,0.14,0,0.14,0,0,0,0,0,1,0.43,Matches
175,Ryan Fraser,sct SCO,"FW,DF",Southampton,30-363,1994,3.4,1.76,0.59,0.59,1.18,0,1.18,1.76,66.7,0.59,0.29,0.29,0,0.29,2.06,2.65,0,Matches
176,Niclas Fullkrug,de GER,FW,West Ham,32-012,1993,4.1,0.49,0.49,0,0.24,0.24,0.49,0.73,66.7,0.24,0,0,0,0,0.49,1.22,0,Matches
177,Cody Gakpo,nl NED,FW,Liverpool,25-290,1999,15.2,1.45,0.79,0.33,0.59,0.53,0.72,1.32,55,0.59,1.12,0.13,0.99,0.46,1.91,0.92,0.07,Matches
178,Idrissa Gana Gueye,sn SEN,MF,Everton,35-148,1989,21.4,3.93,2.29,1.87,1.59,0.47,1.68,2.85,59,1.17,1.4,0.23,1.17,1.36,5.28,0.79,0,Matches
179,Andres Garcia,es ESP,DF,Aston Villa,22-014,2003,2.2,2.73,1.82,2.27,0.45,0,1.36,2.27,60,0.91,0.45,0,0.45,0,2.73,2.73,0.91,Matches
180,Alejandro Garnacho,ar ARG,"FW,MF",Manchester Utd,20-235,2004,15.7,1.08,0.76,0.45,0.25,0.38,0.32,1.15,27.8,0.83,0.96,0,0.96,0.64,1.72,0.57,0.13,Matches
181,James Garner,eng ENG,"MF,DF",Everton,23-345,2001,5.8,2.76,1.55,1.72,0.86,0.17,1.72,2.93,58.8,1.21,1.03,0.52,0.52,1.03,3.79,2.76,0,Matches
182,Tyrique George,eng ENG,FW,Chelsea,19-017,2006,0.4,5,0,5,0,0,5,7.5,66.7,2.5,0,0,0,0,5,0,0,Matches
183,Morgan Gibbs-White,eng ENG,MF,Nott'ham Forest,25-025,2000,18.4,1.58,0.71,0.65,0.71,0.22,0.54,0.87,62.5,0.33,0.43,0.16,0.27,0.71,2.28,0.82,0,Matches
184,Billy Gilmour,sct SCO,MF,Brighton,23-255,2001,1.1,2.73,2.73,1.82,0.91,0,2.73,3.64,75,0.91,0.91,0,0.91,0,2.73,0.91,0,Matches
185,Ben Godfrey,eng ENG,DF,Ipswich Town,27-037,1998,0.7,0,0,0,0,0,0,0,,0,0,0,0,0,0,1.43,0,Matches
186,Martial Godo,eng ENG,FW,Fulham,21-344,2003,0.2,0,0,0,0,0,0,0,,0,5,0,5,5,5,0,0,Matches
187,Joao Gomes,br BRA,MF,Wolves,24-009,2001,21.5,3.4,1.86,1.72,1.53,0.14,1.3,3.44,37.8,2.14,1.4,0.09,1.3,0.88,4.28,1.21,0,Matches
188,Rodrigo Gomes,pt POR,"DF,FW",Wolves,21-229,2003,6.3,3.02,1.9,1.59,1.43,0,1.43,2.7,52.9,1.27,1.27,0.16,1.11,0.63,3.65,2.7,0.16,Matches
189,Toti Gomes,pt POR,DF,Wolves,26-036,1999,16,2.25,1.69,1.56,0.56,0.13,1.13,1.31,85.7,0.19,1,0.63,0.38,0.63,2.88,4.75,0.19,Matches
190,Diego Gómez,py PAR,MF,Brighton,21-331,2003,0.7,5.71,4.29,4.29,0,1.43,1.43,4.29,33.3,2.86,5.71,0,5.71,0,5.71,1.43,1.43,Matches
191,Joe Gomez,eng ENG,DF,Liverpool,27-274,1997,5.8,2.24,1.72,0.86,1.21,0.17,1.9,2.76,68.8,0.86,1.55,1.03,0.52,1.21,3.45,3.45,0.34,Matches
192,Nicolas Gonzalez,es ESP,MF,Manchester City,23-049,2002,1,3,0,1,2,0,1,1,100,0,2,0,2,1,4,0,0,Matches
193,Anthony Gordon,eng ENG,FW,Newcastle Utd,23-363,2001,21.4,1.17,0.7,0.37,0.65,0.14,0.42,1.36,31,0.93,1.12,0.09,1.03,0.28,1.45,0.42,0.09,Matches
194,Ryan Gravenberch,nl NED,MF,Liverpool,22-281,2002,24.7,1.9,0.97,0.65,0.89,0.36,0.97,1.66,58.5,0.69,1.05,0.24,0.81,1.86,3.77,1.66,0,Matches
195,Archie Gray,eng ENG,DF,Tottenham,18-346,2006,10.8,0.93,0.37,0.28,0.37,0.28,0.46,1.3,35.7,0.83,1.11,0.65,0.46,0.74,1.67,3.06,0.19,Matches
196,Jack Grealish,eng ENG,"FW,MF",Manchester City,29-164,1995,6.8,1.32,0.74,0.59,0.29,0.44,0.29,0.59,50,0.29,1.47,0.29,1.18,0.29,1.62,0.59,0.15,Matches
197,Jacob Greaves,eng ENG,DF,Ipswich Town,24-162,2000,15,1.53,0.73,0.6,0.87,0.07,0.73,1.13,64.7,0.4,1.27,0.93,0.33,1.07,2.6,5.8,0.13,Matches
198,Brajan Gruda,de GER,"FW,MF",Brighton,20-266,2004,4.1,2.2,0.98,0.49,1.22,0.49,1.46,2.68,54.5,1.22,1.71,0,1.71,0.49,2.68,0.73,0,Matches
199,Albert Gronbaek,dk DEN,MF,Southampton,23-274,2001,0.8,5,1.25,1.25,1.25,2.5,3.75,7.5,50,3.75,1.25,1.25,0,0,5,0,0,Matches
200,Gonçalo Guedes,pt POR,"MF,FW",Wolves,28-084,1996,8.2,1.71,0.49,0.24,0.61,0.85,0.37,1.71,21.4,1.34,1.1,0,1.1,0.61,2.32,0.37,0,Matches
201,Marc Guehi,eng ENG,DF,Crystal Palace,24-223,2000,24,1.67,0.92,1.13,0.46,0.08,0.92,1.33,68.8,0.42,1.83,0.79,1.04,0.63,2.29,4.79,0.04,Matches
202,Luis Guilherme,br BRA,"MF,FW",West Ham,19-012,2006,0.6,1.67,0,1.67,0,0,0,0,,0,10,0,10,3.33,5,1.67,0,Matches
203,Bruno Guimaraes,br BRA,MF,Newcastle Utd,27-097,1997,24,2.29,1.42,1.17,0.79,0.33,1.04,2.04,51,1,0.92,0.29,0.63,0.88,3.17,1.13,0.13,Matches
204,Marc Guiu,es ESP,FW,Chelsea,19-048,2006,0.8,1.25,1.25,0,1.25,0,1.25,1.25,100,0,0,0,0,0,1.25,0,0,Matches
205,Ilkay Gundogan,de GER,MF,Manchester City,34-120,1990,15.9,1.07,0.63,0.25,0.57,0.25,0.57,1.26,45,0.69,0.57,0,0.57,0.75,1.82,1.07,0,Matches
206,Malo Gusto,fr FRA,DF,Chelsea,21-278,2003,15.2,2.24,1.45,1.25,0.86,0.13,1.25,2.3,54.3,1.05,1.64,0.39,1.25,1.05,3.29,1.97,0.13,Matches
207,Josko Gvardiol,hr CRO,DF,Manchester City,23-029,2002,23.4,1.62,1.07,0.73,0.47,0.43,0.6,1.11,53.8,0.51,1.24,0.56,0.68,1.07,2.69,2.99,0.26,Matches
208,Erling Haaland,no NOR,FW,Manchester City,24-215,2000,24.6,0.28,0.16,0.08,0.08,0.12,0.04,0.2,20,0.16,0.37,0.04,0.33,0.16,0.45,0.85,0,Matches
209,Lewis Hall,eng ENG,DF,Newcastle Utd,20-166,2004,22.3,2.02,1.39,0.85,0.81,0.36,1.21,2.6,46.6,1.39,1.35,0.72,0.63,0.72,2.74,3.09,0.09,Matches
210,Ali Al Hamadi,iq IRQ,FW,Ipswich Town,22-357,2002,1.5,0.67,0,0,0,0.67,0,1.33,0,1.33,0,0,0,0,0.67,1.33,0,Matches
211,Marcus Harness,eng ENG,MF,Ipswich Town,28-363,1996,0.5,2,0,0,0,2,0,6,0,6,4,2,2,0,2,2,0,Matches
212,Jack Harrison,eng ENG,FW,Everton,28-093,1996,12.8,1.72,1.17,0.7,0.47,0.55,0.94,1.95,48,1.02,0.7,0,0.7,0.47,2.19,1.56,0.16,Matches
213,Taylor Harwood-Bellis,eng ENG,DF,Southampton,23-022,2002,21.1,1,0.66,0.47,0.38,0.14,0.66,1.09,60.9,0.43,2.32,1.42,0.9,1.18,2.18,4.31,0.28,Matches
214,Kai Havertz,de GER,"FW,MF",Arsenal,25-255,1999,20.4,0.78,0.44,0.15,0.29,0.34,0.2,0.74,26.7,0.54,1.08,0.2,0.88,0.29,1.08,1.52,0.05,Matches
215,Jan Paul van Hecke,nl NED,DF,Brighton,24-258,2000,21.9,1.42,0.91,0.78,0.59,0.05,0.68,1.37,50,0.68,1.23,0.68,0.55,0.87,2.28,3.74,0.09,Matches
216,Hwang Hee-chan,kr KOR,"MF,FW",Wolves,29-026,1996,6.9,0.87,0.58,0.29,0.14,0.43,0.29,0.87,33.3,0.58,1.3,0,1.3,0.29,1.16,1.59,0,Matches
217,Dean Henderson,eng ENG,GK,Crystal Palace,27-346,1997,25,0.08,0.04,0.08,0,0,0.08,0.16,50,0.08,0,0,0,0,0.08,0.64,0,Matches
218,Rico Henry,eng ENG,DF,Brentford,27-228,1997,0,0,0,0,0,0,0,1,0,1,0,0,0,1,1,0,0,Matches
219,Mads Hermansen,dk DEN,GK,Leicester City,24-225,2000,17.5,0.06,0.06,0.06,0,0,0.06,0.06,100,0,0.06,0,0.06,0,0.06,0.51,0.11,Matches
220,Son Heung-min,kr KOR,FW,Tottenham,32-228,1992,18.6,0.86,0.48,0.16,0.43,0.27,0.27,1.08,25,0.81,0.43,0,0.43,0.22,1.08,0.81,0.05,Matches
221,James Hill,eng ENG,"DF,MF",Bournemouth,23-042,2002,2,1.5,1,0.5,0.5,0.5,0,1.5,0,1.5,0.5,0,0.5,2,3.5,4.5,0,Matches
222,Jack Hinshelwood,eng ENG,"MF,DF",Brighton,19-316,2005,10.8,1.39,1.02,0.46,0.65,0.28,0.56,1.11,50,0.56,0.46,0.19,0.28,0.65,2.04,1.57,0.09,Matches
223,George Hirst,eng ENG,FW,Ipswich Town,26-006,1999,2.6,0.38,0.38,0.38,0,0,0,0.38,0,0.38,0,0,0,0.38,0.77,1.92,0,Matches
224,Mason Holgate,eng ENG,"FW,DF",Everton,28-122,1996,0.1,0,0,0,0,0,0,0,,0,0,0,0,0,0,0,0,Matches
225,Callum Hudson-Odoi,eng ENG,"FW,MF",Nott'ham Forest,24-106,2000,17.2,0.87,0.58,0.29,0.35,0.23,0.41,0.7,58.3,0.29,0.35,0,0.35,0.7,1.57,0.29,0.06,Matches
226,Will Hughes,eng ENG,MF,Crystal Palace,29-310,1995,16.6,3.19,1.81,0.96,1.57,0.66,1.27,3.01,42,1.75,1.45,0.6,0.84,0.78,3.98,0.84,0.06,Matches
227,Dean Huijsen,es ESP,DF,Bournemouth,19-313,2005,14.8,1.55,1.22,0.68,0.81,0.07,0.68,1.08,62.5,0.41,1.76,1.35,0.41,2.09,3.65,6.01,0.14,Matches
228,Omari Hutchinson,eng ENG,"MF,FW",Ipswich Town,21-114,2003,21.7,1.24,0.46,0.55,0.41,0.28,0.55,1.94,28.6,1.38,0.97,0.05,0.92,0.41,1.66,0.6,0.05,Matches
229,Rasmus Hojlund,dk DEN,FW,Manchester Utd,22-017,2003,13.3,0.23,0.08,0,0.15,0.08,0,0.23,0,0.23,0.23,0,0.23,0.08,0.3,0.23,0,Matches
230,Igor,br BRA,DF,Brighton,27-014,1998,10,0.4,0.4,0.2,0.1,0.1,0.4,1,40,0.6,2.3,1.4,0.9,0.4,0.8,3.9,0.1,Matches
231,Danny Ings,eng ENG,"FW,MF",West Ham,32-213,1992,3.1,1.29,0.65,0.65,0.65,0,0.32,0.97,33.3,0.65,1.61,0,1.61,0.32,1.61,1.29,0,Matches
232,Tim Iroegbunam,eng ENG,MF,Everton,21-236,2003,4.6,4.57,2.39,2.17,1.3,1.09,2.17,3.48,62.5,1.3,1.74,0.43,1.3,1.96,6.52,1.52,0.22,Matches
233,Andy Irving,sct SCO,MF,West Ham,24-284,2000,1.8,3.89,2.22,1.67,1.67,0.56,0.56,2.78,20,2.22,2.78,0.56,2.22,0.56,4.44,2.78,0,Matches
234,Alexander Isak,se SWE,FW,Newcastle Utd,25-153,1999,21,0.48,0.14,0.05,0.14,0.29,0.24,0.52,45.5,0.29,0.67,0.05,0.62,0.1,0.57,0.57,0.05,Matches
235,Alex Iwobi,ng NGA,"FW,MF",Fulham,28-294,1996,23.4,1.24,0.73,0.47,0.6,0.17,0.47,0.9,52.4,0.43,0.64,0.04,0.6,0.34,1.58,1.03,0,Matches
236,Nicolas Jackson,sn SEN,FW,Chelsea,23-246,2001,19.3,0.88,0.52,0.21,0.26,0.41,0.1,0.36,28.6,0.26,0.62,0.1,0.52,0.1,0.98,0.78,0,Matches
237,Reece James,eng ENG,DF,Chelsea,25-075,1999,5.7,1.23,1.23,0.7,0.53,0,0.53,1.4,37.5,0.88,1.58,0.7,0.88,1.05,2.28,1.75,0.18,Matches
238,Vitaly Janelt,de GER,MF,Brentford,26-287,1998,19.9,1.51,0.9,0.6,0.55,0.35,0.9,1.51,60,0.6,1.26,0.35,0.9,0.95,2.46,2.21,0.05,Matches
239,Vitezslav Jaros,cz CZE,GK,Liverpool,23-213,2001,0.1,0,0,0,0,0,0,0,,0,0,0,0,0,0,0,0,Matches
240,Daniel Jebbison,eng ENG,"FW,MF",Bournemouth,21-192,2003,0.7,1.43,0,1.43,0,0,1.43,2.86,50,1.43,1.43,1.43,0,1.43,2.86,1.43,0,Matches
241,Mathias Jensen,dk DEN,MF,Brentford,29-051,1996,8,1.13,1,0.75,0.25,0.13,0.5,1.25,40,0.75,1.25,0.25,1,0.75,1.88,1.13,0.13,Matches
242,Gabriel Jesus,br BRA,FW,Arsenal,27-324,1997,6.8,1.47,0.88,0.59,0.44,0.44,0.59,1.32,44.4,0.74,1.47,0.15,1.32,0.59,2.06,1.18,0,Matches
243,Raul Jimenez,mx MEX,FW,Fulham,33-292,1991,17.7,1.07,0.62,0.17,0.62,0.28,0.17,0.68,25,0.51,0.79,0.23,0.56,0.51,1.58,0.62,0.17,Matches
244,Kim Jisoo,kr KOR,DF,Brentford,20-059,2004,0.3,0,0,0,0,0,0,0,,0,0,0,0,0,0,6.67,0,Matches
245,Joao Pedro,br BRA,"FW,MF",Brighton,23-148,2001,15.1,0.66,0.4,0.2,0.33,0.13,0.13,0.53,25,0.4,0.46,0,0.46,0.4,1.06,0.53,0,Matches
246,Joelinton,br BRA,"MF,FW",Newcastle Utd,28-191,1996,21.3,2.21,1.27,0.85,0.99,0.38,0.89,1.69,52.8,0.8,1.5,0.28,1.22,0.94,3.15,1.88,0.05,Matches
247,Ben Johnson,eng ENG,"DF,FW",Ipswich Town,25-028,2000,10.2,2.84,1.76,1.76,0.78,0.29,1.57,3.33,47.1,1.76,1.18,0.39,0.78,1.08,3.92,3.04,0,Matches
248,Brennan Johnson,wls WAL,FW,Tottenham,23-274,2001,16.9,1.89,1.18,0.3,1.12,0.47,0.71,1.48,48,0.77,0.95,0.12,0.83,0.24,2.13,0.59,0,Matches
249,Sam Johnstone,eng ENG,GK,Wolves,31-333,1993,7,0,0,0,0,0,0,0.14,0,0.14,0,0,0,0,0,1,0,Matches
250,Curtis Jones,eng ENG,MF,Liverpool,24-022,2001,11.6,2.07,1.03,0.26,1.47,0.34,0.78,1.38,56.3,0.6,0.95,0.43,0.52,0.34,2.41,0.52,0.09,Matches
251,Jorginho,it ITA,MF,Arsenal,33-063,1991,5.3,1.89,0.57,0.19,1.32,0.38,1.13,2.83,40,1.7,0,0,0,0.94,2.83,0.38,0.38,Matches
252,Diogo Jota,pt POR,FW,Liverpool,28-079,1996,8.4,0.83,0.48,0,0.6,0.24,0.48,1.67,28.6,1.19,0.48,0,0.48,0.48,1.31,0.6,0,Matches
253,James Justin,eng ENG,DF,Leicester City,26-364,1998,22.4,1.79,1.12,0.98,0.63,0.18,0.98,1.83,53.7,0.85,1.38,0.36,1.03,1.47,3.26,4.42,0.09,Matches
254,Filip Jorgensen,dk DEN,GK,Chelsea,22-311,2002,4,0,0,0,0,0,0,0,,0,0,0,0,0,0,0,0.5,Matches
255,Ferdi Kadioglu,tr TUR,"DF,MF",Brighton,25-137,1999,4.3,2.33,1.4,0.93,1.16,0.23,1.4,3.49,40,2.09,0.47,0.47,0,1.86,4.19,3.95,0,Matches
256,Daichi Kamada,jp JPN,MF,Crystal Palace,28-200,1996,10.4,2.98,1.44,0.96,1.73,0.29,0.77,2.5,30.8,1.73,1.25,0.29,0.96,1.25,4.23,0.77,0,Matches
257,Boubacar Kamara,fr FRA,"MF,DF",Aston Villa,25-090,1999,11.7,3.42,1.28,1.97,1.11,0.34,2.14,3.68,58.1,1.54,1.03,0.43,0.6,1.11,4.53,2.74,0.26,Matches
258,Michael Kayode,it ITA,DF,Brentford,20-226,2004,0.2,0,0,0,0,0,0,0,,0,0,0,0,0,0,0,0,Matches
259,Michael Keane,eng ENG,DF,Everton,32-041,1993,9,1.11,0.78,0.78,0.22,0.11,0.78,1.11,70,0.33,1,0.67,0.33,1.11,2.22,5.56,0,Matches
260,Caoimhin Kelleher,ie IRL,GK,Liverpool,26-090,1998,8,0,0,0,0,0,0,0,,0,0,0,0,0,0,0,0.25,Matches
261,Lloyd Kelly,eng ENG,DF,Newcastle Utd,26-138,1998,3.4,1.47,1.18,1.18,0.29,0,0.29,0.29,100,0,1.76,1.18,0.59,0.29,1.76,5,0,Matches
262,Milos Kerkez,hu HUN,DF,Bournemouth,21-106,2003,24.2,1.36,0.74,0.66,0.58,0.12,0.66,1.16,57.1,0.5,0.95,0.33,0.62,1.24,2.6,2.98,0.04,Matches
263,Bilal El Khannouss,ma MAR,MF,Leicester City,20-287,2004,13.2,2.42,1.29,0.68,1.36,0.38,0.61,0.98,61.5,0.38,1.06,0.23,0.83,0.3,2.73,0.3,0.08,Matches
264,Abdukodir Khusanov,uz UZB,DF,Manchester City,20-358,2004,1.6,0.63,0.63,0,0.63,0,0,0,,0,0.63,0.63,0,0,0.63,3.75,0.63,Matches
265,Max Kilman,eng ENG,DF,West Ham,27-274,1997,24.2,0.91,0.45,0.37,0.41,0.12,0.62,0.79,78.9,0.17,1.69,1.16,0.54,1.16,2.07,5.29,0.17,Matches
266,Joshua King,eng ENG,"MF,FW",Fulham,18-049,2007,0.9,5.56,3.33,2.22,3.33,0,0,2.22,0,2.22,2.22,0,2.22,1.11,6.67,1.11,0,Matches
267,Antonin Kinsky,cz CZE,GK,Tottenham,21-345,2003,4,0.75,0.25,0.75,0,0,0.25,0.25,100,0,0,0,0,0,0.75,1.25,0.25,Matches
268,Jakub Kiwior,pl POL,DF,Arsenal,25-006,2000,3.6,1.11,0.56,0.83,0.28,0,0.83,1.39,60,0.56,1.39,0.56,0.83,0.28,1.39,4.44,0.28,Matches
269,Justin Kluivert,nl NED,"MF,FW",Bournemouth,25-292,1999,17.8,1.01,0.45,0.22,0.51,0.28,0.22,0.79,28.6,0.56,1.01,0,1.01,0.62,1.63,1.12,0.06,Matches
270,Ibrahima Konaté,fr FRA,DF,Liverpool,25-272,1999,18,1.56,1.11,1.17,0.33,0.06,1.06,1.44,73.1,0.39,1.11,0.61,0.5,0.5,2.06,4.89,0.06,Matches
271,Ezri Konsa,eng ENG,DF,Aston Villa,27-121,1997,21.1,1.33,0.76,0.81,0.33,0.19,0.76,0.95,80,0.19,0.57,0.28,0.28,0.76,2.09,3.36,0.09,Matches
272,Mateo Kovacic,hr CRO,MF,Manchester City,30-291,1994,17.2,2.67,1.57,0.76,1.51,0.41,1.28,2.79,45.8,1.51,0.87,0,0.87,0.87,3.55,0.93,0,Matches
273,Caleb Kporha,eng ENG,DF,Crystal Palace,18-221,2006,0.1,20,10,20,0,0,20,20,100,0,0,0,0,0,20,10,0,Matches
274,Emil Krafth,se SWE,DF,Newcastle Utd,30-203,1994,2.7,0.74,0.37,0,0.37,0.37,0.37,0.74,50,0.37,1.85,1.48,0.37,0.74,1.48,3.7,0,Matches
275,Mohammed Kudus,gh GHA,"MF,FW",West Ham,24-203,2000,18.4,1.58,1.03,0.33,0.76,0.49,0.43,1.25,34.8,0.82,1.14,0.05,1.09,0.16,1.74,0.22,0.05,Matches
276,Dejan Kulusevski,se SWE,"MF,FW",Tottenham,24-302,2000,22.7,1.54,0.84,0.48,0.44,0.62,0.62,1.81,34.1,1.19,1.06,0.13,0.93,0.44,1.98,0.35,0.04,Matches
277,Maxence Lacroix,fr FRA,DF,Crystal Palace,24-321,2000,21.9,2.05,1.23,1.51,0.5,0.05,1.1,1.64,66.7,0.55,1.28,0.41,0.87,1.92,3.97,5.8,0.05,Matches
278,Adam Lallana,eng ENG,MF,Southampton,36-287,1988,3.8,1.84,1.32,1.05,0.79,0,0.53,2.89,18.2,2.37,1.05,0.26,0.79,1.05,2.89,1.32,0,Matches
279,Tariq Lamptey,gh GHA,DF,Brighton,24-144,2000,6.8,1.47,1.03,0.88,0.59,0,0.74,2.65,27.8,1.91,1.47,0.44,1.03,0.59,2.06,2.79,0.15,Matches
280,Will Lankshear,eng ENG,"FW,MF",Tottenham,19-307,2005,0.1,0,0,0,0,0,0,0,,0,0,0,0,0,0,0,0,Matches
281,Romeo Lavia,be BEL,MF,Chelsea,21-046,2004,5.9,2.88,1.69,0.85,1.53,0.51,1.19,2.37,50,1.19,1.02,0,1.02,1.86,4.75,0.85,0,Matches
282,Mario Lemina,ga GAB,"MF,DF",Wolves,31-173,1993,15.2,3.36,2.04,1.78,1.25,0.33,1.32,1.91,69,0.59,0.79,0.46,0.33,1.78,5.13,3.29,0.2,Matches
283,Bernd Leno,de GER,GK,Fulham,32-354,1992,25,0.08,0.08,0.08,0,0,0.08,0.08,100,0,0.04,0,0.04,0,0.08,0.24,0.16,Matches
284,Jefferson Lerma,co COL,MF,Crystal Palace,30-119,1994,14.9,1.21,0.4,0.47,0.6,0.13,0.54,1.14,47.1,0.6,1.61,0.87,0.74,1.61,2.82,2.28,0.07,Matches
285,Rico Lewis,eng ENG,"DF,MF",Manchester City,20-092,2004,16.6,1.51,0.9,0.66,0.6,0.24,0.6,0.9,66.7,0.3,1.39,0.24,1.14,0.66,2.17,2.11,0.06,Matches
286,Keane Lewis-Potter,eng ENG,"DF,FW",Brentford,23-365,2001,22.3,1.57,0.94,0.85,0.54,0.18,0.99,1.43,68.8,0.45,0.81,0.31,0.49,0.45,2.02,2.06,0.04,Matches
287,Myles Lewis-Skelly,eng ENG,DF,Arsenal,18-148,2006,7,2.71,1.86,1.43,1.29,0,1.14,1.14,100,0,0,0,0,0.71,3.43,1.43,0,Matches
288,Matthijs de Ligt,nl NED,DF,Manchester Utd,25-193,1999,18.2,1.1,0.77,0.6,0.44,0.05,0.82,1.26,65.2,0.44,1.26,0.99,0.27,1.54,2.64,3.3,0,Matches
289,Pedro Lima,br BRA,DF,Wolves,18-235,2006,0.7,1.43,0,0,0,1.43,1.43,2.86,50,1.43,0,0,0,1.43,2.86,5.71,0,Matches
290,Victor Lindelof,se SWE,"DF,MF",Manchester Utd,30-219,1994,0.7,4.29,0,4.29,0,0,1.43,1.43,100,0,1.43,0,1.43,2.86,7.14,5.71,0,Matches
291,Jesper Lindstrom,dk DEN,FW,Everton,24-358,2000,11.4,3.25,1.75,1.75,1.32,0.18,1.4,4.21,33.3,2.81,1.14,0.26,0.88,0.96,4.21,1.4,0,Matches
292,Valentino Livramento,eng ENG,DF,Newcastle Utd,22-101,2002,18.8,1.76,1.22,1.17,0.48,0.11,1.06,1.76,60.6,0.69,1.12,0.43,0.69,1.01,2.77,3.56,0.05,Matches
293,Sean Longstaff,eng ENG,MF,Newcastle Utd,27-114,1997,8.2,3.29,1.95,1.22,1.1,0.98,2.2,3.17,69.2,0.98,1.71,0.37,1.34,0.73,4.02,0.49,0,Matches
294,Sasa Lukic,rs SRB,MF,Fulham,28-192,1996,17.6,2.73,1.36,0.8,1.76,0.17,0.8,2.22,35.9,1.42,0.91,0.34,0.57,1.14,3.86,1.25,0,Matches
295,Joe Lumley,eng ENG,GK,Southampton,30-006,1995,3,0,0,0,0,0,0,0,,0,0,0,0,0,0,1,1,Matches
296,Massimo Luongo,au AUS,MF,Ipswich Town,32-149,1992,2,4,2.5,3,0.5,0.5,2,3.5,57.1,1.5,2,1,1,1,5,1,0,Matches
297,Ian Maatsen,nl NED,DF,Aston Villa,22-348,2002,5.7,2.11,1.23,1.05,0.88,0.18,0.88,1.93,45.5,1.05,0.88,0,0.88,1.23,3.33,2.98,0.18,Matches
298,Alexis Mac Allister,ar ARG,MF,Liverpool,26-059,1998,21,3.43,2.19,0.9,2.1,0.43,2,3.67,54.5,1.67,2.43,0.19,2.24,0.81,4.24,0.9,0.05,Matches
299,James Maddison,eng ENG,MF,Tottenham,28-090,1996,15.1,1.46,0.86,0.33,0.73,0.4,0.53,1.59,33.3,1.06,0.79,0.2,0.6,0.73,2.19,1.06,0,Matches
300,Noni Madueke,eng ENG,FW,Chelsea,22-348,2002,16.1,0.99,0.68,0.43,0.5,0.06,0.68,1.8,37.9,1.12,0.68,0,0.68,0.43,1.43,0.56,0,Matches
301,Gabriel Magalhaes,br BRA,DF,Arsenal,27-064,1997,22.1,1,0.63,0.45,0.32,0.23,0.5,0.68,73.3,0.18,1.67,1.18,0.5,0.54,1.54,3.44,0.09,Matches
302,Edmond-Paris Maghoma,eng ENG,MF,Brentford,23-289,2001,0.9,2.22,1.11,0,2.22,0,1.11,3.33,33.3,2.22,1.11,1.11,0,1.11,3.33,1.11,0,Matches
303,Harry Maguire,eng ENG,DF,Manchester Utd,31-353,1993,13.1,1.53,0.69,1.15,0.31,0.08,0.76,0.99,76.9,0.23,0.76,0.61,0.15,2.37,3.89,3.82,0.08,Matches
304,Kobbie Mainoo,eng ENG,MF,Manchester Utd,19-308,2005,14.3,2.59,1.68,1.05,0.77,0.77,1.4,2.31,60.6,0.91,1.05,0.14,0.91,1.19,3.78,0.42,0.07,Matches
305,Tyrell Malacia,nl NED,DF,Manchester Utd,25-188,1999,1.1,1.82,0.91,1.82,0,0,0.91,1.82,50,0.91,0,0,0,0.91,2.73,0.91,0.91,Matches
306,Donyell Malen,nl NED,FW,Aston Villa,26-043,1999,1.7,2.35,1.18,1.18,0.59,0.59,0,0,,0,0,0,0,0,2.35,0,0,Matches
307,Orel Mangala,be BEL,MF,Everton,26-340,1998,14,1.14,0.57,0.21,0.79,0.14,0.36,0.57,62.5,0.21,0.57,0.21,0.36,1.5,2.64,1.71,0.07,Matches
308,Ryan Manning,ie IRL,DF,Southampton,28-252,1996,8.5,2.35,1.65,1.29,0.82,0.24,1.18,2,58.8,0.82,1.53,0.94,0.59,0.94,3.29,2,0,Matches
309,Solly March,eng ENG,"MF,DF",Brighton,30-216,1994,0.3,13.3,6.67,6.67,3.33,3.33,10,10,100,0,3.33,0,3.33,3.33,16.7,0,0,Matches
310,Omar Marmoush,eg EGY,"FW,MF",Manchester City,26-014,1999,2.4,1.25,0.83,0.83,0,0.42,1.25,2.08,60,0.83,1.67,0,1.67,0.83,2.08,0.42,0,Matches
311,Gabriel Martinelli,br BRA,"FW,MF",Arsenal,23-248,2001,16.2,0.99,0.8,0.37,0.25,0.37,0.37,1.23,30,0.86,0.49,0,0.49,0.12,1.11,0.8,0,Matches
312,Emiliano Martinez,ar ARG,GK,Aston Villa,32-172,1992,25.5,0.08,0.08,0.08,0,0,0.04,0.04,100,0,0.04,0,0.04,0,0.08,0.51,0.24,Matches
313,Lisandro Martinez,ar ARG,DF,Manchester Utd,27-034,1998,19.5,2.05,1.23,1.28,0.62,0.15,1.08,1.85,58.3,0.77,1.13,0.41,0.72,1.64,3.69,2.92,0.05,Matches
314,Pape Matar Sarr,sn SEN,MF,Tottenham,22-160,2002,14.2,2.39,1.69,1.06,1.2,0.14,0.49,1.2,41.2,0.7,1.34,0.42,0.92,1.34,3.73,1.2,0.07,Matches
315,Jean-Philippe Mateta,fr FRA,FW,Crystal Palace,27-238,1997,21.7,0.51,0.32,0.14,0.28,0.09,0.09,0.55,16.7,0.46,0.6,0.14,0.46,0.09,0.6,0.78,0,Matches
316,Stephy Mavididi,eng ENG,FW,Leicester City,26-266,1998,14.5,1.86,1.03,0.97,0.62,0.28,0.69,2.14,32.3,1.45,1.45,0.14,1.31,0.69,2.55,0.76,0,Matches
317,Konstantinos Mavropanos,gr GRE,DF,West Ham,27-072,1997,16.6,1.69,1.27,1.14,0.48,0.06,0.72,1.39,52.2,0.66,1.14,0.84,0.3,1.93,3.61,5.06,0.06,Matches
318,Noussair Mazraoui,ma MAR,DF,Manchester Utd,27-099,1997,21.4,3.5,2.06,1.68,1.26,0.56,1.82,3.08,59.1,1.26,1.07,0.28,0.79,1.17,4.67,2.66,0,Matches
319,Bryan Mbeumo,cm CMR,FW,Brentford,25-198,1999,24.9,1.24,0.68,0.48,0.4,0.36,0.44,0.72,61.1,0.28,0.72,0.12,0.6,0.44,1.69,1.53,0,Matches
320,James Mcatee,eng ENG,"MF,FW",Manchester City,22-126,2002,1.2,2.5,1.67,0,2.5,0,0,1.67,0,1.67,3.33,0,3.33,0.83,3.33,0,0,Matches
321,Kasey McAteer,ie IRL,"FW,MF",Leicester City,23-091,2001,4.3,2.56,1.86,1.4,0.93,0.23,1.4,3.26,42.9,1.86,1.86,0.23,1.63,0.47,3.02,2.33,0,Matches
322,Alex McCarthy,eng ENG,GK,Southampton,35-080,1989,5,0,0,0,0,0,0,0,,0,0,0,0,0,0,0.2,0.8,Matches
323,John McGinn,sct SCO,"MF,FW",Aston Villa,30-126,1994,17.1,1.23,0.82,0.41,0.58,0.23,0.47,1.05,44.4,0.58,0.58,0,0.58,0.47,1.7,0.35,0.12,Matches
324,Dwight McNeil,eng ENG,"MF,FW",Everton,25-091,1999,12.7,0.79,0.47,0.39,0.24,0.16,0.55,1.26,43.8,0.71,0.55,0,0.55,0.39,1.18,0.08,0.08,Matches
325,Scott McTominay,sct SCO,MF,Manchester Utd,28-075,1996,0.2,0,0,0,0,0,0,5,0,5,0,0,0,0,0,5,0,Matches
326,Ben Mee,eng ENG,DF,Brentford,35-153,1989,2,1,1,0,1,0,0.5,0.5,100,0,1.5,1.5,0,2,3,3.5,0,Matches
327,Jayden Meghoma,eng ENG,DF,Brentford,18-238,2006,0.1,0,0,0,0,0,0,0,,0,0,0,0,0,0,0,0,Matches
328,Mikel Merino,es ESP,MF,Arsenal,28-244,1996,8.8,2.39,1.36,0.57,1.14,0.68,0.8,2.05,38.9,1.25,1.7,0.57,1.14,1.36,3.75,1.59,0.11,Matches
329,Nikola Milenkovic,rs SRB,DF,Nott'ham Forest,27-132,1997,24,1.13,0.75,0.79,0.33,0,0.5,0.67,75,0.17,1.21,0.67,0.54,0.71,1.83,4.92,0,Matches
330,Lewis Miley,eng ENG,MF,Newcastle Utd,18-296,2006,0.9,4.44,4.44,1.11,3.33,0,2.22,3.33,66.7,1.11,1.11,0,1.11,0,4.44,2.22,0,Matches
331,James Milner,eng ENG,MF,Brighton,39-048,1986,1.9,2.63,1.05,0.53,1.58,0.53,1.58,1.58,100,0,2.11,1.05,1.05,1.05,3.68,1.05,0.53,Matches
332,Tyrone Mings,eng ENG,DF,Aston Villa,31-345,1993,7,0.57,0.57,0.43,0.14,0,0.14,0.14,100,0,1.29,1,0.29,0.29,0.86,5.43,0,Matches
333,Yankuba Minteh,gm GAM,"FW,MF",Brighton,20-214,2004,10.3,2.14,1.55,1.07,0.39,0.68,0.78,2.23,34.8,1.46,1.26,0,1.26,0.58,2.72,0.97,0,Matches
334,Tyrick Mitchell,eng ENG,DF,Crystal Palace,25-173,1999,23.9,2.59,1.72,1.67,0.75,0.17,0.67,1.38,48.5,0.71,2.13,0.38,1.76,0.38,2.97,2.89,0.08,Matches
335,Kaoru Mitoma,jp JPN,"FW,MF",Brighton,27-277,1997,22,1.41,0.86,0.45,0.55,0.41,0.68,1.82,37.5,1.14,1.68,0.09,1.59,0.55,1.95,0.27,0,Matches
336,Jakub Moder,pl POL,MF,Brighton,25-320,1999,0.1,10,0,10,0,0,0,20,0,20,0,0,0,0,10,30,0,Matches
337,Mikey Moore,eng ENG,"FW,MF",Tottenham,17-194,2007,2.1,0,0,0,0,0,0,0.48,0,0.48,0.48,0,0.48,0.48,0.48,0.48,0,Matches
338,Morato,br BRA,DF,Nott'ham Forest,23-236,2001,6.7,2.69,1.79,2.24,0.3,0.15,1.64,2.69,61.1,1.04,1.34,0.6,0.75,1.19,3.88,8.96,0.3,Matches
339,Alex Moreno,es ESP,DF,Nott'ham Forest,31-258,1993,9,2.67,2,2.11,0.56,0,1.56,3.78,41.2,2.22,1.22,0.56,0.67,1.56,4.22,3.67,0,Matches
340,Sam Morsy,eg EGY,MF,Ipswich Town,33-164,1991,21.1,2.32,1.23,1.18,0.95,0.19,0.95,2.37,40,1.42,1.04,0.38,0.66,1,3.32,1.71,0.19,Matches
341,Yerson Mosquera,co COL,DF,Wolves,23-295,2001,4.9,2.24,1.43,1.84,0.41,0,1.84,2.86,64.3,1.02,2.65,2.04,0.61,2.04,4.29,2.86,0,Matches
342,Mason Mount,eng ENG,"MF,FW",Manchester Utd,26-042,1999,2.7,2.22,0.74,1.11,1.11,0,1.85,2.59,71.4,0.74,1.48,0.37,1.11,0,2.22,0,0,Matches
343,Divin Mubama,eng ENG,FW,Manchester City,20-119,2004,0.3,0,0,0,0,0,0,0,,0,0,0,0,0,0,0,0,Matches
344,Mykhailo Mudryk,ua UKR,FW,Chelsea,24-047,2001,1.7,1.18,1.18,1.18,0,0,0,0,,0,1.76,0.59,1.18,0,1.18,0.59,0,Matches
345,Marshall Munetsi,zw ZIM,FW,Wolves,28-244,1996,0.5,4,2,0,0,4,2,2,100,0,0,0,0,0,4,0,0,Matches
346,Rodrigo Muniz,br BRA,FW,Fulham,23-293,2001,7.6,0.79,0.39,0.26,0.26,0.26,0.39,0.39,100,0,1.05,0.13,0.92,0.53,1.32,1.18,0,Matches
347,Daniel Munoz,co COL,DF,Crystal Palace,28-271,1996,23,3.83,2.57,1.87,1.17,0.78,1.61,2.83,56.9,1.22,1,0.09,0.91,1.09,4.91,2.78,0.04,Matches
348,Arijanet Muric,xk KVX,GK,Ipswich Town,26-106,1998,18,0,0,0,0,0,0,0.11,0,0.11,0,0,0,0,0,0.56,0.28,Matches
349,Murillo,br BRA,DF,Nott'ham Forest,22-232,2002,23.5,1.66,1.19,1.15,0.38,0.13,0.85,1.45,58.8,0.6,2.17,1.36,0.81,1.06,2.72,6.6,0.09,Matches
350,Jacob Murphy,eng ENG,FW,Newcastle Utd,29-363,1995,15.9,0.94,0.75,0.31,0.31,0.31,0.75,1.32,57.1,0.57,1.32,0,1.32,0.57,1.51,1.01,0,Matches
351,Vitaliy Mykolenko,ua UKR,DF,Everton,25-268,1999,22.2,1.85,1.08,1.13,0.45,0.27,0.95,1.71,55.3,0.77,0.68,0.32,0.36,1.22,3.06,4.37,0.05,Matches
352,Iliman Ndiaye,sn SEN,FW,Everton,24-352,2000,20.9,2.11,1.05,0.86,0.62,0.62,0.86,2.06,41.9,1.2,1,0.19,0.81,0.81,2.92,0.91,0.05,Matches
353,Wilfred Ndidi,ng NGA,MF,Leicester City,28-067,1996,14.4,3.4,2.01,1.81,1.39,0.21,1.04,2.5,41.7,1.46,2.29,0.9,1.39,0.76,4.17,3.47,0,Matches
354,Kosta Nedeljkovic,rs SRB,DF,Aston Villa,19-067,2005,1.4,5,3.57,0.71,2.14,2.14,1.43,2.14,66.7,0.71,0.71,0,0.71,0,5,2.14,0,Matches
355,Reiss Nelson,eng ENG,FW,Arsenal,25-073,1999,0,1,0,0,1,0,0,1,0,1,0,0,0,0,1,1,0,Matches
356,Reiss Nelson,eng ENG,FW,Fulham,25-073,1999,5.4,1.48,1.11,0.56,0.56,0.37,0.93,2.41,38.5,1.48,2.04,0,2.04,0.93,2.41,0.37,0,Matches
357,Neto,br BRA,GK,Bournemouth,35-217,1989,2,0,0,0,0,0,0,0,,0,0,0,0,0,0,0.5,0.5,Matches
358,Pedro Neto,pt POR,FW,Chelsea,24-349,2000,13.3,1.05,0.53,0.38,0.53,0.15,0.38,1.05,35.7,0.68,0.6,0.08,0.53,0.53,1.58,0.23,0,Matches
359,Eddie Nketiah,eng ENG,"MF,FW",Crystal Palace,25-267,1999,7,1.71,0.71,0.86,0.29,0.57,0.71,1.57,45.5,0.86,0.86,0,0.86,0.29,2,0.86,0,Matches
360,Christopher Nkunku,fr FRA,FW,Chelsea,27-099,1997,6.1,0.66,0.66,0,0.16,0.49,0.33,0.33,100,0,1.15,0.33,0.82,0.66,1.31,1.15,0,Matches
361,Matheus Nunes,pt POR,"DF,MF",Manchester City,26-178,1998,9.9,2.53,1.62,1.01,0.91,0.61,1.21,2.32,52.2,1.11,1.11,0.3,0.81,0.91,3.43,2.12,0,Matches
362,Darwin Nunez,uy URU,FW,Liverpool,25-242,1999,10,1.7,1.4,1,0.3,0.4,0.5,1.3,38.5,0.8,0.6,0,0.6,0.1,1.8,1,0,Matches
363,Ethan Nwaneri,eng ENG,"FW,MF",Arsenal,17-337,2007,4.2,1.67,1.19,0.71,0.48,0.48,0.95,2.86,33.3,1.9,1.19,0.24,0.95,0.24,1.9,0.24,0,Matches
364,Christian Norgaard,dk DEN,MF,Brentford,30-348,1994,19.8,3.03,1.87,1.26,1.52,0.25,1.77,2.83,62.5,1.06,1.52,0.56,0.96,1.67,4.7,2.22,0.05,Matches
365,Jake O'Brien,ie IRL,DF,Everton,23-282,2001,5.5,1.82,1.45,1.64,0.18,0,0.91,1.27,71.4,0.36,0.73,0.18,0.55,0.18,2,6.18,0,Matches
366,Matt O'Riley,dk DEN,MF,Brighton,24-092,2000,5.3,1.7,1.32,0.19,1.13,0.38,0.38,1.51,25,1.13,0.75,0.19,0.57,2.08,3.77,0.75,0.19,Matches
367,Dara O'Shea,ie IRL,DF,Ipswich Town,25-354,1999,21.7,1.52,0.88,0.97,0.46,0.09,0.6,0.92,65,0.32,1.75,1.38,0.37,1.11,2.63,6.04,0.14,Matches
368,Chidozie Obi-Martin,dk DEN,MF,Manchester Utd,17-084,2007,0,0,0,0,0,0,0,0,,0,0,0,0,0,0,0,0,Matches
369,Wilson Odobert,fr FRA,FW,Tottenham,20-085,2004,1.8,2.78,1.11,1.11,1.11,0.56,2.22,3.33,66.7,1.11,0.56,0,0.56,0,2.78,0.56,0.56,Matches
370,Chiedozie Ogbene,ie IRL,FW,Ipswich Town,27-296,1997,2.6,2.69,1.15,0.38,0.77,1.54,0.77,1.54,50,0.77,0.38,0,0.38,0.38,3.08,1.15,0,Matches
371,Caleb Okoli,it ITA,DF,Leicester City,23-223,2001,10.2,2.35,1.27,0.78,1.37,0.2,0.98,1.37,71.4,0.39,2.06,1.18,0.88,1.18,3.53,6.27,0.2,Matches
372,Robin Olsen,se SWE,GK,Aston Villa,35-044,1990,0.5,2,0,2,0,0,2,2,100,0,0,0,0,0,2,2,0,Matches
373,Amadou Onana,be BEL,MF,Aston Villa,23-189,2001,12,3.17,1.83,1.5,1.42,0.25,0.92,1.75,52.4,0.83,1.08,0.5,0.58,1.58,4.75,2.17,0.25,Matches
374,Andre Onana,cm CMR,GK,Manchester Utd,28-325,1996,25,0.04,0.04,0.04,0,0,0.04,0.12,33.3,0.08,0,0,0,0,0.04,0.36,0.16,Matches
375,Paul Onuachu,ng NGA,FW,Southampton,30-269,1994,7,0.57,0.14,0.14,0.43,0,0.29,0.57,50,0.29,0.43,0.14,0.29,0.14,0.71,1.57,0,Matches
376,Frank Onyeka,ng NGA,MF,Brentford,27-051,1998,0.3,0,0,0,0,0,0,0,,0,0,0,0,0,0,0,0,Matches
377,Lewis Orford,eng ENG,MF,West Ham,19-003,2006,0.5,0,0,0,0,0,0,0,,0,2,0,2,2,2,0,0,Matches
378,Stefan Ortega,de GER,GK,Manchester City,32-107,1992,9,0,0,0,0,0,0,0.11,0,0.11,0,0,0,0,0,0.89,0.11,Matches
379,William Osula,dk DEN,"FW,MF",Newcastle Utd,21-201,2003,0.5,2,0,0,0,2,0,2,0,2,0,0,0,2,4,0,0,Matches
380,Dango Ouattara,bf BFA,FW,Bournemouth,23-010,2002,14.8,1.89,1.55,0.68,0.61,0.61,0.95,2.09,45.2,1.15,1.55,0.47,1.08,0.47,2.36,2.36,0,Matches
381,Nico O’Reilly,eng ENG,"MF,DF",Manchester City,19-337,2005,0.3,6.67,0,0,6.67,0,0,0,,0,0,0,0,0,6.67,3.33,0,Matches
382,Alex Palmer,eng ENG,GK,Ipswich Town,28-195,1996,1,0,0,0,0,0,0,0,,0,0,0,0,0,0,1,0,Matches
383,Cole Palmer,eng ENG,MF,Chelsea,22-291,2002,24.3,0.74,0.41,0.37,0.21,0.16,0.29,0.74,38.9,0.45,0.53,0.04,0.49,0.21,0.95,0.37,0.04,Matches
384,Emerson Palmieri,it ITA,DF,West Ham,30-202,1994,18.6,2.63,1.4,1.67,0.81,0.16,1.08,1.88,57.1,0.81,1.34,0.32,1.02,0.91,3.55,2.31,0,Matches
385,Lucas Paqueta,br BRA,"MF,FW",West Ham,27-178,1997,18.9,2.7,1.64,0.95,1.27,0.48,1.06,1.9,55.6,0.85,1.27,0.16,1.11,0.63,3.33,1.22,0.16,Matches
386,Thomas Partey,gh GHA,"MF,DF",Arsenal,31-253,1993,21.4,3.13,1.96,0.93,1.4,0.79,1.73,2.66,64.9,0.93,0.79,0.28,0.51,1.21,4.35,1.73,0.19,Matches
387,Nathan Patterson,sct SCO,"DF,FW",Everton,23-128,2001,1.4,2.14,0.71,0.71,1.43,0,0.71,2.86,25,2.14,1.43,0,1.43,0,2.14,2.14,0,Matches
388,Andreas Pereira,br BRA,MF,Fulham,29-051,1996,14.3,0.91,0.35,0.28,0.42,0.21,0.42,1.89,22.2,1.47,0.63,0.07,0.56,0.42,1.33,0.49,0.07,Matches
389,Ricardo Pereira,pt POR,DF,Leicester City,31-138,1993,1.6,1.88,1.25,0,0.63,1.25,0.63,2.5,25,1.88,1.88,0.63,1.25,0.63,2.5,0,0,Matches
390,Kalvin Phillips,eng ENG,MF,Ipswich Town,29-081,1995,10.6,2.55,1.42,0.57,1.51,0.47,1.04,2.92,35.5,1.89,2.55,0.57,1.98,1.6,4.15,2.83,0.09,Matches
391,Jaden Philogene Bidace,eng ENG,"FW,MF",Aston Villa,23-013,2002,3.7,2.97,1.35,1.08,1.89,0,1.08,1.62,66.7,0.54,1.35,0,1.35,0.81,3.78,0.54,0.27,Matches
392,Jaden Philogene Bidace,eng ENG,"FW,MF",Ipswich Town,23-013,2002,1.5,2,1.33,0.67,1.33,0,0.67,2.67,25,2,2,0,2,2,4,0,0,Matches
393,Jordan Pickford,eng ENG,GK,Everton,30-351,1994,25,0.04,0,0.04,0,0,0.04,0.08,50,0.04,0,0,0,0.04,0.08,0.92,0.04,Matches
394,Ethan Pinnock,jm JAM,DF,Brentford,31-268,1993,16.3,1.84,0.98,0.86,0.8,0.18,0.74,1.1,66.7,0.37,1.53,0.98,0.55,1.17,3.01,6.56,0.18,Matches
395,Daniel Podence,pt POR,"MF,FW",Wolves,29-123,1995,0.5,0,0,0,0,0,0,2,0,2,0,0,0,0,0,0,0,Matches
396,Alfie Pond,eng ENG,DF,Wolves,20-357,2004,0,0,0,0,0,0,0,0,,0,0,0,0,0,0,0,0,Matches
397,Nick Pope,eng ENG,GK,Newcastle Utd,32-308,1992,15,0,0,0,0,0,0,0,,0,0.07,0,0.07,0.07,0.07,1.07,0.27,Matches
398,Pedro Porro,es ESP,DF,Tottenham,25-161,1999,23.1,2.29,1.65,1.13,0.78,0.39,1.6,2.73,58.7,1.13,1.6,0.56,1.04,1.21,3.51,2.99,0.04,Matches
399,Jarell Quansah,eng ENG,DF,Liverpool,22-023,2003,3.1,2.9,2.26,2.26,0.65,0,1.29,1.61,80,0.32,1.29,1.29,0,1.61,4.52,3.87,0,Matches
400,Hakon Rafn Valdimarsson,is ISL,GK,Brentford,23-131,2001,1.6,0,0,0,0,0,0,0,,0,0,0,0,0,0,1.25,0,Matches
401,Aaron Ramsdale,eng ENG,GK,Southampton,26-283,1998,17,0,0,0,0,0,0,0.06,0,0.06,0,0,0,0.12,0.12,0.47,0.12,Matches
402,Jacob Ramsey,eng ENG,"FW,MF",Aston Villa,23-269,2001,11.9,1.6,0.84,0.84,0.59,0.17,0.59,0.92,63.6,0.34,1.09,0.25,0.84,0.59,2.18,0.42,0,Matches
403,Marcus Rashford,eng ENG,"FW,MF",Manchester Utd,27-113,1997,10.9,0.64,0.37,0.18,0.18,0.28,0.28,0.83,33.3,0.55,0.73,0,0.73,0.37,1.01,0.64,0,Matches
404,Marcus Rashford,eng ENG,FW,Aston Villa,27-113,1997,1.2,3.33,1.67,0,0.83,2.5,1.67,1.67,100,0,0.83,0,0.83,0,3.33,0,0,Matches
405,David Raya,es ESP,GK,Arsenal,29-159,1995,25,0,0,0,0,0,0,0.04,0,0.04,0,0,0,0.04,0.04,0.48,0.16,Matches
406,Harrison Reed,eng ENG,MF,Fulham,30-025,1995,0.8,6.25,2.5,2.5,2.5,1.25,0,2.5,0,2.5,1.25,0,1.25,1.25,7.5,2.5,0,Matches
407,Remy Rees-Dottin,eng ENG,FW,Bournemouth,18-352,2006,0,0,0,0,0,0,0,0,,0,0,0,0,0,0,0,0,Matches
408,Sergio Reguilon,es ESP,DF,Tottenham,28-067,1996,1.4,2.86,2.14,0.71,2.14,0,1.43,2.14,66.7,0.71,2.86,0,2.86,1.43,4.29,2.14,0,Matches
409,Bobby Reid,jm JAM,"FW,MF",Leicester City,32-019,1993,5.8,1.03,0.52,0.34,0.69,0,0.52,1.9,27.3,1.38,1.03,0.17,0.86,0,1.03,0.86,0,Matches
410,Chadi Riad,ma MAR,DF,Crystal Palace,21-249,2003,1,5,2,2,2,1,2,3,66.7,1,0,0,0,2,7,0,0,Matches
411,Declan Rice,eng ENG,MF,Arsenal,26-038,1999,20.3,1.72,0.74,0.54,0.89,0.3,0.54,1.38,39.3,0.84,0.89,0.49,0.39,0.84,2.56,1.38,0,Matches
412,Chris Richards,us USA,DF,Crystal Palace,24-330,2000,11.9,2.35,1.6,1.26,0.76,0.34,1.34,2.35,57.1,1.01,1.76,0.59,1.18,0.76,3.11,5.55,0,Matches
413,Richarlison,br BRA,FW,Tottenham,27-287,1997,3.1,1.29,0.97,0,0.97,0.32,0,0,,0,0.32,0.32,0,0,1.29,2.58,0,Matches
414,Andrew Robertson,sct SCO,DF,Liverpool,30-347,1994,21.1,1.47,0.95,0.9,0.43,0.14,1.14,1.85,61.5,0.71,0.43,0.19,0.24,0.85,2.32,1.8,0.05,Matches
415,Antonee Robinson,us USA,DF,Fulham,27-197,1997,25,2.6,1.72,1.64,0.84,0.12,1.24,2.56,48.4,1.32,1.12,0.16,0.96,1.8,4.4,3.2,0,Matches
416,Rodri,es ESP,MF,Manchester City,28-244,1996,0.7,2.86,1.43,1.43,1.43,0,0,0,,0,1.43,0,1.43,1.43,4.29,0,0,Matches
417,Guido Rodriguez,ar ARG,MF,West Ham,30-315,1994,11.3,2.65,1.42,1.68,0.97,0,1.24,2.65,46.7,1.42,1.86,0.8,1.06,1.06,3.72,2.48,0.09,Matches
418,Mads Roerslev,dk DEN,DF,Brentford,25-242,1999,12.2,1.48,0.66,1.15,0.25,0.08,0.9,2.3,39.3,1.39,0.98,0.41,0.57,0.33,1.8,2.87,0,Matches
419,Morgan Rogers,eng ENG,"MF,FW",Aston Villa,22-210,2002,23.1,0.95,0.48,0.22,0.43,0.3,0.39,1.04,37.5,0.65,0.78,0.17,0.61,0.17,1.13,0.74,0.04,Matches
420,Cristian Romero,ar ARG,DF,Tottenham,26-300,1998,10.8,2.5,2.13,2.04,0.46,0,1.39,2.04,68.2,0.65,1.2,0.28,0.93,1.2,3.7,2.96,0,Matches
421,Georginio Rutter,fr FRA,"FW,MF",Brighton,22-307,2002,14.9,1.81,0.67,0.6,0.81,0.4,0.67,1.95,34.5,1.28,1.21,0.13,1.07,0.54,2.35,0.81,0.07,Matches
422,Jose Sa,pt POR,GK,Wolves,32-035,1993,18,0.11,0.11,0.11,0,0,0.11,0.11,100,0,0,0,0,0,0.11,0.5,0.06,Matches
423,Bukayo Saka,eng ENG,"FW,MF",Arsenal,23-169,2001,14.1,1.56,0.92,0.35,0.71,0.5,0.64,1.35,47.4,0.71,1.13,0,1.13,0.14,1.7,0.5,0,Matches
424,Mohamed Salah,eg EGY,FW,Liverpool,32-251,1992,25.5,0.55,0.35,0.16,0.2,0.2,0.16,0.31,50,0.16,0.16,0,0.16,0.16,0.71,0.2,0,Matches
425,William Saliba,fr FRA,DF,Arsenal,23-334,2001,22.3,2.02,1.21,1.21,0.76,0.04,0.72,0.94,76.2,0.22,0.67,0.36,0.31,0.63,2.65,3.14,0.13,Matches
426,Robert Sanchez,es ESP,GK,Chelsea,27-095,1997,21,0,0,0,0,0,0,0.05,0,0.05,0,0,0,0.1,0.1,0.71,0.33,Matches
427,Jadon Sancho,eng ENG,FW,Chelsea,24-333,2000,13.1,0.61,0.38,0.15,0.15,0.31,0.31,0.69,44.4,0.38,0.31,0,0.31,0.08,0.69,0.31,0.15,Matches
428,Ibrahim Sangare,ci CIV,MF,Nott'ham Forest,27-081,1997,2.8,5.36,3.21,1.79,3.57,0,1.43,3.57,40,2.14,1.79,0,1.79,0.71,6.07,1.07,0,Matches
429,Pablo Sarabia,es ESP,"MF,FW",Wolves,32-286,1992,5.2,2.12,1.15,0.77,1.15,0.19,1.15,1.92,60,0.77,1.15,0,1.15,0.77,2.88,0.96,0.19,Matches
430,Jeremy Sarmiento,ec ECU,MF,Brighton,22-250,2002,0.1,0,0,0,0,0,0,0,,0,0,0,0,0,0,0,0,Matches
431,Ismaila Sarr,sn SEN,"MF,FW",Crystal Palace,26-362,1998,18.7,0.86,0.43,0.32,0.37,0.16,0.27,0.91,29.4,0.64,0.86,0.27,0.59,0.32,1.18,1.18,0,Matches
432,Savio,br BRA,"FW,MF",Manchester City,20-317,2004,14,1.21,0.79,0.21,0.64,0.36,0.29,0.79,36.4,0.5,0.64,0.14,0.5,0.29,1.5,0.36,0.07,Matches
433,Oliver Scarles,eng ENG,DF,West Ham,19-071,2005,1.8,2.22,1.11,1.67,0,0.56,1.67,2.22,75,0.56,4.44,0.56,3.89,0.56,2.78,3.89,0,Matches
434,Dane Scarlett,eng ENG,FW,Tottenham,20-334,2004,0.1,0,0,0,0,0,0,0,,0,0,0,0,0,0,0,0,Matches
435,Kevin Schade,de GER,FW,Brentford,23-086,2001,13.8,1.81,1.3,0.72,0.58,0.51,0.65,1.09,60,0.43,0.58,0.07,0.51,0.29,2.1,1.16,0,Matches
436,Fabian Schar,ch SUI,DF,Newcastle Utd,33-063,1991,19.8,1.06,0.71,0.45,0.61,0,0.35,1.01,35,0.66,1.31,0.76,0.56,1.46,2.53,3.99,0.1,Matches
437,Jeffrey Schlupp,gh GHA,"MF,DF",Crystal Palace,32-060,1992,1.1,1.82,0,0.91,0,0.91,0,2.73,0,2.73,5.45,0,5.45,0,1.82,1.82,0,Matches
438,Alex Scott,eng ENG,MF,Bournemouth,21-184,2003,3.1,5.48,2.58,2.9,1.29,1.29,3.87,5.48,70.6,1.61,2.9,0.32,2.58,1.94,7.42,1.61,0,Matches
439,Matz Sels,be BEL,GK,Nott'ham Forest,32-361,1992,25,0.04,0.04,0.04,0,0,0.04,0.04,100,0,0,0,0,0,0.04,0.6,0.04,Matches
440,Nelson Semedo,pt POR,DF,Wolves,31-097,1993,19.9,2.21,1.36,1.31,0.6,0.3,1.21,2.01,60,0.8,1.21,0.5,0.7,0.45,2.66,3.97,0.05,Matches
441,Antoine Semenyo,gh GHA,FW,Bournemouth,25-045,2000,23.4,1.5,0.85,0.56,0.73,0.21,0.38,1.32,29,0.94,1.92,0.3,1.62,0.21,1.71,1.11,0,Matches
442,Marcos Senesi,ar ARG,DF,Bournemouth,27-287,1997,10.2,3.24,2.06,2.06,0.98,0.2,1.27,2.55,50,1.27,1.37,0.59,0.78,1.08,4.31,4.12,0,Matches
443,Ryan Sessegnon,eng ENG,"MF,FW",Fulham,24-279,2000,0.2,0,0,0,0,0,0,10,0,10,0,0,0,5,5,10,0,Matches
444,Luke Shaw,eng ENG,DF,Manchester Utd,29-224,1995,0.8,2.5,2.5,1.25,1.25,0,1.25,1.25,100,0,1.25,0,1.25,1.25,3.75,1.25,0,Matches
445,Zain Silcott-Duberry,ms MSR,FW,Bournemouth,19-227,2005,0,1,1,0,0,1,1,1,100,0,0,0,0,0,1,0,0,Matches
446,Bernardo Silva,pt POR,"MF,FW",Manchester City,30-195,1994,21.3,1.5,1.13,0.47,0.8,0.23,0.85,1.78,47.4,0.94,1.03,0.23,0.8,0.75,2.25,0.8,0.14,Matches
447,Jota Silva,pt POR,"FW,MF",Nott'ham Forest,25-204,1999,7.9,2.78,1.39,1.39,1.14,0.25,0.51,3.04,16.7,2.53,1.14,0.13,1.01,1.52,4.3,1.9,0,Matches
448,Eric da Silva Moreira,de GER,"MF,DF",Nott'ham Forest,18-294,2006,0.3,6.67,6.67,6.67,0,0,6.67,20,33.3,13.3,0,0,0,3.33,10,0,0,Matches
449,Jahmai Simpson-Pusey,eng ENG,DF,Manchester City,19-109,2005,1.1,0.91,0,0.91,0,0,0,0.91,0,0.91,0.91,0.91,0,0,0.91,1.82,0,Matches
450,Luis Sinisterra,co COL,"FW,MF",Bournemouth,25-249,1999,2.3,2.61,0.43,0.87,0.87,0.87,0,1.74,0,1.74,1.3,0,1.3,0,2.61,2.61,0,Matches
451,Oliver Skipp,eng ENG,MF,Leicester City,24-158,2000,8.5,1.65,0.47,0.47,1.06,0.12,0.71,1.06,66.7,0.35,1.65,0.35,1.29,0.94,2.59,1.18,0.12,Matches
452,William Smallbone,ie IRL,MF,Southampton,25-000,2000,4.2,2.62,1.19,1.19,0.95,0.48,1.19,2.62,45.5,1.43,0.95,0,0.95,0.24,2.86,0.95,0.24,Matches
453,Adam Smith,eng ENG,DF,Bournemouth,33-298,1991,11.5,1.39,0.7,0.7,0.35,0.35,0.78,1.65,47.4,0.87,0.78,0.17,0.61,0.96,2.35,3.22,0.09,Matches
454,Emile Smith Rowe,eng ENG,MF,Fulham,24-208,2000,16.8,1.55,0.83,0.36,0.65,0.54,0.42,1.07,38.9,0.65,0.89,0.06,0.83,0.48,2.02,0.6,0,Matches
455,Dominic Solanke,eng ENG,FW,Tottenham,27-160,1997,17.8,0.84,0.51,0.06,0.56,0.22,0.17,0.51,33.3,0.34,0.73,0.22,0.51,0,0.84,1.01,0,Matches
456,Carlos Soler,es ESP,"MF,FW",West Ham,28-050,1997,11.5,0.96,0.87,0.52,0.43,0,0.43,1.65,26.3,1.22,1.13,0.26,0.87,0.43,1.39,1.04,0.17,Matches
457,Ramon Sosa,py PAR,"FW,MF",Nott'ham Forest,25-174,1999,2.7,1.48,0.74,0.74,0,0.74,0.37,1.11,33.3,0.74,2.59,0,2.59,1.11,2.59,1.48,0,Matches
458,Tomas Soucek,cz CZE,MF,West Ham,29-360,1995,19.4,1.55,0.72,0.62,0.77,0.15,0.82,1.49,55.2,0.67,1.29,0.57,0.72,0.67,2.22,2.99,0,Matches
459,Boubakary Soumare,fr FRA,MF,Leicester City,25-360,1999,14.3,1.82,0.98,1.12,0.63,0.07,1.05,1.61,65.2,0.56,0.63,0.21,0.42,1.19,3.01,1.19,0.14,Matches
460,Djed Spence,eng ENG,DF,Tottenham,24-196,2000,8.6,3.26,2.67,1.98,0.7,0.58,1.86,2.21,84.2,0.35,1.98,0.81,1.16,1.05,4.3,2.91,0.12,Matches
461,Jay Stansfield,eng ENG,MF,Fulham,22-089,2002,0,0,0,0,0,0,0,0,,0,0,0,0,0,0,0,0,Matches
462,Jason Steele,eng ENG,GK,Brighton,34-187,1990,2,0,0,0,0,0,0,0,,0,0,0,0,0,0,0.5,0,Matches
463,Jack Stephens,eng ENG,DF,Southampton,31-025,1994,8.9,1.69,1.12,1.35,0.34,0,0.67,1.8,37.5,1.12,0.9,0.67,0.22,0.56,2.25,3.71,0.22,Matches
464,Raheem Sterling,eng ENG,"FW,MF",Arsenal,30-075,1994,3.2,1.88,1.25,0,0.63,1.25,0.94,1.56,60,0.63,0.63,0,0.63,0.31,2.19,0.63,0,Matches
465,Ross Stewart,sct SCO,"FW,MF",Southampton,28-225,1996,1.5,0,0,0,0,0,0,2,0,2,2,0,2,0,0,2.67,0,Matches
466,Jakub Stolarczyk,pl POL,GK,Leicester City,24-064,2000,6,0.33,0.17,0.33,0,0,0.17,0.33,50,0.17,0,0,0,0,0.33,0.83,0,Matches
467,John Stones,eng ENG,"DF,MF",Manchester City,30-269,1994,6.1,0.98,0.33,0.49,0.33,0.16,0.82,0.82,100,0,0.82,0.49,0.33,0.66,1.64,3.11,0.16,Matches
468,Jorgen Strand Larsen,no NOR,FW,Wolves,25-015,2000,20.4,0.29,0.2,0.1,0.1,0.1,0.1,0.93,10.5,0.83,0.78,0.15,0.64,0.2,0.49,0.93,0,Matches
469,Yukinari Sugawara,jp JPN,DF,Southampton,24-238,2000,13.5,1.85,1.04,0.89,0.89,0.07,1.11,1.85,60,0.74,1.26,0.52,0.74,0.74,2.59,3.04,0.22,Matches
470,Kamaldeen Sulemana,gh GHA,"FW,MF",Southampton,23-006,2002,4.3,2.09,1.86,0.93,0.47,0.7,1.16,1.4,83.3,0.23,0.93,0,0.93,0.7,2.79,0.47,0,Matches
471,Crysencio Summerville,nl NED,"FW,MF",West Ham,23-114,2001,8.7,1.49,0.8,0.23,0.92,0.34,0.34,1.03,33.3,0.69,1.49,0.46,1.03,0,1.49,0.8,0,Matches
472,Sammie Szmodics,ie IRL,"FW,MF",Ipswich Town,29-150,1995,10.9,1.28,0.83,0.28,0.83,0.18,0.46,2.02,22.7,1.56,0.92,0.18,0.73,0.55,1.83,1.28,0,Matches
473,Dominik Szoboszlai,hu HUN,MF,Liverpool,24-119,2000,19.2,1.15,0.68,0.36,0.57,0.21,0.68,1.72,39.4,1.04,1.46,0.16,1.3,0.47,1.61,0.52,0.05,Matches
474,Matt Targett,eng ENG,DF,Newcastle Utd,29-156,1995,0.1,0,0,0,0,0,0,10,0,10,0,0,0,10,10,10,0,Matches
475,James Tarkowski,eng ENG,DF,Everton,32-094,1992,24.9,2.21,1.33,1.33,0.76,0.12,0.84,1.37,61.8,0.52,1.85,1.33,0.52,1.29,3.49,6.63,0.16,Matches
476,Marcus Tavernier,eng ENG,"FW,MF",Bournemouth,25-336,1999,13.3,2.48,1.43,0.68,1.13,0.68,0.53,1.58,33.3,1.05,0.6,0,0.6,0.23,2.71,0.68,0,Matches
477,Charlie Taylor,eng ENG,DF,Southampton,31-156,1993,3,2.33,1.67,1.33,1,0,1.67,2,83.3,0.33,1.67,1,0.67,1,3.33,7.33,0.33,Matches
478,Jack Taylor,ie IRL,MF,Ipswich Town,26-243,1998,4.7,1.91,0.64,0.64,1.06,0.21,1.06,2.55,41.7,1.49,0.64,0.21,0.43,0.85,2.77,2.77,0,Matches
479,Mathys Tel,fr FRA,FW,Tottenham,19-300,2005,1,0,0,0,0,0,0,0,,0,1,0,1,0,0,0,0,Matches
480,Kenny Tete,nl NED,DF,Fulham,29-135,1995,14,2.93,1.93,1.43,0.86,0.64,1.21,2,60.7,0.79,1.36,0.43,0.93,2,4.93,2.57,0,Matches
481,Thiago,br BRA,FW,Brentford,23-240,2001,1.5,1.33,1.33,0.67,0,0.67,0,0.67,0,0.67,0,0,0,1.33,2.67,1.33,0.67,Matches
482,Luke Thomas,eng ENG,DF,Leicester City,23-256,2001,2,2.5,2.5,2.5,0,0,1.5,2.5,60,1,2,0.5,1.5,1,3.5,1.5,0,Matches
483,Youri Tielemans,be BEL,MF,Aston Villa,27-290,1997,24.7,2.55,1.78,0.97,1.42,0.16,1.09,2.23,49.1,1.13,1.05,0.36,0.69,0.77,3.32,1.17,0.12,Matches
484,Kieran Tierney,sct SCO,"FW,DF",Arsenal,27-261,1997,0.2,5,5,0,0,5,0,10,0,10,0,0,0,0,5,0,0,Matches
485,Jurrien Timber,nl NED,DF,Arsenal,23-249,2001,20.5,2,1.27,0.39,1.12,0.49,0.59,0.98,60,0.39,0.68,0.2,0.49,0.78,2.78,1.8,0.05,Matches
486,Jean-Clair Todibo,fr FRA,DF,West Ham,25-053,1999,9.6,2.29,1.56,1.77,0.52,0,1.46,1.77,82.4,0.31,1.56,0.83,0.73,1.15,3.44,4.9,0.31,Matches
487,Harry Toffolo,eng ENG,DF,Nott'ham Forest,29-186,1995,0.5,4,0,2,0,2,0,0,,0,0,0,0,2,6,14,0,Matches
488,Takehiro Tomiyasu,jp JPN,DF,Arsenal,26-108,1998,0.1,0,0,0,0,0,0,0,,0,0,0,0,0,0,10,0,Matches
489,Sandro Tonali,it ITA,MF,Newcastle Utd,24-289,2000,17.2,1.98,1.22,0.76,1.05,0.17,0.87,1.8,48.4,0.93,1.22,0.52,0.7,1.28,3.26,1.05,0.06,Matches
490,Pau Torres,es ESP,DF,Aston Villa,28-036,1997,17.2,1.05,0.76,0.64,0.35,0.06,0.52,0.81,64.3,0.29,0.76,0.52,0.23,0.35,1.4,2.85,0.12,Matches
491,Conor Townsend,eng ENG,DF,Ipswich Town,31-354,1993,1.5,4.67,3.33,4,0.67,0,3.33,4.67,71.4,1.33,2.67,2,0.67,2,6.67,4.67,0,Matches
492,Adama Traore,es ESP,FW,Fulham,29-027,1996,13.6,0.74,0.44,0.44,0.15,0.15,0.29,0.81,36.4,0.51,0.37,0,0.37,0.07,0.81,0.29,0.07,Matches
493,Mark Travers,ie IRL,GK,Bournemouth,25-279,1999,5,0,0,0,0,0,0,0,,0,0,0,0,0,0,1,0,Matches
494,Ryan Trevitt,eng ENG,MF,Brentford,21-346,2003,0,1,1,1,0,0,0,0,,0,0,0,0,0,1,0,0,Matches
495,Kieran Trippier,eng ENG,DF,Newcastle Utd,34-155,1990,6.5,2.31,1.23,1.08,0.92,0.31,1.08,2.62,41.2,1.54,0.46,0.15,0.31,1.08,3.38,2.46,0,Matches
496,Leandro Trossard,be BEL,FW,Arsenal,30-079,1994,17.1,1.17,0.76,0.29,0.7,0.18,0.41,1.35,30.4,0.94,1.11,0,1.11,0.53,1.7,0.94,0,Matches
497,Kostas Tsimikas,gr GRE,DF,Liverpool,28-285,1996,4.1,3.17,1.71,1.95,0.73,0.49,1.46,2.2,66.7,0.73,0.98,0.49,0.49,0.98,4.15,3.41,0,Matches
498,Axel Tuanzebe,cd COD,DF,Ipswich Town,27-099,1997,11.3,2.12,1.15,1.33,0.27,0.53,1.15,1.68,68.4,0.53,0.8,0.35,0.44,1.24,3.36,3.01,0,Matches
499,Destiny Udogie,it ITA,DF,Tottenham,22-085,2002,15.9,3.14,1.95,1.64,1.07,0.44,1.45,2.14,67.6,0.69,1.7,0.13,1.57,1.07,4.21,1.57,0.06,Matches
500,Manuel Ugarte Ribeiro,uy URU,MF,Manchester Utd,23-316,2001,12,4.5,2.67,1.92,2.08,0.5,1.58,3.58,44.2,2,1.33,0.25,1.08,1.42,5.92,1,0.08,Matches
501,Lesley Ugochukwu,fr FRA,MF,Southampton,20-332,2004,8.8,3.64,1.82,1.02,2.27,0.34,1.14,2.61,43.5,1.48,1.93,0.68,1.25,0.45,4.09,1.36,0.11,Matches
502,Enes Unal,tr TUR,"FW,MF",Bournemouth,27-287,1997,3.8,0.26,0,0,0,0.26,0,0.79,0,0.79,0.26,0,0.26,0,0.26,1.58,0,Matches
503,Virgil van Dijk,nl NED,DF,Liverpool,33-228,1991,26,1.12,0.54,0.5,0.54,0.08,0.31,0.58,53.3,0.27,0.69,0.35,0.35,1.62,2.73,4.81,0.08,Matches
504,Jamie Vardy,eng ENG,FW,Leicester City,38-041,1987,20.7,0.53,0.48,0.24,0.14,0.14,0.1,0.39,25,0.29,0.34,0.19,0.14,0.14,0.68,0.77,0,Matches
505,Renato Veiga,pt POR,"DF,MF",Chelsea,21-207,2003,2,4.5,3,3,1.5,0,2,6,33.3,4,1.5,0.5,1,0.5,5,1,0,Matches
506,Joel Veltman,nl NED,DF,Brighton,33-037,1992,18.3,2.3,1.53,1.26,0.87,0.16,1.64,2.79,58.8,1.15,1.2,0.38,0.82,0.98,3.28,3.61,0,Matches
507,Micky van de Ven,nl NED,DF,Tottenham,23-308,2001,8.8,0.91,0.57,0.34,0.45,0.11,0.68,1.25,54.5,0.57,0.91,0.57,0.34,1.02,1.93,3.3,0.11,Matches
508,Bart Verbruggen,nl NED,GK,Brighton,22-187,2002,23,0,0,0,0,0,0,0.09,0,0.09,0.04,0,0.04,0,0,0.61,0.17,Matches
509,Jannik Vestergaard,dk DEN,DF,Leicester City,32-202,1992,14,1.43,0.64,1.07,0.36,0,0.5,0.93,53.8,0.43,1.29,0.79,0.5,1.07,2.5,4.86,0.07,Matches
510,Guglielmo Vicario,it ITA,GK,Tottenham,28-137,1996,13,0,0,0,0,0,0,0,,0,0,0,0,0.08,0.08,0.54,0.15,Matches
511,Carlos Vinicius,br BRA,MF,Fulham,29-333,1995,0,0,0,0,0,0,0,0,,0,0,0,0,0,0,0,0,Matches
512,Kyle Walker,eng ENG,DF,Manchester City,34-269,1990,10.8,1.57,0.93,0.65,0.65,0.28,1.3,2.41,53.8,1.11,1.2,0.37,0.83,0.28,1.85,1.2,0.09,Matches
513,Kyle Walker-Peters,eng ENG,DF,Southampton,27-314,1997,22.8,1.49,0.92,0.83,0.44,0.22,0.57,1.18,48.1,0.61,1.01,0.57,0.44,0.61,2.11,2.76,0.04,Matches
514,Christian Walton,eng ENG,GK,Ipswich Town,29-104,1995,6,0,0,0,0,0,0,0.17,0,0.17,0,0,0,0,0,0.17,0.17,Matches
515,Aaron Wan-Bissaka,eng ENG,DF,West Ham,27-087,1997,23,1.87,1.35,0.96,0.78,0.13,0.57,0.78,72.2,0.22,1.04,0.3,0.74,1.91,3.78,3.35,0,Matches
516,Danny Ward,wls WAL,GK,Leicester City,31-244,1993,1.5,0,0,0,0,0,0,0,,0,0,0,0,0,0,0.67,0,Matches
517,James Ward-Prowse,eng ENG,MF,West Ham,30-112,1994,0.7,2.86,0,1.43,1.43,0,1.43,2.86,50,1.43,1.43,0,1.43,0,2.86,1.43,0,Matches
518,James Ward-Prowse,eng ENG,MF,Nott'ham Forest,30-112,1994,4.4,0.91,0.23,0.23,0.68,0,0.45,0.45,100,0,0.68,0.45,0.23,1.14,2.05,1.82,0,Matches
519,Ollie Watkins,eng ENG,FW,Aston Villa,29-053,1995,20.2,0.3,0.2,0,0.2,0.1,0.05,0.35,14.3,0.3,0.54,0.15,0.4,0.2,0.5,0.45,0.05,Matches
520,Adam Webster,eng ENG,DF,Brighton,30-048,1995,2.9,1.72,1.03,0.69,1.03,0,1.03,2.76,37.5,1.72,2.41,1.72,0.69,1.38,3.1,4.48,0.34,Matches
521,Danny Welbeck,eng ENG,FW,Brighton,34-087,1990,16,0.94,0.5,0.19,0.69,0.06,0.19,0.69,27.3,0.5,0.75,0.06,0.69,0.31,1.25,0.56,0,Matches
522,Welington,br BRA,DF,Southampton,24-002,2001,1.4,6.43,1.43,4.29,1.43,0.71,4.29,5.71,75,1.43,2.14,0.71,1.43,1.43,7.86,4.29,0,Matches
523,Timo Werner,de GER,"FW,MF",Tottenham,28-352,1996,5.6,1.07,0.71,0.54,0.54,0,0.54,2.32,23.1,1.79,1.79,0.18,1.61,0.18,1.25,1.25,0,Matches
524,Adam Wharton,eng ENG,MF,Crystal Palace,20-264,2004,7.4,2.7,1.35,1.35,1.35,0,1.49,3.78,39.3,2.3,1.08,0.14,0.95,1.49,4.19,1.76,0,Matches
525,Ben White,eng ENG,DF,Arsenal,27-136,1997,7.7,1.3,0.78,1.04,0.13,0.13,1.17,2.73,42.9,1.56,0.78,0.65,0.13,1.43,2.73,2.99,0,Matches
526,Mats Wieffer,nl NED,MF,Brighton,25-097,1999,5.2,3.85,2.12,0.77,2.5,0.58,1.35,2.69,50,1.35,1.92,0.19,1.73,1.35,5.19,2.12,0.38,Matches
527,Neco Williams,wls WAL,DF,Nott'ham Forest,23-314,2001,15.8,2.85,1.65,2.28,0.44,0.13,1.46,2.78,52.3,1.33,1.65,0.32,1.33,1.14,3.99,4.24,0,Matches
528,Willian,br BRA,MF,Fulham,36-196,1988,0,0,0,0,0,0,0,0,,0,0,0,0,0,0,0,0,Matches
529,Joe Willock,eng ENG,"MF,FW",Newcastle Utd,25-185,1999,7.4,2.43,1.62,1.35,0.68,0.41,1.89,2.97,63.6,1.08,1.62,0.14,1.49,0.54,2.97,0.81,0,Matches
530,Callum Wilson,eng ENG,"FW,MF",Newcastle Utd,32-360,1992,0.9,1.11,1.11,0,1.11,0,0,0,,0,1.11,0,1.11,0,1.11,0,0,Matches
531,Harry Wilson,wls WAL,"FW,MF",Fulham,27-336,1997,9.3,1.08,0.65,0.65,0.32,0.11,0.65,1.18,54.5,0.54,1.4,0.11,1.29,0.54,1.61,0.54,0.11,Matches
532,Harry Winks,eng ENG,MF,Leicester City,29-019,1996,16.2,1.48,0.68,0.74,0.62,0.12,0.8,1.79,44.8,0.99,0.93,0.37,0.56,0.49,1.98,1.23,0,Matches
533,Ben Winterburn,eng ENG,MF,Bournemouth,20-170,2004,0.1,0,0,0,0,0,0,10,0,10,0,0,0,0,0,0,0,Matches
534,Yoane Wissa,cd COD,FW,Brentford,28-171,1996,19.4,0.57,0.26,0.26,0.05,0.26,0.31,0.67,46.2,0.36,0.93,0.26,0.67,0.31,0.88,0.57,0.1,Matches
535,Chris Wood,nz NZL,FW,Nott'ham Forest,33-076,1991,22.3,0.13,0.13,0,0.04,0.09,0.04,0.27,16.7,0.22,0.31,0.18,0.13,0.18,0.31,0.67,0,Matches
536,Nathan Wood-Gordon,eng ENG,DF,Southampton,22-266,2002,6.9,1.45,1.01,0.87,0.43,0.14,0.72,1.16,62.5,0.43,1.16,0.72,0.43,0.58,2.03,3.77,0.29,Matches
537,Luke Woolfenden,eng ENG,DF,Ipswich Town,26-123,1998,8.7,0.57,0.23,0.23,0.34,0,0.11,0.46,25,0.34,1.84,1.15,0.69,1.84,2.41,5.06,0,Matches
538,Yehor Yarmoliuk,ua UKR,"MF,FW",Brentford,20-357,2004,7.1,3.1,2.25,1.41,1.13,0.56,1.83,4.08,44.8,2.25,2.82,0.7,2.11,0.99,4.08,2.96,0,Matches
539,Ryan Yates,eng ENG,MF,Nott'ham Forest,27-092,1997,16.2,2.04,1.11,1.23,0.56,0.25,0.8,1.73,46.4,0.93,1.42,0.25,1.17,1.17,3.21,2.72,0.06,Matches
540,Leny Yoro,fr FRA,DF,Manchester Utd,19-100,2005,6.1,2.13,0.66,1.48,0.66,0,0.82,1.8,45.5,0.98,0.33,0.33,0,2.13,4.26,3.11,0,Matches
541,Ashley Young,eng ENG,DF,Everton,39-227,1985,16.7,2.75,1.56,1.32,1.08,0.36,1.68,2.75,60.9,1.08,0.54,0.18,0.36,1.26,4.01,3.23,0.06,Matches
542,Illia Zabarnyi,ua UKR,DF,Bournemouth,22-173,2002,25,1.6,1.04,0.84,0.72,0.04,1.04,1.48,70.3,0.44,1.2,0.76,0.44,1.12,2.72,5.12,0.08,Matches
543,Oleksandr Zinchenko,ua UKR,"DF,MF",Arsenal,28-068,1996,2.7,0.74,0,0.37,0.37,0,0.37,1.48,25,1.11,1.85,0,1.85,1.11,1.85,1.85,0,Matches
544,Joshua Zirkzee,nl NED,"FW,MF",Manchester Utd,23-275,2001,10.8,1.02,0.46,0.28,0.56,0.19,0.46,0.65,71.4,0.19,1.2,0.37,0.83,0.37,1.39,0.46,0,Matches
545,Martin Odegaard,no NOR,MF,Arsenal,26-066,1998,15.3,1.05,0.59,0.46,0.39,0.2,0.2,1.18,16.7,0.98,0.26,0,0.26,0.13,1.18,0.2,0,Matches
