Rk,Player,Nation,Pos,Squad,Age,Born,90s,SCA,SCA90,PassLive,PassDead,TO,Sh,Fld,Def,GCA,GCA90,PassLive,PassDead,TO,Sh,Fld,Def,Matches
1,Max Aarons,eng ENG,DF,Bournemouth,25-048,2000,1,2,2.09,2,0,0,0,0,0,0,0,0,0,0,0,0,0,Matches
2,Joshua Acheampong,eng ENG,DF,Chelsea,18-292,2006,1.8,0.56,0.56,0.56,0,0,0,0,0,0,0,0,0,0,0,0,0,Matches
3,Tyler Adams,us USA,MF,Bournemouth,26-007,1999,10.6,1.98,1.98,1.6,0,0,0,0,0.38,0.38,0.38,0.28,0,0,0,0,0.09,Matches
4,Tosin Adarabioyo,eng ENG,DF,Chelsea,27-150,1997,9.1,0.99,0.99,0.55,0,0,0.44,0,0,0,0,0,0,0,0,0,0,Matches
5,Simon Adingra,ci CIV,"FW,MF",Brighton,23-051,2002,6.7,3.13,3.15,2.24,0,0.6,0.3,0,0,0.45,0.45,0.3,0,0.15,0,0,0,Matches
6,Emmanuel Agbadou,ci CIV,DF,Wolves,27-249,1997,4.7,0.85,0.86,0.64,0.21,0,0,0,0,0,0,0,0,0,0,0,0,Matches
7,Asher Agbinone,eng ENG,MF,Crystal Palace,19-146,2005,0.1,10,15,10,0,0,0,0,0,0,0,0,0,0,0,0,0,Matches
8,Ola Aina,ng NGA,DF,Nott'ham Forest,28-136,1996,24.1,1.87,1.87,1.45,0.21,0.08,0.04,0.04,0.04,0.08,0.08,0.04,0,0,0,0,0.04,Matches
9,Rayan Ait-Nouri,dz ALG,DF,Wolves,23-260,2001,22.7,1.98,1.98,1.32,0.26,0.18,0.13,0.04,0.04,0.31,0.31,0.22,0.04,0,0,0,0.04,Matches
10,Kristoffer Ajer,no NOR,DF,Brentford,26-310,1998,9.8,1.33,1.33,1.12,0,0.1,0.1,0,0,0.2,0.2,0.2,0,0,0,0,0,Matches
11,Manuel Akanji,ch SUI,DF,Manchester City,29-217,1995,19,1.79,1.79,1.79,0,0,0,0,0,0.11,0.11,0.11,0,0,0,0,0,Matches
12,Nathan Ake,nl NED,DF,Manchester City,30-003,1995,6.7,0.9,0.9,0.9,0,0,0,0,0,0,0,0,0,0,0,0,0,Matches
13,Carlos Alcaraz,ar ARG,MF,Southampton,22-083,2002,0.1,10,9,10,0,0,0,0,0,0,0,0,0,0,0,0,0,Matches
14,Carlos Alcaraz,ar ARG,MF,Everton,22-083,2002,1.1,3.64,3.64,2.73,0,0,0,0.91,0,0.91,0.91,0.91,0,0,0,0,0,Matches
15,Trent Alexander-Arnold,eng ENG,DF,Liverpool,26-137,1998,21,3.86,3.85,3.05,0.67,0.05,0.1,0,0,0.48,0.48,0.43,0.05,0,0,0,0,Matches
16,Alisson,br BRA,GK,Liverpool,32-142,1992,17.9,0.28,0.28,0.28,0,0,0,0,0,0,0,0,0,0,0,0,0,Matches
17,Miguel Almiron,py PAR,FW,Newcastle Utd,31-011,1994,1.7,4.71,4.59,3.53,0,0.59,0.59,0,0,0,0,0,0,0,0,0,0,Matches
18,Edson Alvarez,mx MEX,MF,West Ham,27-120,1997,14.7,1.5,1.5,1.29,0,0.14,0.07,0,0,0.14,0.14,0.14,0,0,0,0,0,Matches
19,Will Alves,eng ENG,FW,Leicester City,20-018,2005,0,0,0,0,0,0,0,0,0,0,0,0,0,0,0,0,0,Matches
20,Samuel Amo-Ameyaw,eng ENG,"FW,DF",Southampton,18-218,2006,0.3,6.67,6.43,3.33,0,0,0,3.33,0,0,0,0,0,0,0,0,0,Matches
21,Joachim Andersen,dk DEN,DF,Crystal Palace,28-266,1996,1,1,1,1,0,0,0,0,0,0,0,0,0,0,0,0,0,Matches
22,Joachim Andersen,dk DEN,DF,Fulham,28-266,1996,15.7,0.89,0.9,0.64,0.06,0,0.19,0,0,0.06,0.06,0,0.06,0,0,0,0,Matches
23,Elliot Anderson,eng ENG,MF,Nott'ham Forest,22-107,2002,18.2,3.57,3.58,1.65,0.93,0.38,0.33,0.11,0.16,0.49,0.5,0.16,0.16,0,0.05,0.05,0.05,Matches
24,Andre,br BRA,MF,Wolves,23-220,2001,15.6,1.79,1.8,1.41,0.19,0,0,0,0.19,0.13,0.13,0.06,0.06,0,0,0,0,Matches
25,Michail Antonio,jm JAM,FW,West Ham,34-330,1990,9.3,2.37,2.37,1.51,0,0.11,0.54,0.11,0.11,0.43,0.43,0,0,0,0.43,0,0,Matches
26,Antony,br BRA,"DF,MF",Manchester Utd,24-363,2000,1.6,5,5.11,3.75,0,0.63,0,0.63,0,0,0,0,0,0,0,0,0,Matches
27,Julian Araujo,mx MEX,DF,Bournemouth,23-192,2001,3.9,0.51,0.51,0.51,0,0,0,0,0,0,0,0,0,0,0,0,0,Matches
28,Cameron Archer,eng ENG,FW,Southampton,23-215,2001,11.7,1.11,1.11,0.51,0,0.26,0.26,0.09,0,0,0,0,0,0,0,0,0,Matches
29,Alphonse Areola,fr FRA,GK,West Ham,31-360,1993,13.1,0.08,0.08,0,0.08,0,0,0,0,0,0,0,0,0,0,0,0,Matches
30,Joe Aribo,ng NGA,MF,Southampton,28-215,1996,17.2,1.86,1.86,1.63,0,0.12,0.06,0.06,0,0.06,0.06,0.06,0,0,0,0,0,Matches
31,Adam Armstrong,eng ENG,"FW,MF",Southampton,28-011,1997,13.9,1.37,1.37,0.86,0.07,0.14,0.29,0,0,0.29,0.29,0.07,0,0,0.22,0,0,Matches
32,Harrison Armstrong,eng ENG,MF,Everton,18-033,2007,0.5,2,1.87,2,0,0,0,0,0,0,0,0,0,0,0,0,0,Matches
33,Kepa Arrizabalaga,es ESP,GK,Bournemouth,30-141,1994,18,0.22,0.22,0.11,0.11,0,0,0,0,0,0,0,0,0,0,0,0,Matches
34,Marco Asensio,es ESP,"MF,FW",Aston Villa,29-031,1996,1,4,3.83,2,2,0,0,0,0,0,0,0,0,0,0,0,0,Matches
35,Brandon Austin,eng ENG,GK,Tottenham,26-044,1999,1,0,0,0,0,0,0,0,0,0,0,0,0,0,0,0,0,Matches
36,Taiwo Awoniyi,ng NGA,FW,Nott'ham Forest,27-193,1997,2.9,2.76,2.79,1.72,0,0.34,0.34,0.34,0,0.34,0.35,0,0,0,0.34,0,0,Matches
37,Yasin Ayari,se SWE,MF,Brighton,21-138,2003,14.2,3.03,3.04,1.55,0.7,0.21,0.21,0.21,0.14,0.28,0.28,0.21,0.07,0,0,0,0,Matches
38,Jordan Ayew,gh GHA,"FW,MF",Crystal Palace,33-163,1991,0.2,5,4.29,5,0,0,0,0,0,0,0,0,0,0,0,0,0,Matches
39,Jordan Ayew,gh GHA,"FW,MF",Leicester City,33-163,1991,13.8,1.88,1.88,1.16,0.43,0.07,0.14,0,0.07,0.07,0.07,0.07,0,0,0,0,0,Matches
40,Benoit Badiashile,fr FRA,DF,Chelsea,23-332,2001,2.8,0,0,0,0,0,0,0,0,0,0,0,0,0,0,0,0,Matches
41,Leon Bailey,jm JAM,"FW,MF",Aston Villa,27-196,1997,11.5,3.13,3.14,2,0.09,0.52,0.26,0.26,0,0.35,0.35,0.35,0,0,0,0,0,Matches
42,Carlos Baleba,cm CMR,MF,Brighton,21-049,2004,17.8,2.36,2.36,2.13,0,0.06,0.06,0,0.11,0.17,0.17,0.11,0,0,0,0,0.06,Matches
43,Ross Barkley,eng ENG,MF,Aston Villa,31-078,1993,6.2,2.58,2.6,2.1,0.16,0.32,0,0,0,0.48,0.49,0.48,0,0,0,0,0,Matches
44,Harvey Barnes,eng ENG,FW,Newcastle Utd,27-074,1997,8.7,3.56,3.55,2.3,0.11,0.34,0.34,0.46,0,0.46,0.46,0.23,0,0.11,0,0.11,0,Matches
45,Calvin Bassey,ng NGA,DF,Fulham,25-052,1999,24,0.58,0.58,0.42,0.04,0.08,0,0,0.04,0.08,0.08,0.04,0,0,0,0,0.04,Matches
46,Jan Bednarek,pl POL,DF,Southampton,28-315,1996,20.8,0.67,0.67,0.63,0,0,0.05,0,0,0,0,0,0,0,0,0,0,Matches
47,Jean-Ricner Bellegarde,fr FRA,"MF,FW",Wolves,26-239,1998,11,3.18,3.18,1.91,0.09,0.27,0.27,0.45,0.18,0.45,0.45,0.36,0,0,0,0,0.09,Matches
48,Rodrigo Bentancur,uy URU,MF,Tottenham,27-241,1997,10.5,2.48,2.48,2,0,0.1,0.29,0,0.1,0.1,0.1,0.1,0,0,0,0,0,Matches
49,Sander Berge,no NOR,MF,Fulham,27-007,1998,14.6,1.99,1.98,1.78,0,0,0.07,0,0.14,0.07,0.07,0.07,0,0,0,0,0,Matches
50,Lucas Bergvall,se SWE,MF,Tottenham,19-019,2006,7.4,1.49,1.48,0.95,0.27,0,0.27,0,0,0.27,0.27,0.14,0,0,0.14,0,0,Matches
51,Victor Bernth Kristiansen,dk DEN,DF,Leicester City,22-067,2002,21.5,1.58,1.58,1.21,0.23,0.05,0,0.09,0,0.14,0.14,0.14,0,0,0,0,0,Matches
52,Beto,gw GNB,FW,Everton,27-021,1998,6.5,1.54,1.54,0.92,0,0.31,0,0.31,0,0,0,0,0,0,0,0,0,Matches
53,Philip Billing,dk DEN,MF,Bournemouth,28-255,1996,2,8,7.83,6.5,0,0,0.5,0,1,0,0,0,0,0,0,0,0,Matches
54,Yves Bissouma,ml MLI,MF,Tottenham,28-175,1996,11.7,1.11,1.12,1.03,0,0,0,0,0.09,0,0,0,0,0,0,0,0,Matches
55,Lamare Bogarde,nl NED,"DF,MF",Aston Villa,21-047,2004,3.9,2.56,2.54,2.05,0.26,0,0,0,0.26,0.26,0.25,0.26,0,0,0,0,0,Matches
56,Willy Boly,ci CIV,DF,Nott'ham Forest,34-018,1991,1.5,0,0,0,0,0,0,0,0,0,0,0,0,0,0,0,0,Matches
57,Sven Botman,nl NED,DF,Newcastle Utd,25-040,2000,2.5,0,0,0,0,0,0,0,0,0,0,0,0,0,0,0,0,Matches
58,Jarrod Bowen,eng ENG,"FW,MF",West Ham,28-063,1996,20.4,4.17,4.17,2.45,0.59,0.25,0.49,0.29,0.1,0.44,0.44,0.25,0.1,0.05,0.05,0,0,Matches
59,Conor Bradley,nir NIR,DF,Liverpool,21-227,2003,4.1,2.2,2.18,1.46,0,0.49,0,0.24,0,0.24,0.24,0.24,0,0,0,0,0,Matches
60,Jarrad Branthwaite,eng ENG,DF,Everton,22-239,2002,16.1,0.75,0.75,0.62,0.06,0,0,0.06,0,0.12,0.12,0.06,0.06,0,0,0,0,Matches
61,James Bree,eng ENG,DF,Southampton,27-133,1997,8.4,1.67,1.67,1.31,0.24,0,0.12,0,0,0.12,0.12,0.12,0,0,0,0,0,Matches
62,Ben Brereton,cl CHI,FW,Southampton,25-309,1999,5,1.8,1.8,1.4,0,0,0,0.4,0,0,0,0,0,0,0,0,0,Matches
63,Nathan Broadhead,wls WAL,"FW,MF",Ipswich Town,26-322,1998,4.2,2.86,2.85,2.38,0,0.48,0,0,0,0.24,0.24,0.24,0,0,0,0,0,Matches
64,Armando Broja,al ALB,FW,Everton,23-164,2001,1.8,2.22,2.26,2.22,0,0,0,0,0,0,0,0,0,0,0,0,0,Matches
65,David Brooks,wls WAL,FW,Bournemouth,27-228,1997,7.1,3.66,3.67,2.96,0.28,0.28,0.14,0,0,0.14,0.14,0,0,0,0.14,0,0,Matches
66,Emi Buendia,ar ARG,"MF,FW",Aston Villa,28-058,1996,1.1,2.73,2.76,1.82,0,0,0.91,0,0,0,0,0,0,0,0,0,0,Matches
67,Santiago Bueno,uy URU,DF,Wolves,26-104,1998,15.2,0.72,0.73,0.59,0.07,0,0,0,0.07,0.26,0.26,0.2,0,0,0,0,0.07,Matches
68,Facundo Buonanotte,ar ARG,"FW,MF",Leicester City,20-060,2004,12.8,3.44,3.44,1.88,0.78,0.63,0.08,0.08,0,0.31,0.31,0.08,0.16,0.08,0,0,0,Matches
69,Cameron Burgess,au AUS,DF,Ipswich Town,29-123,1995,10,0.6,0.6,0.6,0,0,0,0,0,0.2,0.2,0.2,0,0,0,0,0,Matches
70,Dan Burn,eng ENG,DF,Newcastle Utd,32-288,1992,24,0.54,0.54,0.38,0.04,0,0.08,0.04,0,0.13,0.12,0.08,0.04,0,0,0,0,Matches
71,Wes Burns,wls WAL,"FW,DF",Ipswich Town,30-090,1994,10.3,1.55,1.55,1.17,0,0.1,0.1,0.19,0,0.1,0.1,0.1,0,0,0,0,0,Matches
72,Moises Caicedo,ec ECU,MF,Chelsea,23-111,2001,24.3,2.8,2.8,2.47,0,0,0,0.08,0.25,0.25,0.25,0.21,0,0,0,0.04,0,Matches
73,Tom Cairney,sct SCO,MF,Fulham,34-032,1991,4.4,5.23,5.19,4.77,0.23,0,0,0.23,0,0.45,0.45,0.45,0,0,0,0,0,Matches
74,Jens Cajuste,se SWE,MF,Ipswich Town,25-195,1999,12.5,1.2,1.2,0.96,0.08,0.16,0,0,0,0,0,0,0,0,0,0,0,Matches
75,Riccardo Calafiori,it ITA,DF,Arsenal,22-278,2002,8.5,1.06,1.05,0.94,0,0,0.12,0,0,0.24,0.23,0.24,0,0,0,0,0,Matches
76,Dominic Calvert-Lewin,eng ENG,FW,Everton,27-342,1997,17.5,1.43,1.43,0.8,0,0.23,0.11,0.17,0.11,0.23,0.23,0.06,0,0.11,0,0.06,0,Matches
77,Diego Carlos,br BRA,DF,Aston Villa,31-343,1993,9.2,0.43,0.43,0.33,0,0,0.11,0,0,0,0,0,0,0,0,0,0,Matches
78,Fabio Carvalho,pt POR,"FW,MF",Brentford,22-175,2002,4.8,1.88,1.85,1.25,0,0.21,0.42,0,0,0.21,0.21,0.21,0,0,0,0,0,Matches
79,Casemiro,br BRA,MF,Manchester Utd,32-364,1992,10.3,4.37,4.38,4.08,0.1,0,0.19,0,0,0.29,0.29,0.29,0,0,0,0,0,Matches
80,Kaelan Casey,eng ENG,DF,West Ham,20-116,2004,0,0,0,0,0,0,0,0,0,0,0,0,0,0,0,0,0,Matches
81,Matty Cash,pl POL,DF,Aston Villa,27-198,1997,14.2,1.06,1.05,0.99,0,0.07,0,0,0,0.07,0.07,0.07,0,0,0,0,0,Matches
82,Timothy Castagne,be BEL,DF,Fulham,29-078,1995,11,1.45,1.45,1.09,0,0.09,0.18,0.09,0,0.09,0.09,0,0,0,0.09,0,0,Matches
83,Trevoh Chalobah,eng ENG,DF,Crystal Palace,25-231,1999,11.8,0.93,0.93,0.85,0,0.08,0,0,0,0,0,0,0,0,0,0,0,Matches
84,Trevoh Chalobah,eng ENG,DF,Chelsea,25-231,1999,3,1,1,0.33,0,0,0.67,0,0,0.33,0.33,0,0,0,0.33,0,0,Matches
85,Conor Chaplin,eng ENG,"MF,FW",Ipswich Town,28-005,1997,6.8,2.65,2.65,2.5,0.15,0,0,0,0,0.15,0.15,0.15,0,0,0,0,0,Matches
86,Federico Chiesa,it ITA,FW,Liverpool,27-119,1997,0.3,10,9.64,10,0,0,0,0,0,3.33,3.21,3.33,0,0,0,0,0,Matches
87,Ben Chilwell,eng ENG,DF,Crystal Palace,28-062,1996,0.3,3.33,2.9,0,0,0,3.33,0,0,0,0,0,0,0,0,0,0,Matches
88,Chiquinho,pt POR,MF,Wolves,25-016,2000,0.1,20,25.71,20,0,0,0,0,0,0,0,0,0,0,0,0,0,Matches
89,Hamza Choudhury,eng ENG,"MF,DF",Leicester City,27-143,1997,1.5,2,2.05,1.33,0,0.67,0,0,0,0,0,0,0,0,0,0,0,Matches
90,Ryan Christie,sct SCO,MF,Bournemouth,29-365,1995,20.4,3.58,3.57,2.94,0.34,0,0.15,0.1,0.05,0.39,0.39,0.34,0.05,0,0,0,0,Matches
91,Harry Clarke,eng ENG,DF,Ipswich Town,23-356,2001,4.2,0.24,0.24,0.24,0,0,0,0,0,0,0,0,0,0,0,0,0,Matches
92,Jack Clarke,eng ENG,"FW,MF",Ipswich Town,24-090,2000,7.1,2.82,2.83,2.39,0.14,0.28,0,0,0,0.28,0.28,0.14,0.14,0,0,0,0,Matches
93,Nathaniel Clyne,eng ENG,"DF,MF",Crystal Palace,33-322,1991,4.4,0.45,0.45,0.45,0,0,0,0,0,0,0,0,0,0,0,0,0,Matches
94,Conor Coady,eng ENG,DF,Leicester City,31-362,1993,8,0.5,0.5,0.5,0,0,0,0,0,0,0,0,0,0,0,0,0,Matches
95,Seamus Coleman,ie IRL,DF,Everton,36-133,1988,2.2,0.91,0.91,0.45,0,0.45,0,0,0,0.45,0.46,0.45,0,0,0,0,0,Matches
96,Nathan Collins,ie IRL,DF,Brentford,23-297,2001,25,0.92,0.92,0.64,0.08,0.04,0.08,0.08,0,0.24,0.24,0.08,0.04,0,0.04,0.08,0,Matches
97,Toby Collyer,eng ENG,MF,Manchester Utd,21-049,2004,1.4,1.43,1.44,1.43,0,0,0,0,0,0,0,0,0,0,0,0,0,Matches
98,Levi Colwill,eng ENG,DF,Chelsea,21-361,2003,23,1.13,1.13,1,0.09,0,0,0,0.04,0.13,0.13,0.09,0,0,0,0,0.04,Matches
99,Lewis Cook,eng ENG,"MF,DF",Bournemouth,28-018,1997,22.6,3.05,3.06,2.35,0.66,0,0.04,0,0,0.18,0.18,0.09,0.04,0,0.04,0,0,Matches
100,Maxwel Cornet,ci CIV,FW,Southampton,28-147,1996,0.8,0,0,0,0,0,0,0,0,0,0,0,0,0,0,0,0,Matches
101,Vladimir Coufal,cz CZE,DF,West Ham,32-183,1992,8.2,1.59,1.59,1.1,0.49,0,0,0,0,0.12,0.12,0,0.12,0,0,0,0,Matches
102,Woyo Coulibaly,fr FRA,DF,Leicester City,25-277,1999,0.7,0,0,0,0,0,0,0,0,0,0,0,0,0,0,0,0,Matches
103,Aaron Cresswell,eng ENG,DF,West Ham,35-068,1989,3.3,2.73,2.74,0.91,1.82,0,0,0,0,0,0,0,0,0,0,0,0,Matches
104,Marc Cucurella,es ESP,DF,Chelsea,26-214,1998,21,1.62,1.62,1.48,0.05,0,0.1,0,0,0.1,0.1,0.1,0,0,0,0,0,Matches
105,Jorge Cuenca,es ESP,DF,Fulham,25-096,1999,1,0,0,0,0,0,0,0,0,0,0,0,0,0,0,0,0,Matches
106,Matheus Cunha,br BRA,"MF,FW",Wolves,25-270,1999,21.8,3.9,3.89,2.29,0.41,0.55,0.28,0.28,0.09,0.41,0.41,0.32,0,0.09,0,0,0,Matches
107,Patson Daka,zm ZAM,"FW,MF",Leicester City,26-135,1998,3.5,1.43,1.44,1.14,0,0.29,0,0,0,0.29,0.29,0,0,0.29,0,0,0,Matches
108,Diogo Dalot,pt POR,DF,Manchester Utd,25-340,1999,23.6,1.99,1.99,1.53,0.17,0.17,0.08,0,0.04,0.04,0.04,0.04,0,0,0,0,0,Matches
109,Mikkel Damsgaard,dk DEN,"MF,FW",Brentford,24-233,2000,20.9,4.02,4.02,3.06,0.48,0.14,0.1,0.05,0.19,0.77,0.77,0.48,0.14,0.05,0,0.05,0.05,Matches
110,Danilo,br BRA,MF,Nott'ham Forest,23-298,2001,1.6,3.13,3.21,3.13,0,0,0,0,0,1.25,1.29,1.25,0,0,0,0,0,Matches
111,Jayden Danns,eng ENG,MF,Liverpool,19-036,2006,0.1,0,0,0,0,0,0,0,0,0,0,0,0,0,0,0,0,Matches
112,Kevin Danso,at AUT,DF,Tottenham,26-155,1998,0.9,1.11,1.17,0,0,0,1.11,0,0,0,0,0,0,0,0,0,0,Matches
113,Ben Davies,wls WAL,DF,Tottenham,31-303,1993,7,0.43,0.43,0.43,0,0,0,0,0,0,0,0,0,0,0,0,0,Matches
114,Leif Davis,eng ENG,DF,Ipswich Town,25-040,2000,23.5,3.02,3.03,1.4,1.32,0.13,0.09,0.04,0.04,0.17,0.17,0.13,0,0.04,0,0,0,Matches
115,Craig Dawson,eng ENG,DF,Wolves,34-291,1990,10.8,0.65,0.65,0.56,0,0,0.09,0,0,0.19,0.19,0.09,0,0,0.09,0,0,Matches
116,Kevin De Bruyne,be BEL,MF,Manchester City,33-238,1991,11.2,6.88,6.85,4.91,1.52,0.09,0.18,0.09,0.09,0.89,0.89,0.71,0.09,0,0.09,0,0,Matches
117,Liam Delap,eng ENG,FW,Ipswich Town,22-013,2003,20.5,2.34,2.34,1.17,0,0.44,0.1,0.54,0.1,0.29,0.29,0.1,0,0.1,0,0.1,0,Matches
118,Sepp van den Berg,nl NED,DF,Brentford,23-063,2001,19.5,0.92,0.92,0.87,0,0,0,0.05,0,0.1,0.1,0.05,0,0,0,0.05,0,Matches
119,Justin Devenny,nir NIR,MF,Crystal Palace,21-133,2003,3.5,2.57,2.58,2,0.57,0,0,0,0,0,0,0,0,0,0,0,0,Matches
120,Kiernan Dewsbury-Hall,eng ENG,MF,Chelsea,26-168,1998,1.8,1.67,1.67,1.67,0,0,0,0,0,0.56,0.56,0.56,0,0,0,0,0,Matches
121,Amad Diallo,ci CIV,"FW,MF",Manchester Utd,22-225,2002,17.7,4.52,4.52,3.05,0.51,0.4,0.11,0.23,0.23,0.9,0.9,0.4,0,0.17,0.06,0.06,0.23,Matches
122,Ruben Dias,pt POR,DF,Manchester City,27-283,1997,13.1,1.3,1.3,0.84,0,0,0.31,0,0.15,0,0,0,0,0,0,0,0,Matches
123,Luis Diaz,co COL,FW,Liverpool,28-039,1997,17.7,4.29,4.29,3.05,0,0.68,0.4,0.17,0,0.73,0.73,0.56,0,0.06,0,0.11,0,Matches
124,Tyler Dibling,eng ENG,"FW,MF",Southampton,18-346,2006,14.1,3.19,3.2,1.91,0.07,0.71,0.21,0.28,0,0.21,0.21,0.14,0,0.07,0,0,0,Matches
125,Lucas Digne,fr FRA,DF,Aston Villa,31-216,1993,21,2.57,2.57,1.52,0.76,0.05,0.19,0,0.05,0.24,0.24,0.24,0,0,0,0,0,Matches
126,Issa Diop,fr FRA,DF,Fulham,28-043,1997,11.9,0.42,0.42,0.34,0,0,0.08,0,0,0,0,0,0,0,0,0,0,Matches
127,Axel Disasi,fr FRA,DF,Aston Villa,26-347,1998,2,1,1,1,0,0,0,0,0,0,0,0,0,0,0,0,0,Matches
128,Axel Disasi,fr FRA,DF,Chelsea,26-347,1998,4,0.5,0.49,0.5,0,0,0,0,0,0,0,0,0,0,0,0,0,Matches
129,Roman Dixon,eng ENG,DF,Everton,20-057,2004,1,0,0,0,0,0,0,0,0,0,0,0,0,0,0,0,0,Matches
130,Matt Doherty,ie IRL,DF,Wolves,33-036,1992,13.9,1.22,1.22,0.94,0.14,0,0.07,0.07,0,0.14,0.14,0.14,0,0,0,0,0,Matches
131,Jeremy Doku,be BEL,"FW,MF",Manchester City,22-270,2002,8.9,4.72,4.71,3.71,0.11,0.67,0.11,0.11,0,0.9,0.9,0.79,0,0.11,0,0,0,Matches
132,Nicolas Dominguez,ar ARG,"MF,FW",Nott'ham Forest,26-238,1998,12.5,1.28,1.28,0.8,0.08,0,0.16,0.16,0.08,0,0,0,0,0,0,0,0,Matches
133,Patrick Dorgu,dk DEN,DF,Manchester Utd,20-118,2004,1,3,3,3,0,0,0,0,0,0,0,0,0,0,0,0,0,Matches
134,Alfie Dorrington,eng ENG,DF,Tottenham,19-307,2005,0.2,0,0,0,0,0,0,0,0,0,0,0,0,0,0,0,0,Matches
135,Abdoulaye Doucoure,ml MLI,MF,Everton,32-051,1993,19.7,1.93,1.93,1.78,0,0.05,0.05,0,0.05,0.05,0.05,0,0,0,0,0,0.05,Matches
136,Cheick Doucoure,ml MLI,MF,Crystal Palace,25-044,2000,5,1.8,1.79,1,0,0,0.4,0.2,0.2,0.6,0.6,0.2,0,0,0.2,0.2,0,Matches
137,Flynn Downes,eng ENG,MF,Southampton,26-032,1999,15.9,1.51,1.51,1.26,0.13,0,0.06,0,0.06,0.06,0.06,0,0.06,0,0,0,0,Matches
138,Tommy Doyle,eng ENG,MF,Wolves,23-127,2001,5.2,3.08,3.06,1.92,0.77,0.19,0.19,0,0,0.58,0.57,0.38,0,0.19,0,0,0,Matches
139,Radu Dragusin,ro ROU,DF,Tottenham,23-018,2002,13.9,0.58,0.58,0.58,0,0,0,0,0,0.07,0.07,0.07,0,0,0,0,0,Matches
140,Martin Dúbravka,sk SVK,GK,Newcastle Utd,36-037,1989,10,0,0,0,0,0,0,0,0,0,0,0,0,0,0,0,0,Matches
141,Lewis Dunk,eng ENG,DF,Brighton,33-092,1991,17.4,0.92,0.92,0.8,0,0,0.11,0,0,0.17,0.17,0.11,0,0,0.06,0,0,Matches
142,Jader Duran,co COL,FW,Aston Villa,21-070,2003,7.1,2.54,2.54,1.27,0,0,0.56,0.42,0.28,0.14,0.14,0,0,0,0,0,0.14,Matches
143,Ederson,br BRA,GK,Manchester City,31-188,1993,16,0.31,0.31,0.31,0,0,0,0,0,0.19,0.19,0.19,0,0,0,0,0,Matches
144,George Edmundson,eng ENG,DF,Ipswich Town,27-174,1997,0,0,0,0,0,0,0,0,0,0,0,0,0,0,0,0,0,Matches
145,Odsonne Edouard,fr FRA,"MF,FW",Crystal Palace,27-036,1998,1.3,0.77,0.78,0.77,0,0,0,0,0,0,0,0,0,0,0,0,0,Matches
146,Odsonne Edouard,fr FRA,FW,Leicester City,27-036,1998,0.3,6.67,6.21,6.67,0,0,0,0,0,0,0,0,0,0,0,0,0,Matches
147,Samuel Edozie,eng ENG,"DF,FW",Southampton,22-024,2003,0.7,5.71,5.54,4.29,0,0,0,1.43,0,0,0,0,0,0,0,0,0,Matches
148,Ronnie Edwards,eng ENG,DF,Southampton,21-330,2003,0.1,0,0,0,0,0,0,0,0,0,0,0,0,0,0,0,0,Matches
149,Anthony Elanga,se SWE,"FW,MF",Nott'ham Forest,22-300,2002,17.2,3.9,3.9,2.33,0.7,0.23,0.23,0.41,0,0.64,0.64,0.41,0.12,0.06,0,0.06,0,Matches
150,Harvey Elliott,eng ENG,"MF,FW",Liverpool,21-323,2003,0.9,5.56,5.49,3.33,2.22,0,0,0,0,2.22,2.2,2.22,0,0,0,0,0,Matches
151,Yunus Emre Konak,tr TUR,"MF,FW",Brentford,19-042,2006,0.2,0,0,0,0,0,0,0,0,0,0,0,0,0,0,0,0,Matches
152,Julio Enciso,py PAR,"MF,FW",Ipswich Town,21-029,2004,1.3,4.62,4.66,2.31,0.77,0.77,0,0,0.77,0.77,0.78,0,0.77,0,0,0,0,Matches
153,Julio Enciso,py PAR,"MF,FW",Brighton,21-029,2004,3.3,3.64,3.69,1.52,0.3,0.91,0.3,0.61,0,0,0,0,0,0,0,0,0,Matches
154,Wataru Endo,jp JPN,MF,Liverpool,32-012,1993,1.2,1.67,1.68,1.67,0,0,0,0,0,0,0,0,0,0,0,0,0,Matches
155,Christian Eriksen,dk DEN,MF,Manchester Utd,33-007,1992,7.1,3.8,3.8,2.39,1.41,0,0,0,0,0.85,0.85,0.56,0.28,0,0,0,0,Matches
156,Romain Esse,eng ENG,MF,Crystal Palace,19-284,2005,0.1,0,0,0,0,0,0,0,0,0,0,0,0,0,0,0,0,Matches
157,Pervis Estupinan,ec ECU,DF,Brighton,27-031,1998,15.7,2.29,2.29,1.53,0.57,0,0.13,0.06,0,0.25,0.25,0.19,0,0,0,0.06,0,Matches
158,Evanilson,br BRA,FW,Bournemouth,25-138,1999,15.2,2.76,2.76,1.64,0,0.2,0.39,0.53,0,0.46,0.46,0.07,0,0.07,0.07,0.26,0,Matches
159,Jonny Evans,nir NIR,DF,Manchester Utd,37-049,1988,3.2,0.63,0.62,0.63,0,0,0,0,0,0,0,0,0,0,0,0,0,Matches
160,Eberechi Eze,eng ENG,"MF,FW",Crystal Palace,26-237,1998,18.4,4.84,4.84,2.55,1.14,0.38,0.43,0.33,0,0.38,0.38,0.33,0.05,0,0,0,0,Matches
161,Lukasz Fabianski,pl POL,GK,West Ham,39-309,1985,11.9,0.25,0.25,0.17,0.08,0,0,0,0,0,0,0,0,0,0,0,0,Matches
162,Wout Faes,be BEL,DF,Leicester City,26-324,1998,19.3,0.41,0.41,0.31,0,0,0.05,0,0.05,0,0,0,0,0,0,0,0,Matches
163,Abdul Fatawu Issahaku,gh GHA,FW,Leicester City,20-350,2004,6.4,2.66,2.64,1.56,0,0.31,0.16,0.63,0,0.47,0.47,0.31,0,0,0.16,0,0,Matches
164,Joao Felix,pt POR,"FW,MF",Chelsea,25-103,1999,4.1,4.39,4.38,2.93,0,0.49,0.73,0.24,0,0.73,0.73,0.24,0,0.24,0,0.24,0,Matches
165,Evan Ferguson,ie IRL,FW,West Ham,20-125,2004,0.5,6,6,2,0,2,2,0,0,0,0,0,0,0,0,0,0,Matches
166,Evan Ferguson,ie IRL,FW,Brighton,20-125,2004,2.7,1.48,1.47,1.11,0,0.37,0,0,0,0,0,0,0,0,0,0,0,Matches
167,Bruno Fernandes,pt POR,MF,Manchester Utd,30-166,1994,22.4,5.22,5.23,3.66,0.94,0.13,0.18,0.27,0.04,0.36,0.36,0.31,0.04,0,0,0,0,Matches
168,Mateus Fernandes,pt POR,MF,Southampton,20-226,2004,20.3,2.46,2.46,1.43,0.54,0.15,0.2,0.1,0.05,0.25,0.25,0.15,0.05,0,0,0,0.05,Matches
169,Enzo Fernandez,ar ARG,MF,Chelsea,24-035,2001,19.8,4.39,4.4,3.43,0.45,0.05,0.15,0.05,0.25,0.61,0.61,0.45,0.1,0,0.05,0,0,Matches
170,Mark Flekken,nl NED,GK,Brentford,31-253,1993,23.4,0.21,0.21,0.09,0.13,0,0,0,0,0.04,0.04,0,0.04,0,0,0,0,Matches
171,Phil Foden,eng ENG,"MF,FW",Manchester City,24-269,2000,16,4.63,4.63,3,1.06,0.13,0.31,0.13,0,0.56,0.56,0.31,0.06,0,0.19,0,0,Matches
172,Wesley Fofana,fr FRA,DF,Chelsea,24-066,2000,11.3,0.97,0.98,0.8,0.09,0.09,0,0,0,0,0,0,0,0,0,0,0,Matches
173,Carlos Forbs,pt POR,"MF,FW",Wolves,20-339,2004,2.6,1.92,1.91,1.15,0,0.77,0,0,0,0.38,0.38,0.38,0,0,0,0,0,Matches
174,Fraser Forster,eng ENG,GK,Tottenham,36-341,1988,7,0,0,0,0,0,0,0,0,0,0,0,0,0,0,0,0,Matches
175,Ryan Fraser,sct SCO,"FW,DF",Southampton,30-363,1994,3.4,1.47,1.47,1.47,0,0,0,0,0,0,0,0,0,0,0,0,0,Matches
176,Niclas Fullkrug,de GER,FW,West Ham,32-012,1993,4.1,2.68,2.67,2.44,0,0,0.24,0,0,0.24,0.24,0,0,0,0.24,0,0,Matches
177,Cody Gakpo,nl NED,FW,Liverpool,25-290,1999,15.2,3.95,3.94,3.03,0,0.39,0.26,0.2,0.07,0.39,0.39,0.2,0,0.13,0,0.07,0,Matches
178,Idrissa Gana Gueye,sn SEN,MF,Everton,35-148,1989,21.4,1.78,1.78,1.54,0,0,0.09,0.09,0.05,0.09,0.09,0.09,0,0,0,0,0,Matches
179,Andres Garcia,es ESP,DF,Aston Villa,22-014,2003,2.2,0,0,0,0,0,0,0,0,0,0,0,0,0,0,0,0,Matches
180,Alejandro Garnacho,ar ARG,"FW,MF",Manchester Utd,20-235,2004,15.7,2.87,2.87,2.17,0.06,0.19,0.32,0.13,0,0.13,0.13,0.06,0,0,0.06,0,0,Matches
181,James Garner,eng ENG,"MF,DF",Everton,23-345,2001,5.8,2.59,2.58,1.9,0.69,0,0,0,0,0.52,0.52,0.34,0.17,0,0,0,0,Matches
182,Tyrique George,eng ENG,FW,Chelsea,19-017,2006,0.4,2.5,2.73,0,0,2.5,0,0,0,0,0,0,0,0,0,0,0,Matches
183,Morgan Gibbs-White,eng ENG,MF,Nott'ham Forest,25-025,2000,18.4,3.86,3.85,3.21,0,0.11,0.27,0.22,0.05,0.65,0.65,0.49,0,0,0.11,0.05,0,Matches
184,Billy Gilmour,sct SCO,MF,Brighton,23-255,2001,1.1,2.73,2.76,2.73,0,0,0,0,0,0,0,0,0,0,0,0,0,Matches
185,Ben Godfrey,eng ENG,DF,Ipswich Town,27-037,1998,0.7,0,0,0,0,0,0,0,0,0,0,0,0,0,0,0,0,Matches
186,Martial Godo,eng ENG,FW,Fulham,21-344,2003,0.2,0,0,0,0,0,0,0,0,0,0,0,0,0,0,0,0,Matches
187,Joao Gomes,br BRA,MF,Wolves,24-009,2001,21.5,1.81,1.82,1.58,0.05,0.14,0,0,0.05,0.09,0.09,0.09,0,0,0,0,0,Matches
188,Rodrigo Gomes,pt POR,"DF,FW",Wolves,21-229,2003,6.3,2.22,2.22,1.9,0,0.16,0.16,0,0,0,0,0,0,0,0,0,0,Matches
189,Toti Gomes,pt POR,DF,Wolves,26-036,1999,16,0.75,0.75,0.75,0,0,0,0,0,0.06,0.06,0.06,0,0,0,0,0,Matches
190,Diego Gómez,py PAR,MF,Brighton,21-331,2003,0.7,1.43,1.43,1.43,0,0,0,0,0,0,0,0,0,0,0,0,0,Matches
191,Joe Gomez,eng ENG,DF,Liverpool,27-274,1997,5.8,0.86,0.87,0.86,0,0,0,0,0,0.17,0.17,0.17,0,0,0,0,0,Matches
192,Nicolas Gonzalez,es ESP,MF,Manchester City,23-049,2002,1,1,1,1,0,0,0,0,0,0,0,0,0,0,0,0,0,Matches
193,Anthony Gordon,eng ENG,FW,Newcastle Utd,23-363,2001,21.4,4.3,4.3,3.08,0.47,0.33,0.14,0.28,0,0.51,0.51,0.37,0.05,0.05,0,0.05,0,Matches
194,Ryan Gravenberch,nl NED,MF,Liverpool,22-281,2002,24.7,1.98,1.98,1.78,0,0.08,0.08,0,0.04,0.24,0.24,0.24,0,0,0,0,0,Matches
195,Archie Gray,eng ENG,DF,Tottenham,18-346,2006,10.8,0.19,0.18,0.19,0,0,0,0,0,0,0,0,0,0,0,0,0,Matches
196,Jack Grealish,eng ENG,"FW,MF",Manchester City,29-164,1995,6.8,5.88,5.91,5.15,0.15,0.44,0,0,0.15,0.29,0.3,0.15,0,0,0,0,0.15,Matches
197,Jacob Greaves,eng ENG,DF,Ipswich Town,24-162,2000,15,0.53,0.53,0.53,0,0,0,0,0,0,0,0,0,0,0,0,0,Matches
198,Brajan Gruda,de GER,"FW,MF",Brighton,20-266,2004,4.1,3.9,3.91,2.93,0.24,0.49,0,0.24,0,0,0,0,0,0,0,0,0,Matches
199,Albert Gronbaek,dk DEN,MF,Southampton,23-274,2001,0.8,1.25,1.3,0,0,0,1.25,0,0,0,0,0,0,0,0,0,0,Matches
200,Gonçalo Guedes,pt POR,"MF,FW",Wolves,28-084,1996,8.2,2.68,2.68,2.44,0,0.12,0,0.12,0,0.98,0.97,0.85,0,0.12,0,0,0,Matches
201,Marc Guehi,eng ENG,DF,Crystal Palace,24-223,2000,24,1,1,0.79,0,0,0.13,0.08,0,0.13,0.12,0.13,0,0,0,0,0,Matches
202,Luis Guilherme,br BRA,"MF,FW",West Ham,19-012,2006,0.6,10,9.47,5,1.67,0,1.67,1.67,0,0,0,0,0,0,0,0,0,Matches
203,Bruno Guimaraes,br BRA,MF,Newcastle Utd,27-097,1997,24,3.54,3.55,3.17,0.08,0.08,0,0.13,0.08,0.58,0.58,0.54,0.04,0,0,0,0,Matches
204,Marc Guiu,es ESP,FW,Chelsea,19-048,2006,0.8,1.25,1.22,1.25,0,0,0,0,0,0,0,0,0,0,0,0,0,Matches
205,Ilkay Gundogan,de GER,MF,Manchester City,34-120,1990,15.9,3.14,3.15,2.64,0.25,0.19,0.06,0,0,0.38,0.38,0.31,0.06,0,0,0,0,Matches
206,Malo Gusto,fr FRA,DF,Chelsea,21-278,2003,15.2,2.63,2.64,2.57,0,0,0.07,0,0,0.2,0.2,0.2,0,0,0,0,0,Matches
207,Josko Gvardiol,hr CRO,DF,Manchester City,23-029,2002,23.4,2.26,2.26,2.14,0,0.09,0.04,0,0,0.26,0.26,0.21,0,0.04,0,0,0,Matches
208,Erling Haaland,no NOR,FW,Manchester City,24-215,2000,24.6,2.36,2.36,1.59,0,0.33,0.41,0.04,0,0.28,0.29,0.16,0,0.08,0.04,0,0,Matches
209,Lewis Hall,eng ENG,DF,Newcastle Utd,20-166,2004,22.3,2.65,2.64,1.88,0.72,0,0,0.04,0,0.18,0.18,0.13,0.04,0,0,0,0,Matches
210,Ali Al Hamadi,iq IRQ,FW,Ipswich Town,22-357,2002,1.5,5.33,5.37,2.67,0,2,0,0.67,0,0,0,0,0,0,0,0,0,Matches
211,Marcus Harness,eng ENG,MF,Ipswich Town,28-363,1996,0.5,4,4,4,0,0,0,0,0,0,0,0,0,0,0,0,0,Matches
212,Jack Harrison,eng ENG,FW,Everton,28-093,1996,12.8,2.27,2.25,1.72,0.16,0.08,0.08,0.23,0,0.16,0.16,0.08,0,0,0,0.08,0,Matches
213,Taylor Harwood-Bellis,eng ENG,DF,Southampton,23-022,2002,21.1,1.37,1.38,1.14,0,0,0.14,0.05,0.05,0.09,0.09,0.05,0,0,0.05,0,0,Matches
214,Kai Havertz,de GER,"FW,MF",Arsenal,25-255,1999,20.4,2.01,2.01,1.67,0,0.05,0.29,0,0,0.15,0.15,0.1,0,0,0.05,0,0,Matches
215,Jan Paul van Hecke,nl NED,DF,Brighton,24-258,2000,21.9,1.87,1.87,1.69,0.05,0,0.14,0,0,0.14,0.14,0.14,0,0,0,0,0,Matches
216,Hwang Hee-chan,kr KOR,"MF,FW",Wolves,29-026,1996,6.9,1.3,1.3,1.16,0,0,0.14,0,0,0.14,0.14,0.14,0,0,0,0,0,Matches
217,Dean Henderson,eng ENG,GK,Crystal Palace,27-346,1997,25,0.08,0.08,0.04,0.04,0,0,0,0,0,0,0,0,0,0,0,0,Matches
218,Rico Henry,eng ENG,DF,Brentford,27-228,1997,0,1,22.5,1,0,0,0,0,0,1,22.5,1,0,0,0,0,0,Matches
219,Mads Hermansen,dk DEN,GK,Leicester City,24-225,2000,17.5,0.11,0.11,0.11,0,0,0,0,0,0,0,0,0,0,0,0,0,Matches
220,Son Heung-min,kr KOR,FW,Tottenham,32-228,1992,18.6,5.16,5.17,3.87,0.38,0.54,0.22,0.16,0,0.59,0.59,0.59,0,0,0,0,0,Matches
221,James Hill,eng ENG,"DF,MF",Bournemouth,23-042,2002,2,3,3.03,1.5,1,0,0,0,0.5,0.5,0.51,0.5,0,0,0,0,0,Matches
222,Jack Hinshelwood,eng ENG,"MF,DF",Brighton,19-316,2005,10.8,1.94,1.94,1.39,0.37,0,0.09,0.09,0,0.19,0.18,0.19,0,0,0,0,0,Matches
223,George Hirst,eng ENG,FW,Ipswich Town,26-006,1999,2.6,2.31,2.35,1.92,0,0,0.38,0,0,0.77,0.78,0.38,0,0,0.38,0,0,Matches
224,Mason Holgate,eng ENG,"FW,DF",Everton,28-122,1996,0.1,0,0,0,0,0,0,0,0,0,0,0,0,0,0,0,0,Matches
225,Callum Hudson-Odoi,eng ENG,"FW,MF",Nott'ham Forest,24-106,2000,17.2,4.24,4.24,3.2,0.17,0.52,0.17,0.17,0,0.58,0.58,0.35,0,0.12,0,0.12,0,Matches
226,Will Hughes,eng ENG,MF,Crystal Palace,29-310,1995,16.6,3.25,3.25,2.05,0.78,0.06,0.12,0.24,0,0.36,0.36,0.12,0.18,0,0.06,0,0,Matches
227,Dean Huijsen,es ESP,DF,Bournemouth,19-313,2005,14.8,1.76,1.75,1.55,0.07,0,0.07,0.07,0,0.14,0.13,0.14,0,0,0,0,0,Matches
228,Omari Hutchinson,eng ENG,"MF,FW",Ipswich Town,21-114,2003,21.7,2.44,2.44,1.75,0,0.37,0.14,0.09,0.09,0.23,0.23,0.23,0,0,0,0,0,Matches
229,Rasmus Hojlund,dk DEN,FW,Manchester Utd,22-017,2003,13.3,1.65,1.65,1.05,0,0.15,0.23,0.23,0,0.08,0.07,0,0,0,0,0.08,0,Matches
230,Igor,br BRA,DF,Brighton,27-014,1998,10,1.1,1.1,1,0,0,0,0.1,0,0,0,0,0,0,0,0,0,Matches
231,Danny Ings,eng ENG,"FW,MF",West Ham,32-213,1992,3.1,3.87,3.9,2.26,0,0.32,0.97,0.32,0,0.65,0.65,0,0,0,0.32,0.32,0,Matches
232,Tim Iroegbunam,eng ENG,MF,Everton,21-236,2003,4.6,2.17,2.19,1.3,0,0.22,0,0.22,0.43,0.22,0.22,0.22,0,0,0,0,0,Matches
233,Andy Irving,sct SCO,MF,West Ham,24-284,2000,1.8,2.78,2.69,2.22,0,0.56,0,0,0,0,0,0,0,0,0,0,0,Matches
234,Alexander Isak,se SWE,FW,Newcastle Utd,25-153,1999,21,3.48,3.48,2.62,0.05,0.38,0.24,0.1,0.1,0.52,0.52,0.38,0,0.05,0,0.05,0.05,Matches
235,Alex Iwobi,ng NGA,"FW,MF",Fulham,28-294,1996,23.4,4.4,4.4,3.8,0,0.3,0.21,0.09,0,0.51,0.51,0.43,0,0.09,0,0,0,Matches
236,Nicolas Jackson,sn SEN,FW,Chelsea,23-246,2001,19.3,3.21,3.22,1.92,0,0.47,0.36,0.41,0.05,0.52,0.52,0.36,0,0.1,0.05,0,0,Matches
237,Reece James,eng ENG,DF,Chelsea,25-075,1999,5.7,1.93,1.94,1.4,0.35,0,0.18,0,0,0.18,0.18,0,0,0,0.18,0,0,Matches
238,Vitaly Janelt,de GER,MF,Brentford,26-287,1998,19.9,1.21,1.2,1.16,0.05,0,0,0,0,0.15,0.15,0.15,0,0,0,0,0,Matches
239,Vitezslav Jaros,cz CZE,GK,Liverpool,23-213,2001,0.1,0,0,0,0,0,0,0,0,0,0,0,0,0,0,0,0,Matches
240,Daniel Jebbison,eng ENG,"FW,MF",Bournemouth,21-192,2003,0.7,7.14,7.26,5.71,0,1.43,0,0,0,0,0,0,0,0,0,0,0,Matches
241,Mathias Jensen,dk DEN,MF,Brentford,29-051,1996,8,4.25,4.25,3.13,1,0.13,0,0,0,0.38,0.37,0.13,0.13,0.13,0,0,0,Matches
242,Gabriel Jesus,br BRA,FW,Arsenal,27-324,1997,6.8,2.65,2.66,1.47,0,0.15,0.74,0.15,0.15,0.59,0.59,0.15,0,0,0.44,0,0,Matches
243,Raul Jimenez,mx MEX,FW,Fulham,33-292,1991,17.7,2.43,2.42,1.53,0.06,0.11,0.45,0.23,0.06,0.34,0.34,0.17,0,0,0.06,0.06,0.06,Matches
244,Kim Jisoo,kr KOR,DF,Brentford,20-059,2004,0.3,0,0,0,0,0,0,0,0,0,0,0,0,0,0,0,0,Matches
245,Joao Pedro,br BRA,"FW,MF",Brighton,23-148,2001,15.1,2.98,2.98,2.32,0,0.13,0.13,0.4,0,0.4,0.4,0.33,0,0,0,0.07,0,Matches
246,Joelinton,br BRA,"MF,FW",Newcastle Utd,28-191,1996,21.3,2.25,2.26,1.78,0.09,0,0.19,0.05,0.14,0.28,0.28,0.28,0,0,0,0,0,Matches
247,Ben Johnson,eng ENG,"DF,FW",Ipswich Town,25-028,2000,10.2,1.47,1.47,0.78,0.39,0,0.1,0.2,0,0.39,0.39,0.29,0,0,0.1,0,0,Matches
248,Brennan Johnson,wls WAL,FW,Tottenham,23-274,2001,16.9,2.25,2.25,1.54,0,0.3,0.24,0.12,0.06,0.36,0.36,0.3,0,0.06,0,0,0,Matches
249,Sam Johnstone,eng ENG,GK,Wolves,31-333,1993,7,0.29,0.29,0.29,0,0,0,0,0,0,0,0,0,0,0,0,0,Matches
250,Curtis Jones,eng ENG,MF,Liverpool,24-022,2001,11.6,2.33,2.32,2.07,0,0,0.17,0.09,0,0.52,0.52,0.34,0,0,0.09,0.09,0,Matches
251,Jorginho,it ITA,MF,Arsenal,33-063,1991,5.3,1.32,1.33,1.13,0,0,0,0.19,0,0,0,0,0,0,0,0,0,Matches
252,Diogo Jota,pt POR,FW,Liverpool,28-079,1996,8.4,3.1,3.08,1.79,0,0.6,0.48,0.12,0.12,0.71,0.71,0.48,0,0.12,0,0.12,0,Matches
253,James Justin,eng ENG,DF,Leicester City,26-364,1998,22.4,1.21,1.2,0.71,0.09,0.04,0.18,0.18,0,0.04,0.04,0.04,0,0,0,0,0,Matches
254,Filip Jorgensen,dk DEN,GK,Chelsea,22-311,2002,4,0.25,0.25,0.25,0,0,0,0,0,0,0,0,0,0,0,0,0,Matches
255,Ferdi Kadioglu,tr TUR,"DF,MF",Brighton,25-137,1999,4.3,3.02,3.03,2.56,0,0,0,0.23,0.23,0.47,0.47,0.47,0,0,0,0,0,Matches
256,Daichi Kamada,jp JPN,MF,Crystal Palace,28-200,1996,10.4,3.27,3.26,2.69,0.29,0,0.1,0,0.19,0.1,0.1,0,0.1,0,0,0,0,Matches
257,Boubacar Kamara,fr FRA,"MF,DF",Aston Villa,25-090,1999,11.7,1.37,1.37,1.03,0.09,0.09,0,0,0.17,0.17,0.17,0.17,0,0,0,0,0,Matches
258,Michael Kayode,it ITA,DF,Brentford,20-226,2004,0.2,10,11.25,5,5,0,0,0,0,0,0,0,0,0,0,0,0,Matches
259,Michael Keane,eng ENG,DF,Everton,32-041,1993,9,0.67,0.66,0.67,0,0,0,0,0,0,0,0,0,0,0,0,0,Matches
260,Caoimhin Kelleher,ie IRL,GK,Liverpool,26-090,1998,8,0.38,0.37,0.38,0,0,0,0,0,0.13,0.12,0.13,0,0,0,0,0,Matches
261,Lloyd Kelly,eng ENG,DF,Newcastle Utd,26-138,1998,3.4,0.59,0.59,0.59,0,0,0,0,0,0.29,0.3,0.29,0,0,0,0,0,Matches
262,Milos Kerkez,hu HUN,DF,Bournemouth,21-106,2003,24.2,2.23,2.23,1.9,0.12,0.04,0.04,0.04,0.08,0.25,0.25,0.21,0,0.04,0,0,0,Matches
263,Bilal El Khannouss,ma MAR,MF,Leicester City,20-287,2004,13.2,2.42,2.43,1.97,0.15,0.23,0.08,0,0,0.15,0.15,0.15,0,0,0,0,0,Matches
264,Abdukodir Khusanov,uz UZB,DF,Manchester City,20-358,2004,1.6,0.63,0.63,0.63,0,0,0,0,0,0,0,0,0,0,0,0,0,Matches
265,Max Kilman,eng ENG,DF,West Ham,27-274,1997,24.2,0.74,0.74,0.66,0,0.08,0,0,0,0.12,0.12,0.08,0,0.04,0,0,0,Matches
266,Joshua King,eng ENG,"MF,FW",Fulham,18-049,2007,0.9,4.44,4.5,3.33,0,1.11,0,0,0,0,0,0,0,0,0,0,0,Matches
267,Antonin Kinsky,cz CZE,GK,Tottenham,21-345,2003,4,0.25,0.25,0.25,0,0,0,0,0,0,0,0,0,0,0,0,0,Matches
268,Jakub Kiwior,pl POL,DF,Arsenal,25-006,2000,3.6,0.28,0.28,0.28,0,0,0,0,0,0,0,0,0,0,0,0,0,Matches
269,Justin Kluivert,nl NED,"MF,FW",Bournemouth,25-292,1999,17.8,3.71,3.7,2.98,0.17,0.28,0.11,0.11,0.06,0.56,0.56,0.51,0,0,0,0.06,0,Matches
270,Ibrahima Konaté,fr FRA,DF,Liverpool,25-272,1999,18,1.22,1.22,1.11,0,0,0.11,0,0,0.28,0.28,0.28,0,0,0,0,0,Matches
271,Ezri Konsa,eng ENG,DF,Aston Villa,27-121,1997,21.1,0.76,0.76,0.57,0.09,0.05,0.05,0,0,0.14,0.14,0.14,0,0,0,0,0,Matches
272,Mateo Kovacic,hr CRO,MF,Manchester City,30-291,1994,17.2,3.02,3.02,2.44,0,0.17,0.23,0.12,0.06,0.29,0.29,0.17,0,0.06,0.06,0,0,Matches
273,Caleb Kporha,eng ENG,DF,Crystal Palace,18-221,2006,0.1,0,0,0,0,0,0,0,0,0,0,0,0,0,0,0,0,Matches
274,Emil Krafth,se SWE,DF,Newcastle Utd,30-203,1994,2.7,1.11,1.12,0.74,0,0,0.37,0,0,0,0,0,0,0,0,0,0,Matches
275,Mohammed Kudus,gh GHA,"MF,FW",West Ham,24-203,2000,18.4,3.97,3.98,2.77,0,0.65,0.38,0.05,0.11,0.11,0.11,0.11,0,0,0,0,0,Matches
276,Dejan Kulusevski,se SWE,"MF,FW",Tottenham,24-302,2000,22.7,5.24,5.25,3.83,0.53,0.66,0.09,0.13,0,0.4,0.4,0.31,0.04,0.04,0,0,0,Matches
277,Maxence Lacroix,fr FRA,DF,Crystal Palace,24-321,2000,21.9,0.96,0.96,0.78,0.05,0,0.14,0,0,0.18,0.18,0.09,0.05,0,0.05,0,0,Matches
278,Adam Lallana,eng ENG,MF,Southampton,36-287,1988,3.8,2.37,2.38,2.11,0,0,0,0.26,0,0.53,0.53,0.53,0,0,0,0,0,Matches
279,Tariq Lamptey,gh GHA,DF,Brighton,24-144,2000,6.8,1.76,1.77,1.62,0.15,0,0,0,0,0.29,0.3,0.29,0,0,0,0,0,Matches
280,Will Lankshear,eng ENG,"FW,MF",Tottenham,19-307,2005,0.1,0,0,0,0,0,0,0,0,0,0,0,0,0,0,0,0,Matches
281,Romeo Lavia,be BEL,MF,Chelsea,21-046,2004,5.9,1.86,1.86,1.86,0,0,0,0,0,0.34,0.34,0.34,0,0,0,0,0,Matches
282,Mario Lemina,ga GAB,"MF,DF",Wolves,31-173,1993,15.2,1.71,1.71,1.38,0,0.13,0.13,0,0.07,0.33,0.33,0.33,0,0,0,0,0,Matches
283,Bernd Leno,de GER,GK,Fulham,32-354,1992,25,0.16,0.16,0.16,0,0,0,0,0,0.04,0.04,0.04,0,0,0,0,0,Matches
284,Jefferson Lerma,co COL,MF,Crystal Palace,30-119,1994,14.9,2.01,2.02,1.68,0.2,0,0.07,0,0.07,0.07,0.07,0.07,0,0,0,0,0,Matches
285,Rico Lewis,eng ENG,"DF,MF",Manchester City,20-092,2004,16.6,1.57,1.57,1.51,0,0,0,0.06,0,0.12,0.12,0.12,0,0,0,0,0,Matches
286,Keane Lewis-Potter,eng ENG,"DF,FW",Brentford,23-365,2001,22.3,2.06,2.06,1.57,0,0.18,0.09,0.18,0.04,0.27,0.27,0.22,0,0,0,0.04,0,Matches
287,Myles Lewis-Skelly,eng ENG,DF,Arsenal,18-148,2006,7,0.71,0.72,0.71,0,0,0,0,0,0,0,0,0,0,0,0,0,Matches
288,Matthijs de Ligt,nl NED,DF,Manchester Utd,25-193,1999,18.2,0.66,0.66,0.55,0,0,0.11,0,0,0,0,0,0,0,0,0,0,Matches
289,Pedro Lima,br BRA,DF,Wolves,18-235,2006,0.7,4.29,4.58,2.86,0,0,0,0,1.43,0,0,0,0,0,0,0,0,Matches
290,Victor Lindelof,se SWE,"DF,MF",Manchester Utd,30-219,1994,0.7,2.86,2.9,2.86,0,0,0,0,0,0,0,0,0,0,0,0,0,Matches
291,Jesper Lindstrom,dk DEN,FW,Everton,24-358,2000,11.4,3.68,3.69,2.46,0.61,0.18,0.18,0.18,0.09,0,0,0,0,0,0,0,0,Matches
292,Valentino Livramento,eng ENG,DF,Newcastle Utd,22-101,2002,18.8,1.17,1.17,1.12,0,0,0.05,0,0,0,0,0,0,0,0,0,0,Matches
293,Sean Longstaff,eng ENG,MF,Newcastle Utd,27-114,1997,8.2,1.71,1.71,1.46,0,0.12,0.12,0,0,0.24,0.24,0.12,0,0,0.12,0,0,Matches
294,Sasa Lukic,rs SRB,MF,Fulham,28-192,1996,17.6,2.22,2.22,1.42,0.45,0,0.23,0.06,0.06,0.11,0.11,0.06,0,0,0.06,0,0,Matches
295,Joe Lumley,eng ENG,GK,Southampton,30-006,1995,3,0,0,0,0,0,0,0,0,0,0,0,0,0,0,0,0,Matches
296,Massimo Luongo,au AUS,MF,Ipswich Town,32-149,1992,2,0,0,0,0,0,0,0,0,0,0,0,0,0,0,0,0,Matches
297,Ian Maatsen,nl NED,DF,Aston Villa,22-348,2002,5.7,6.14,6.12,4.74,0.35,0.35,0.53,0,0.18,0.88,0.87,0.88,0,0,0,0,0,Matches
298,Alexis Mac Allister,ar ARG,MF,Liverpool,26-059,1998,21,4.19,4.19,3.33,0.38,0.1,0.24,0.05,0.1,0.48,0.48,0.43,0,0,0.05,0,0,Matches
299,James Maddison,eng ENG,MF,Tottenham,28-090,1996,15.1,4.5,4.5,3.25,0.46,0.26,0.2,0.33,0,0.86,0.86,0.6,0.07,0.13,0.07,0,0,Matches
300,Noni Madueke,eng ENG,FW,Chelsea,22-348,2002,16.1,3.79,3.78,2.73,0,0.5,0.31,0.19,0.06,0.5,0.5,0.31,0,0,0.06,0.06,0.06,Matches
301,Gabriel Magalhaes,br BRA,DF,Arsenal,27-064,1997,22.1,1.31,1.31,1.13,0,0,0.14,0.05,0,0.27,0.27,0.18,0,0,0.05,0.05,0,Matches
302,Edmond-Paris Maghoma,eng ENG,MF,Brentford,23-289,2001,0.9,2.22,2.31,2.22,0,0,0,0,0,1.11,1.15,1.11,0,0,0,0,0,Matches
303,Harry Maguire,eng ENG,DF,Manchester Utd,31-353,1993,13.1,0.84,0.84,0.76,0,0,0.08,0,0,0,0,0,0,0,0,0,0,Matches
304,Kobbie Mainoo,eng ENG,MF,Manchester Utd,19-308,2005,14.3,1.75,1.75,1.47,0,0.21,0,0.07,0,0.07,0.07,0.07,0,0,0,0,0,Matches
305,Tyrell Malacia,nl NED,DF,Manchester Utd,25-188,1999,1.1,1.82,1.8,0.91,0,0,0,0.91,0,0,0,0,0,0,0,0,0,Matches
306,Donyell Malen,nl NED,FW,Aston Villa,26-043,1999,1.7,1.76,1.72,1.18,0,0.59,0,0,0,0,0,0,0,0,0,0,0,Matches
307,Orel Mangala,be BEL,MF,Everton,26-340,1998,14,1.71,1.72,1.21,0.07,0.14,0.21,0.07,0,0.07,0.07,0,0,0,0,0.07,0,Matches
308,Ryan Manning,ie IRL,DF,Southampton,28-252,1996,8.5,2.94,2.93,1.65,1.18,0,0,0,0.12,0,0,0,0,0,0,0,0,Matches
309,Solly March,eng ENG,"MF,DF",Brighton,30-216,1994,0.3,3.33,3.6,3.33,0,0,0,0,0,3.33,3.6,3.33,0,0,0,0,0,Matches
310,Omar Marmoush,eg EGY,"FW,MF",Manchester City,26-014,1999,2.4,3.33,3.29,1.67,0.83,0,0.42,0.42,0,0,0,0,0,0,0,0,0,Matches
311,Gabriel Martinelli,br BRA,"FW,MF",Arsenal,23-248,2001,16.2,2.41,2.41,1.98,0.06,0.25,0.06,0.06,0,0.19,0.19,0.19,0,0,0,0,0,Matches
312,Emiliano Martinez,ar ARG,GK,Aston Villa,32-172,1992,25.5,0.12,0.12,0.08,0.04,0,0,0,0,0,0,0,0,0,0,0,0,Matches
313,Lisandro Martinez,ar ARG,DF,Manchester Utd,27-034,1998,19.5,1.33,1.34,1.18,0,0,0.1,0,0.05,0.1,0.1,0.1,0,0,0,0,0,Matches
314,Pape Matar Sarr,sn SEN,MF,Tottenham,22-160,2002,14.2,2.25,2.25,1.83,0.07,0.14,0.14,0,0.07,0.42,0.42,0.28,0,0.07,0.07,0,0,Matches
315,Jean-Philippe Mateta,fr FRA,FW,Crystal Palace,27-238,1997,21.7,2.07,2.08,1.38,0,0.14,0.41,0.14,0,0.28,0.28,0.09,0,0.09,0.09,0,0,Matches
316,Stephy Mavididi,eng ENG,FW,Leicester City,26-266,1998,14.5,2.9,2.89,2.34,0.14,0.28,0.14,0,0,0.48,0.48,0.41,0,0.07,0,0,0,Matches
317,Konstantinos Mavropanos,gr GRE,DF,West Ham,27-072,1997,16.6,0.78,0.78,0.54,0,0.06,0.12,0,0.06,0,0,0,0,0,0,0,0,Matches
318,Noussair Mazraoui,ma MAR,DF,Manchester Utd,27-099,1997,21.4,1.54,1.55,1.36,0,0,0.05,0.09,0.05,0.05,0.05,0.05,0,0,0,0,0,Matches
319,Bryan Mbeumo,cm CMR,FW,Brentford,25-198,1999,24.9,4.02,4.01,3.01,0.48,0.36,0.04,0.12,0,0.4,0.4,0.32,0,0.08,0,0,0,Matches
320,James Mcatee,eng ENG,"MF,FW",Manchester City,22-126,2002,1.2,0.83,0.87,0.83,0,0,0,0,0,0,0,0,0,0,0,0,0,Matches
321,Kasey McAteer,ie IRL,"FW,MF",Leicester City,23-091,2001,4.3,2.79,2.8,2.56,0,0,0,0.23,0,0.23,0.23,0.23,0,0,0,0,0,Matches
322,Alex McCarthy,eng ENG,GK,Southampton,35-080,1989,5,0,0,0,0,0,0,0,0,0,0,0,0,0,0,0,0,Matches
323,John McGinn,sct SCO,"MF,FW",Aston Villa,30-126,1994,17.1,2.98,2.98,2.34,0.29,0,0.18,0.12,0.06,0.23,0.23,0.23,0,0,0,0,0,Matches
324,Dwight McNeil,eng ENG,"MF,FW",Everton,25-091,1999,12.7,4.72,4.74,2.6,1.42,0.31,0.16,0.16,0.08,0.47,0.47,0.24,0.08,0.08,0,0,0.08,Matches
325,Scott McTominay,sct SCO,MF,Manchester Utd,28-075,1996,0.2,5,4.74,0,0,0,5,0,0,0,0,0,0,0,0,0,0,Matches
326,Ben Mee,eng ENG,DF,Brentford,35-153,1989,2,0,0,0,0,0,0,0,0,0,0,0,0,0,0,0,0,Matches
327,Jayden Meghoma,eng ENG,DF,Brentford,18-238,2006,0.1,0,0,0,0,0,0,0,0,0,0,0,0,0,0,0,0,Matches
328,Mikel Merino,es ESP,MF,Arsenal,28-244,1996,8.8,2.73,2.74,2.27,0,0,0.34,0.11,0,0.34,0.34,0.34,0,0,0,0,0,Matches
329,Nikola Milenkovic,rs SRB,DF,Nott'ham Forest,27-132,1997,24,0.54,0.54,0.38,0,0,0.13,0,0.04,0.08,0.08,0.08,0,0,0,0,0,Matches
330,Lewis Miley,eng ENG,MF,Newcastle Utd,18-296,2006,0.9,0,0,0,0,0,0,0,0,0,0,0,0,0,0,0,0,Matches
331,James Milner,eng ENG,MF,Brighton,39-048,1986,1.9,4.21,4.26,2.63,1.05,0,0,0.53,0,0,0,0,0,0,0,0,0,Matches
332,Tyrone Mings,eng ENG,DF,Aston Villa,31-345,1993,7,1.86,1.85,1.57,0,0,0.14,0,0.14,0.14,0.14,0,0,0,0.14,0,0,Matches
333,Yankuba Minteh,gm GAM,"FW,MF",Brighton,20-214,2004,10.3,3.3,3.31,1.65,0.68,0.78,0.1,0.1,0,0.68,0.68,0.19,0,0.39,0.1,0,0,Matches
334,Tyrick Mitchell,eng ENG,DF,Crystal Palace,25-173,1999,23.9,2.22,2.22,2.01,0.04,0,0.13,0.04,0,0.17,0.17,0.17,0,0,0,0,0,Matches
335,Kaoru Mitoma,jp JPN,"FW,MF",Brighton,27-277,1997,22,3.27,3.27,2.73,0,0.18,0.14,0.18,0.05,0.36,0.36,0.32,0,0,0,0.05,0,Matches
336,Jakub Moder,pl POL,MF,Brighton,25-320,1999,0.1,40,32.73,40,0,0,0,0,0,0,0,0,0,0,0,0,0,Matches
337,Mikey Moore,eng ENG,"FW,MF",Tottenham,17-194,2007,2.1,4.76,4.86,2.86,0.95,0,0.48,0.48,0,0.95,0.97,0.48,0,0,0.48,0,0,Matches
338,Morato,br BRA,DF,Nott'ham Forest,23-236,2001,6.7,0.3,0.3,0.3,0,0,0,0,0,0,0,0,0,0,0,0,0,Matches
339,Alex Moreno,es ESP,DF,Nott'ham Forest,31-258,1993,9,1.22,1.22,1.11,0.11,0,0,0,0,0.22,0.22,0.22,0,0,0,0,0,Matches
340,Sam Morsy,eg EGY,MF,Ipswich Town,33-164,1991,21.1,1.47,1.47,1.33,0.14,0,0,0,0,0.05,0.05,0.05,0,0,0,0,0,Matches
341,Yerson Mosquera,co COL,DF,Wolves,23-295,2001,4.9,1.02,1.02,1.02,0,0,0,0,0,0,0,0,0,0,0,0,0,Matches
342,Mason Mount,eng ENG,"MF,FW",Manchester Utd,26-042,1999,2.7,2.96,2.91,1.85,0.74,0,0.37,0,0,0,0,0,0,0,0,0,0,Matches
343,Divin Mubama,eng ENG,FW,Manchester City,20-119,2004,0.3,0,0,0,0,0,0,0,0,0,0,0,0,0,0,0,0,Matches
344,Mykhailo Mudryk,ua UKR,FW,Chelsea,24-047,2001,1.7,3.53,3.6,2.35,0.59,0,0,0.59,0,0,0,0,0,0,0,0,0,Matches
345,Marshall Munetsi,zw ZIM,FW,Wolves,28-244,1996,0.5,4,4,4,0,0,0,0,0,0,0,0,0,0,0,0,0,Matches
346,Rodrigo Muniz,br BRA,FW,Fulham,23-293,2001,7.6,1.32,1.31,0.79,0,0.13,0.13,0.13,0.13,0,0,0,0,0,0,0,0,Matches
347,Daniel Munoz,co COL,DF,Crystal Palace,28-271,1996,23,2.43,2.43,1.91,0.09,0.04,0.22,0.04,0.13,0.22,0.22,0.17,0,0,0.04,0,0,Matches
348,Arijanet Muric,xk KVX,GK,Ipswich Town,26-106,1998,18,0.06,0.06,0,0.06,0,0,0,0,0,0,0,0,0,0,0,0,Matches
349,Murillo,br BRA,DF,Nott'ham Forest,22-232,2002,23.5,1.19,1.19,0.77,0.21,0,0.09,0.04,0.09,0.04,0.04,0.04,0,0,0,0,0,Matches
350,Jacob Murphy,eng ENG,FW,Newcastle Utd,29-363,1995,15.9,3.14,3.15,2.45,0.25,0.13,0.06,0.13,0.13,0.57,0.57,0.57,0,0,0,0,0,Matches
351,Vitaliy Mykolenko,ua UKR,DF,Everton,25-268,1999,22.2,1.13,1.12,1.08,0,0,0.05,0,0,0.09,0.09,0.05,0,0,0.05,0,0,Matches
352,Iliman Ndiaye,sn SEN,FW,Everton,24-352,2000,20.9,2.54,2.54,1.91,0,0.33,0,0.29,0,0.24,0.24,0.14,0,0.05,0,0.05,0,Matches
353,Wilfred Ndidi,ng NGA,MF,Leicester City,28-067,1996,14.4,1.11,1.11,0.97,0,0.07,0.07,0,0,0.21,0.21,0.21,0,0,0,0,0,Matches
354,Kosta Nedeljkovic,rs SRB,DF,Aston Villa,19-067,2005,1.4,0,0,0,0,0,0,0,0,0,0,0,0,0,0,0,0,Matches
355,Reiss Nelson,eng ENG,FW,Arsenal,25-073,1999,0,0,0,0,0,0,0,0,0,0,0,0,0,0,0,0,0,Matches
356,Reiss Nelson,eng ENG,FW,Fulham,25-073,1999,5.4,5.74,5.73,3.89,0.37,0.56,0.74,0,0.19,0.19,0.18,0.19,0,0,0,0,0,Matches
357,Neto,br BRA,GK,Bournemouth,35-217,1989,2,0,0,0,0,0,0,0,0,0,0,0,0,0,0,0,0,Matches
358,Pedro Neto,pt POR,FW,Chelsea,24-349,2000,13.3,3.38,3.39,2.56,0.15,0.38,0.15,0.15,0,0.38,0.38,0.23,0,0.15,0,0,0,Matches
359,Eddie Nketiah,eng ENG,"MF,FW",Crystal Palace,25-267,1999,7,2.86,2.84,1.71,0,0.43,0.14,0.57,0,0.29,0.28,0.14,0,0,0,0.14,0,Matches
360,Christopher Nkunku,fr FRA,FW,Chelsea,27-099,1997,6.1,3.44,3.42,2.46,0,0.66,0.33,0,0,0.33,0.33,0,0,0.16,0.16,0,0,Matches
361,Matheus Nunes,pt POR,"DF,MF",Manchester City,26-178,1998,9.9,3.03,3.02,2.32,0.1,0.2,0.2,0.2,0,0.51,0.5,0.3,0,0.1,0.1,0,0,Matches
362,Darwin Nunez,uy URU,FW,Liverpool,25-242,1999,10,2.1,2.1,1.3,0,0.4,0.1,0.1,0.2,0.3,0.3,0.3,0,0,0,0,0,Matches
363,Ethan Nwaneri,eng ENG,"FW,MF",Arsenal,17-337,2007,4.2,3.1,3.06,1.67,0.48,0.48,0.24,0.24,0,0.48,0.47,0.48,0,0,0,0,0,Matches
364,Christian Norgaard,dk DEN,MF,Brentford,30-348,1994,19.8,1.72,1.71,1.41,0,0,0.15,0.1,0.05,0.35,0.35,0.3,0,0,0,0.05,0,Matches
365,Jake O'Brien,ie IRL,DF,Everton,23-282,2001,5.5,0.91,0.92,0.73,0,0.18,0,0,0,0,0,0,0,0,0,0,0,Matches
366,Matt O'Riley,dk DEN,MF,Brighton,24-092,2000,5.3,4.34,4.37,2.83,0.94,0,0.38,0,0.19,0.38,0.38,0.38,0,0,0,0,0,Matches
367,Dara O'Shea,ie IRL,DF,Ipswich Town,25-354,1999,21.7,0.6,0.6,0.46,0,0,0.05,0.05,0.05,0.05,0.05,0.05,0,0,0,0,0,Matches
368,Chidozie Obi-Martin,dk DEN,MF,Manchester Utd,17-084,2007,0,0,0,0,0,0,0,0,0,0,0,0,0,0,0,0,0,Matches
369,Wilson Odobert,fr FRA,FW,Tottenham,20-085,2004,1.8,2.22,2.18,1.67,0,0,0.56,0,0,0,0,0,0,0,0,0,0,Matches
370,Chiedozie Ogbene,ie IRL,FW,Ipswich Town,27-296,1997,2.6,1.15,1.13,0.77,0,0,0,0.38,0,0,0,0,0,0,0,0,0,Matches
371,Caleb Okoli,it ITA,DF,Leicester City,23-223,2001,10.2,0.29,0.29,0.29,0,0,0,0,0,0,0,0,0,0,0,0,0,Matches
372,Robin Olsen,se SWE,GK,Aston Villa,35-044,1990,0.5,2,2,0,2,0,0,0,0,0,0,0,0,0,0,0,0,Matches
373,Amadou Onana,be BEL,MF,Aston Villa,23-189,2001,12,1.42,1.42,1,0.08,0,0.33,0,0,0.17,0.17,0.08,0,0,0.08,0,0,Matches
374,Andre Onana,cm CMR,GK,Manchester Utd,28-325,1996,25,0.16,0.16,0.12,0.04,0,0,0,0,0,0,0,0,0,0,0,0,Matches
375,Paul Onuachu,ng NGA,FW,Southampton,30-269,1994,7,1,0.99,0.86,0,0,0.14,0,0,0.14,0.14,0.14,0,0,0,0,0,Matches
376,Frank Onyeka,ng NGA,MF,Brentford,27-051,1998,0.3,0,0,0,0,0,0,0,0,0,0,0,0,0,0,0,0,Matches
377,Lewis Orford,eng ENG,MF,West Ham,19-003,2006,0.5,4,3.67,4,0,0,0,0,0,0,0,0,0,0,0,0,0,Matches
378,Stefan Ortega,de GER,GK,Manchester City,32-107,1992,9,0,0,0,0,0,0,0,0,0,0,0,0,0,0,0,0,Matches
379,William Osula,dk DEN,"FW,MF",Newcastle Utd,21-201,2003,0.5,2,1.84,2,0,0,0,0,0,0,0,0,0,0,0,0,0,Matches
380,Dango Ouattara,bf BFA,FW,Bournemouth,23-010,2002,14.8,3.04,3.05,2.43,0,0.07,0.47,0,0.07,0.41,0.41,0.27,0,0.07,0.07,0,0,Matches
381,Nico O’Reilly,eng ENG,"MF,DF",Manchester City,19-337,2005,0.3,0,0,0,0,0,0,0,0,0,0,0,0,0,0,0,0,Matches
382,Alex Palmer,eng ENG,GK,Ipswich Town,28-195,1996,1,0,0,0,0,0,0,0,0,0,0,0,0,0,0,0,0,Matches
383,Cole Palmer,eng ENG,MF,Chelsea,22-291,2002,24.3,5.68,5.68,3.7,0.78,0.37,0.49,0.25,0.08,0.45,0.45,0.29,0,0.08,0.04,0.04,0,Matches
384,Emerson Palmieri,it ITA,DF,West Ham,30-202,1994,18.6,1.72,1.72,1.02,0.54,0,0.11,0.05,0,0.05,0.05,0,0.05,0,0,0,0,Matches
385,Lucas Paqueta,br BRA,"MF,FW",West Ham,27-178,1997,18.9,3.23,3.23,2.59,0.11,0.05,0.21,0.26,0,0.26,0.27,0.11,0,0,0.11,0.05,0,Matches
386,Thomas Partey,gh GHA,"MF,DF",Arsenal,31-253,1993,21.4,1.92,1.91,1.54,0.09,0,0.09,0.05,0.14,0.56,0.56,0.33,0.09,0,0.05,0.05,0.05,Matches
387,Nathan Patterson,sct SCO,"DF,FW",Everton,23-128,2001,1.4,4.29,4.19,2.86,0,1.43,0,0,0,0,0,0,0,0,0,0,0,Matches
388,Andreas Pereira,br BRA,MF,Fulham,29-051,1996,14.3,5.24,5.27,2.87,2.03,0,0.14,0.21,0,0.35,0.35,0.07,0.14,0,0,0.14,0,Matches
389,Ricardo Pereira,pt POR,DF,Leicester City,31-138,1993,1.6,1.25,1.23,1.25,0,0,0,0,0,0,0,0,0,0,0,0,0,Matches
390,Kalvin Phillips,eng ENG,MF,Ipswich Town,29-081,1995,10.6,1.23,1.23,0.94,0.19,0,0.09,0,0,0.19,0.19,0.19,0,0,0,0,0,Matches
391,Jaden Philogene Bidace,eng ENG,"FW,MF",Aston Villa,23-013,2002,3.7,1.35,1.36,0.81,0,0,0,0.27,0.27,0,0,0,0,0,0,0,0,Matches
392,Jaden Philogene Bidace,eng ENG,"FW,MF",Ipswich Town,23-013,2002,1.5,0,0,0,0,0,0,0,0,0,0,0,0,0,0,0,0,Matches
393,Jordan Pickford,eng ENG,GK,Everton,30-351,1994,25,0.24,0.24,0.24,0,0,0,0,0,0.04,0.04,0.04,0,0,0,0,0,Matches
394,Ethan Pinnock,jm JAM,DF,Brentford,31-268,1993,16.3,1.17,1.16,0.74,0.25,0,0.12,0.06,0,0,0,0,0,0,0,0,0,Matches
395,Daniel Podence,pt POR,"MF,FW",Wolves,29-123,1995,0.5,0,0,0,0,0,0,0,0,0,0,0,0,0,0,0,0,Matches
396,Alfie Pond,eng ENG,DF,Wolves,20-357,2004,0,0,0,0,0,0,0,0,0,0,0,0,0,0,0,0,0,Matches
397,Nick Pope,eng ENG,GK,Newcastle Utd,32-308,1992,15,0.2,0.2,0.2,0,0,0,0,0,0,0,0,0,0,0,0,0,Matches
398,Pedro Porro,es ESP,DF,Tottenham,25-161,1999,23.1,3.38,3.38,2.34,0.56,0.13,0.22,0.13,0,0.3,0.3,0.13,0.13,0.04,0,0,0,Matches
399,Jarell Quansah,eng ENG,DF,Liverpool,22-023,2003,3.1,0.32,0.33,0.32,0,0,0,0,0,0,0,0,0,0,0,0,0,Matches
400,Hakon Rafn Valdimarsson,is ISL,GK,Brentford,23-131,2001,1.6,1.25,1.24,1.25,0,0,0,0,0,0,0,0,0,0,0,0,0,Matches
401,Aaron Ramsdale,eng ENG,GK,Southampton,26-283,1998,17,0.12,0.12,0.12,0,0,0,0,0,0,0,0,0,0,0,0,0,Matches
402,Jacob Ramsey,eng ENG,"FW,MF",Aston Villa,23-269,2001,11.9,3.28,3.28,2.44,0,0.34,0.08,0.42,0,0.42,0.42,0.42,0,0,0,0,0,Matches
403,Marcus Rashford,eng ENG,"FW,MF",Manchester Utd,27-113,1997,10.9,2.66,2.67,2.2,0.09,0.18,0.18,0,0,0.09,0.09,0.09,0,0,0,0,0,Matches
404,Marcus Rashford,eng ENG,FW,Aston Villa,27-113,1997,1.2,10,9.73,5,0.83,1.67,0.83,1.67,0,0.83,0.81,0,0,0,0.83,0,0,Matches
405,David Raya,es ESP,GK,Arsenal,29-159,1995,25,0.12,0.12,0.08,0.04,0,0,0,0,0,0,0,0,0,0,0,0,Matches
406,Harrison Reed,eng ENG,MF,Fulham,30-025,1995,0.8,1.25,1.3,0,1.25,0,0,0,0,0,0,0,0,0,0,0,0,Matches
407,Remy Rees-Dottin,eng ENG,FW,Bournemouth,18-352,2006,0,0,0,0,0,0,0,0,0,0,0,0,0,0,0,0,0,Matches
408,Sergio Reguilon,es ESP,DF,Tottenham,28-067,1996,1.4,0.71,0.73,0.71,0,0,0,0,0,0,0,0,0,0,0,0,0,Matches
409,Bobby Reid,jm JAM,"FW,MF",Leicester City,32-019,1993,5.8,1.9,1.88,1.21,0,0,0.34,0.34,0,0.52,0.51,0.17,0,0,0.17,0.17,0,Matches
410,Chadi Riad,ma MAR,DF,Crystal Palace,21-249,2003,1,0,0,0,0,0,0,0,0,0,0,0,0,0,0,0,0,Matches
411,Declan Rice,eng ENG,MF,Arsenal,26-038,1999,20.3,3.45,3.44,1.87,1.03,0.15,0.1,0.25,0.05,0.34,0.34,0.2,0.1,0,0.05,0,0,Matches
412,Chris Richards,us USA,DF,Crystal Palace,24-330,2000,11.9,0.42,0.42,0.25,0,0,0.08,0,0.08,0.08,0.08,0,0,0,0.08,0,0,Matches
413,Richarlison,br BRA,FW,Tottenham,27-287,1997,3.1,2.58,2.57,1.61,0,0,0.65,0.32,0,0.32,0.32,0.32,0,0,0,0,0,Matches
414,Andrew Robertson,sct SCO,DF,Liverpool,30-347,1994,21.1,2.89,2.89,2.42,0.43,0,0,0,0.05,0.09,0.09,0.09,0,0,0,0,0,Matches
415,Antonee Robinson,us USA,DF,Fulham,27-197,1997,25,2.56,2.56,2.36,0.04,0.04,0.08,0,0.04,0.44,0.44,0.44,0,0,0,0,0,Matches
416,Rodri,es ESP,MF,Manchester City,28-244,1996,0.7,2.86,2.77,2.86,0,0,0,0,0,0,0,0,0,0,0,0,0,Matches
417,Guido Rodriguez,ar ARG,MF,West Ham,30-315,1994,11.3,0.88,0.88,0.71,0,0,0.18,0,0,0,0,0,0,0,0,0,0,Matches
418,Mads Roerslev,dk DEN,DF,Brentford,25-242,1999,12.2,1.72,1.72,1.48,0,0.08,0.08,0.08,0,0.16,0.16,0.16,0,0,0,0,0,Matches
419,Morgan Rogers,eng ENG,"MF,FW",Aston Villa,22-210,2002,23.1,3.25,3.25,2.47,0,0.35,0.3,0.13,0,0.39,0.39,0.3,0,0.04,0,0.04,0,Matches
420,Cristian Romero,ar ARG,DF,Tottenham,26-300,1998,10.8,1.48,1.48,1.2,0,0,0.28,0,0,0.19,0.18,0.19,0,0,0,0,0,Matches
421,Georginio Rutter,fr FRA,"FW,MF",Brighton,22-307,2002,14.9,3.36,3.36,1.88,0,0.4,0.47,0.47,0.13,0.27,0.27,0.13,0,0.07,0.07,0,0,Matches
422,Jose Sa,pt POR,GK,Wolves,32-035,1993,18,0.22,0.22,0.22,0,0,0,0,0,0,0,0,0,0,0,0,0,Matches
423,Bukayo Saka,eng ENG,"FW,MF",Arsenal,23-169,2001,14.1,6.31,6.32,3.69,1.21,0.64,0.57,0.21,0,1.49,1.49,0.85,0.35,0.14,0.07,0.07,0,Matches
424,Mohamed Salah,eg EGY,FW,Liverpool,32-251,1992,25.5,4.51,4.5,3.22,0.04,0.63,0.39,0.16,0.08,0.75,0.74,0.59,0,0.12,0.04,0,0,Matches
425,William Saliba,fr FRA,DF,Arsenal,23-334,2001,22.3,0.76,0.76,0.72,0,0,0,0,0.04,0.04,0.04,0.04,0,0,0,0,0,Matches
426,Robert Sanchez,es ESP,GK,Chelsea,27-095,1997,21,0.19,0.19,0.14,0.05,0,0,0,0,0.1,0.1,0.05,0.05,0,0,0,0,Matches
427,Jadon Sancho,eng ENG,FW,Chelsea,24-333,2000,13.1,3.44,3.42,3.13,0,0.15,0,0.15,0,0.69,0.68,0.61,0,0,0,0.08,0,Matches
428,Ibrahim Sangare,ci CIV,MF,Nott'ham Forest,27-081,1997,2.8,1.43,1.45,1.07,0,0,0.36,0,0,0,0,0,0,0,0,0,0,Matches
429,Pablo Sarabia,es ESP,"MF,FW",Wolves,32-286,1992,5.2,2.5,2.48,1.73,0.58,0.19,0,0,0,0.38,0.38,0.19,0,0.19,0,0,0,Matches
430,Jeremy Sarmiento,ec ECU,MF,Brighton,22-250,2002,0.1,0,0,0,0,0,0,0,0,0,0,0,0,0,0,0,0,Matches
431,Ismaila Sarr,sn SEN,"MF,FW",Crystal Palace,26-362,1998,18.7,3.96,3.96,2.83,0,0.27,0.27,0.59,0,0.43,0.43,0.27,0,0.05,0,0.11,0,Matches
432,Savio,br BRA,"FW,MF",Manchester City,20-317,2004,14,5.79,5.79,4,0.14,0.86,0.29,0.43,0.07,1,1,0.64,0,0.14,0.07,0.07,0.07,Matches
433,Oliver Scarles,eng ENG,DF,West Ham,19-071,2005,1.8,0.56,0.56,0.56,0,0,0,0,0,0,0,0,0,0,0,0,0,Matches
434,Dane Scarlett,eng ENG,FW,Tottenham,20-334,2004,0.1,0,0,0,0,0,0,0,0,0,0,0,0,0,0,0,0,Matches
435,Kevin Schade,de GER,FW,Brentford,23-086,2001,13.8,2.1,2.11,1.23,0.07,0.22,0.29,0.22,0.07,0.51,0.51,0.29,0,0,0.22,0,0,Matches
436,Fabian Schar,ch SUI,DF,Newcastle Utd,33-063,1991,19.8,0.91,0.91,0.66,0,0.05,0,0.1,0.1,0.1,0.1,0.1,0,0,0,0,0,Matches
437,Jeffrey Schlupp,gh GHA,"MF,DF",Crystal Palace,32-060,1992,1.1,6.36,6.06,4.55,0,0.91,0.91,0,0,0,0,0,0,0,0,0,0,Matches
438,Alex Scott,eng ENG,MF,Bournemouth,21-184,2003,3.1,4.19,4.21,3.23,0,0,0,0.32,0.65,0.32,0.32,0.32,0,0,0,0,0,Matches
439,Matz Sels,be BEL,GK,Nott'ham Forest,32-361,1992,25,0.16,0.16,0.04,0.12,0,0,0,0,0,0,0,0,0,0,0,0,Matches
440,Nelson Semedo,pt POR,DF,Wolves,31-097,1993,19.9,1.86,1.86,1.41,0.05,0.2,0,0.1,0.1,0.25,0.25,0.25,0,0,0,0,0,Matches
441,Antoine Semenyo,gh GHA,FW,Bournemouth,25-045,2000,23.4,3.8,3.8,2.44,0.04,0.64,0.47,0.17,0.04,0.43,0.43,0.3,0,0.04,0,0.09,0,Matches
442,Marcos Senesi,ar ARG,DF,Bournemouth,27-287,1997,10.2,1.57,1.57,1.57,0,0,0,0,0,0.1,0.1,0.1,0,0,0,0,0,Matches
443,Ryan Sessegnon,eng ENG,"MF,FW",Fulham,24-279,2000,0.2,0,0,0,0,0,0,0,0,0,0,0,0,0,0,0,0,Matches
444,Luke Shaw,eng ENG,DF,Manchester Utd,29-224,1995,0.8,0,0,0,0,0,0,0,0,0,0,0,0,0,0,0,0,Matches
445,Zain Silcott-Duberry,ms MSR,FW,Bournemouth,19-227,2005,0,0,0,0,0,0,0,0,0,0,0,0,0,0,0,0,0,Matches
446,Bernardo Silva,pt POR,"MF,FW",Manchester City,30-195,1994,21.3,3.24,3.24,2.96,0.05,0.19,0,0.05,0,0.33,0.33,0.33,0,0,0,0,0,Matches
447,Jota Silva,pt POR,"FW,MF",Nott'ham Forest,25-204,1999,7.9,3.42,3.4,2.53,0,0.13,0.38,0.38,0,0.38,0.38,0.25,0,0,0,0.13,0,Matches
448,Eric da Silva Moreira,de GER,"MF,DF",Nott'ham Forest,18-294,2006,0.3,0,0,0,0,0,0,0,0,0,0,0,0,0,0,0,0,Matches
449,Jahmai Simpson-Pusey,eng ENG,DF,Manchester City,19-109,2005,1.1,0,0,0,0,0,0,0,0,0,0,0,0,0,0,0,0,Matches
450,Luis Sinisterra,co COL,"FW,MF",Bournemouth,25-249,1999,2.3,5.65,5.49,4.35,0,0.43,0.87,0,0,0.43,0.42,0.43,0,0,0,0,0,Matches
451,Oliver Skipp,eng ENG,MF,Leicester City,24-158,2000,8.5,1.18,1.18,0.94,0.12,0,0,0.12,0,0,0,0,0,0,0,0,0,Matches
452,William Smallbone,ie IRL,MF,Southampton,25-000,2000,4.2,2.38,2.39,1.67,0.48,0,0.24,0,0,0,0,0,0,0,0,0,0,Matches
453,Adam Smith,eng ENG,DF,Bournemouth,33-298,1991,11.5,1.04,1.04,0.7,0.09,0.09,0,0.09,0.09,0.09,0.09,0,0,0,0,0.09,0,Matches
454,Emile Smith Rowe,eng ENG,MF,Fulham,24-208,2000,16.8,3.63,3.62,2.74,0,0.18,0.42,0.12,0.18,0.65,0.65,0.54,0,0.06,0,0,0.06,Matches
455,Dominic Solanke,eng ENG,FW,Tottenham,27-160,1997,17.8,1.85,1.86,1.24,0,0,0.45,0.11,0.06,0.39,0.39,0.28,0,0,0.06,0.06,0,Matches
456,Carlos Soler,es ESP,"MF,FW",West Ham,28-050,1997,11.5,3.48,3.48,2.09,0.61,0.17,0.35,0.17,0.09,0.17,0.17,0.17,0,0,0,0,0,Matches
457,Ramon Sosa,py PAR,"FW,MF",Nott'ham Forest,25-174,1999,2.7,4.44,4.46,3.33,0,0.74,0.37,0,0,0,0,0,0,0,0,0,0,Matches
458,Tomas Soucek,cz CZE,MF,West Ham,29-360,1995,19.4,2.01,2.01,1.6,0,0,0.26,0.1,0.05,0.15,0.15,0.1,0,0,0,0.05,0,Matches
459,Boubakary Soumare,fr FRA,MF,Leicester City,25-360,1999,14.3,1.82,1.82,1.4,0,0.21,0.07,0.14,0,0.21,0.21,0.21,0,0,0,0,0,Matches
460,Djed Spence,eng ENG,DF,Tottenham,24-196,2000,8.6,1.86,1.87,1.28,0,0.47,0.12,0,0,0.35,0.35,0.23,0,0.12,0,0,0,Matches
461,Jay Stansfield,eng ENG,MF,Fulham,22-089,2002,0,0,0,0,0,0,0,0,0,0,0,0,0,0,0,0,0,Matches
462,Jason Steele,eng ENG,GK,Brighton,34-187,1990,2,0,0,0,0,0,0,0,0,0,0,0,0,0,0,0,0,Matches
463,Jack Stephens,eng ENG,DF,Southampton,31-025,1994,8.9,1.12,1.12,1.12,0,0,0,0,0,0,0,0,0,0,0,0,0,Matches
464,Raheem Sterling,eng ENG,"FW,MF",Arsenal,30-075,1994,3.2,3.13,3.15,2.19,0,0.63,0.31,0,0,0.31,0.31,0.31,0,0,0,0,0,Matches
465,Ross Stewart,sct SCO,"FW,MF",Southampton,28-225,1996,1.5,1.33,1.36,0.67,0,0,0.67,0,0,0,0,0,0,0,0,0,0,Matches
466,Jakub Stolarczyk,pl POL,GK,Leicester City,24-064,2000,6,0,0,0,0,0,0,0,0,0,0,0,0,0,0,0,0,Matches
467,John Stones,eng ENG,"DF,MF",Manchester City,30-269,1994,6.1,1.31,1.31,1.31,0,0,0,0,0,0.33,0.33,0.33,0,0,0,0,0,Matches
468,Jorgen Strand Larsen,no NOR,FW,Wolves,25-015,2000,20.4,1.27,1.28,1.03,0.05,0,0.1,0.1,0,0.15,0.15,0.15,0,0,0,0,0,Matches
469,Yukinari Sugawara,jp JPN,DF,Southampton,24-238,2000,13.5,2.74,2.75,2.15,0.37,0.07,0.15,0,0,0.07,0.07,0.07,0,0,0,0,0,Matches
470,Kamaldeen Sulemana,gh GHA,"FW,MF",Southampton,23-006,2002,4.3,3.02,3,0.93,0.23,1.4,0.23,0.23,0,0.47,0.46,0,0,0.23,0.23,0,0,Matches
471,Crysencio Summerville,nl NED,"FW,MF",West Ham,23-114,2001,8.7,4.02,4.01,2.41,0.34,0.57,0,0.57,0.11,0.11,0.11,0.11,0,0,0,0,0,Matches
472,Sammie Szmodics,ie IRL,"FW,MF",Ipswich Town,29-150,1995,10.9,0.83,0.83,0.64,0,0.09,0.09,0,0,0,0,0,0,0,0,0,0,Matches
473,Dominik Szoboszlai,hu HUN,MF,Liverpool,24-119,2000,19.2,4.43,4.43,3.49,0.21,0.16,0.47,0.05,0.05,0.57,0.57,0.42,0,0,0.16,0,0,Matches
474,Matt Targett,eng ENG,DF,Newcastle Utd,29-156,1995,0.1,0,0,0,0,0,0,0,0,0,0,0,0,0,0,0,0,Matches
475,James Tarkowski,eng ENG,DF,Everton,32-094,1992,24.9,1.2,1.2,1,0.08,0,0.12,0,0,0.12,0.12,0.12,0,0,0,0,0,Matches
476,Marcus Tavernier,eng ENG,"FW,MF",Bournemouth,25-336,1999,13.3,4.96,4.95,3.38,0.75,0.23,0.3,0.3,0,0.75,0.75,0.38,0.23,0,0.08,0.08,0,Matches
477,Charlie Taylor,eng ENG,DF,Southampton,31-156,1993,3,0.67,0.68,0.67,0,0,0,0,0,0.33,0.34,0.33,0,0,0,0,0,Matches
478,Jack Taylor,ie IRL,MF,Ipswich Town,26-243,1998,4.7,3.62,3.65,2.55,0.21,0.21,0.43,0,0.21,0.21,0.21,0.21,0,0,0,0,0,Matches
479,Mathys Tel,fr FRA,FW,Tottenham,19-300,2005,1,2,2,1,0,0,1,0,0,0,0,0,0,0,0,0,0,Matches
480,Kenny Tete,nl NED,DF,Fulham,29-135,1995,14,1.64,1.64,1.14,0,0.14,0.21,0.14,0,0.21,0.21,0.21,0,0,0,0,0,Matches
481,Thiago,br BRA,FW,Brentford,23-240,2001,1.5,1.33,1.36,0.67,0,0,0,0,0.67,0,0,0,0,0,0,0,0,Matches
482,Luke Thomas,eng ENG,DF,Leicester City,23-256,2001,2,0.5,0.5,0.5,0,0,0,0,0,0,0,0,0,0,0,0,0,Matches
483,Youri Tielemans,be BEL,MF,Aston Villa,27-290,1997,24.7,3.44,3.44,2.02,1.13,0.12,0.08,0.04,0.04,0.28,0.28,0.16,0.12,0,0,0,0,Matches
484,Kieran Tierney,sct SCO,"FW,DF",Arsenal,27-261,1997,0.2,5,4.5,5,0,0,0,0,0,0,0,0,0,0,0,0,0,Matches
485,Jurrien Timber,nl NED,DF,Arsenal,23-249,2001,20.5,2.05,2.05,1.8,0.05,0.1,0,0.05,0.05,0.24,0.24,0.24,0,0,0,0,0,Matches
486,Jean-Clair Todibo,fr FRA,DF,West Ham,25-053,1999,9.6,0.42,0.42,0.31,0,0,0,0,0.1,0,0,0,0,0,0,0,0,Matches
487,Harry Toffolo,eng ENG,DF,Nott'ham Forest,29-186,1995,0.5,0,0,0,0,0,0,0,0,0,0,0,0,0,0,0,0,Matches
488,Takehiro Tomiyasu,jp JPN,DF,Arsenal,26-108,1998,0.1,10,12.86,10,0,0,0,0,0,0,0,0,0,0,0,0,0,Matches
489,Sandro Tonali,it ITA,MF,Newcastle Utd,24-289,2000,17.2,2.27,2.26,1.51,0.06,0.12,0.17,0.23,0.17,0.29,0.29,0.29,0,0,0,0,0,Matches
490,Pau Torres,es ESP,DF,Aston Villa,28-036,1997,17.2,0.64,0.64,0.47,0,0,0.17,0,0,0.12,0.12,0.06,0,0,0.06,0,0,Matches
491,Conor Townsend,eng ENG,DF,Ipswich Town,31-354,1993,1.5,1.33,1.32,1.33,0,0,0,0,0,0,0,0,0,0,0,0,0,Matches
492,Adama Traore,es ESP,FW,Fulham,29-027,1996,13.6,4.41,4.42,3.53,0,0.51,0.22,0,0.15,0.44,0.44,0.37,0,0.07,0,0,0,Matches
493,Mark Travers,ie IRL,GK,Bournemouth,25-279,1999,5,0,0,0,0,0,0,0,0,0,0,0,0,0,0,0,0,Matches
494,Ryan Trevitt,eng ENG,MF,Brentford,21-346,2003,0,0,0,0,0,0,0,0,0,0,0,0,0,0,0,0,0,Matches
495,Kieran Trippier,eng ENG,DF,Newcastle Utd,34-155,1990,6.5,3.38,3.38,2.15,1.08,0,0.15,0,0,0,0,0,0,0,0,0,0,Matches
496,Leandro Trossard,be BEL,FW,Arsenal,30-079,1994,17.1,3.33,3.34,2.69,0.06,0.18,0.23,0.12,0.06,0.35,0.35,0.35,0,0,0,0,0,Matches
497,Kostas Tsimikas,gr GRE,DF,Liverpool,28-285,1996,4.1,3.17,3.2,1.95,1.22,0,0,0,0,0.49,0.49,0.24,0.24,0,0,0,0,Matches
498,Axel Tuanzebe,cd COD,DF,Ipswich Town,27-099,1997,11.3,0.71,0.71,0.53,0.09,0,0,0.09,0,0,0,0,0,0,0,0,0,Matches
499,Destiny Udogie,it ITA,DF,Tottenham,22-085,2002,15.9,1.76,1.76,1.57,0,0,0.06,0,0.13,0.19,0.19,0.13,0,0,0,0,0.06,Matches
500,Manuel Ugarte Ribeiro,uy URU,MF,Manchester Utd,23-316,2001,12,1.67,1.67,1.25,0,0,0.08,0.17,0.17,0,0,0,0,0,0,0,0,Matches
501,Lesley Ugochukwu,fr FRA,MF,Southampton,20-332,2004,8.8,1.7,1.71,1.25,0,0.11,0.11,0.23,0,0.11,0.11,0,0,0,0.11,0,0,Matches
502,Enes Unal,tr TUR,"FW,MF",Bournemouth,27-287,1997,3.8,2.37,2.35,1.58,0,0,0.53,0.26,0,0.79,0.78,0.53,0,0,0,0.26,0,Matches
503,Virgil van Dijk,nl NED,DF,Liverpool,33-228,1991,26,1.23,1.23,1.04,0,0.04,0.04,0.04,0.08,0.15,0.15,0.15,0,0,0,0,0,Matches
504,Jamie Vardy,eng ENG,FW,Leicester City,38-041,1987,20.7,1.5,1.5,1.11,0,0.14,0.1,0.14,0,0.43,0.43,0.19,0,0.1,0.05,0.1,0,Matches
505,Renato Veiga,pt POR,"DF,MF",Chelsea,21-207,2003,2,0.5,0.49,0,0,0,0.5,0,0,0,0,0,0,0,0,0,0,Matches
506,Joel Veltman,nl NED,DF,Brighton,33-037,1992,18.3,1.2,1.21,0.82,0.11,0.11,0.05,0.11,0,0.05,0.05,0,0.05,0,0,0,0,Matches
507,Micky van de Ven,nl NED,DF,Tottenham,23-308,2001,8.8,1.02,1.03,0.68,0,0,0.23,0.11,0,0.23,0.23,0.23,0,0,0,0,0,Matches
508,Bart Verbruggen,nl NED,GK,Brighton,22-187,2002,23,0.13,0.13,0.13,0,0,0,0,0,0.04,0.04,0.04,0,0,0,0,0,Matches
509,Jannik Vestergaard,dk DEN,DF,Leicester City,32-202,1992,14,0.43,0.43,0.36,0,0,0,0,0.07,0,0,0,0,0,0,0,0,Matches
510,Guglielmo Vicario,it ITA,GK,Tottenham,28-137,1996,13,0.23,0.23,0.23,0,0,0,0,0,0,0,0,0,0,0,0,0,Matches
511,Carlos Vinicius,br BRA,MF,Fulham,29-333,1995,0,1,22.5,0,0,1,0,0,0,0,0,0,0,0,0,0,0,Matches
512,Kyle Walker,eng ENG,DF,Manchester City,34-269,1990,10.8,1.57,1.58,1.57,0,0,0,0,0,0,0,0,0,0,0,0,0,Matches
513,Kyle Walker-Peters,eng ENG,DF,Southampton,27-314,1997,22.8,1.84,1.84,1.18,0.09,0.26,0.13,0.09,0.09,0.26,0.26,0.22,0,0.04,0,0,0,Matches
514,Christian Walton,eng ENG,GK,Ipswich Town,29-104,1995,6,0.33,0.33,0.17,0.17,0,0,0,0,0,0,0,0,0,0,0,0,Matches
515,Aaron Wan-Bissaka,eng ENG,DF,West Ham,27-087,1997,23,2.74,2.73,2.22,0.13,0.22,0.09,0,0.09,0.17,0.17,0.13,0,0,0.04,0,0,Matches
516,Danny Ward,wls WAL,GK,Leicester City,31-244,1993,1.5,0,0,0,0,0,0,0,0,0,0,0,0,0,0,0,0,Matches
517,James Ward-Prowse,eng ENG,MF,West Ham,30-112,1994,0.7,5.71,5.81,1.43,2.86,0,1.43,0,0,0,0,0,0,0,0,0,0,Matches
518,James Ward-Prowse,eng ENG,MF,Nott'ham Forest,30-112,1994,4.4,2.27,2.25,1.36,0.91,0,0,0,0,0.45,0.45,0.23,0.23,0,0,0,0,Matches
519,Ollie Watkins,eng ENG,FW,Aston Villa,29-053,1995,20.2,2.13,2.13,1.39,0,0.2,0.3,0.25,0,0.45,0.44,0.25,0,0.05,0.05,0.1,0,Matches
520,Adam Webster,eng ENG,DF,Brighton,30-048,1995,2.9,1.03,1.05,0.69,0.34,0,0,0,0,0.34,0.35,0.34,0,0,0,0,0,Matches
521,Danny Welbeck,eng ENG,FW,Brighton,34-087,1990,16,2.31,2.32,1.63,0.06,0.19,0.06,0.38,0,0.38,0.38,0.38,0,0,0,0,0,Matches
522,Welington,br BRA,DF,Southampton,24-002,2001,1.4,2.14,2.16,2.14,0,0,0,0,0,0,0,0,0,0,0,0,0,Matches
523,Timo Werner,de GER,"FW,MF",Tottenham,28-352,1996,5.6,3.21,3.18,2.5,0,0.36,0.18,0.18,0,0.54,0.53,0.54,0,0,0,0,0,Matches
524,Adam Wharton,eng ENG,MF,Crystal Palace,20-264,2004,7.4,4.19,4.17,3.38,0.54,0,0.14,0,0.14,0.14,0.13,0.14,0,0,0,0,0,Matches
525,Ben White,eng ENG,DF,Arsenal,27-136,1997,7.7,1.04,1.04,1.04,0,0,0,0,0,0.13,0.13,0.13,0,0,0,0,0,Matches
526,Mats Wieffer,nl NED,MF,Brighton,25-097,1999,5.2,2.5,2.48,2.5,0,0,0,0,0,0.38,0.38,0.38,0,0,0,0,0,Matches
527,Neco Williams,wls WAL,DF,Nott'ham Forest,23-314,2001,15.8,1.58,1.58,1.14,0.13,0,0.25,0.06,0,0.19,0.19,0.13,0.06,0,0,0,0,Matches
528,Willian,br BRA,MF,Fulham,36-196,1988,0,1,90,1,0,0,0,0,0,0,0,0,0,0,0,0,0,Matches
529,Joe Willock,eng ENG,"MF,FW",Newcastle Utd,25-185,1999,7.4,4.05,4.04,3.38,0,0.27,0.27,0.14,0,0.27,0.27,0.27,0,0,0,0,0,Matches
530,Callum Wilson,eng ENG,"FW,MF",Newcastle Utd,32-360,1992,0.9,1.11,1.14,0,0,0,0,1.11,0,0,0,0,0,0,0,0,0,Matches
531,Harry Wilson,wls WAL,"FW,MF",Fulham,27-336,1997,9.3,3.23,3.22,2.26,0.65,0,0.11,0.22,0,0.32,0.32,0.22,0,0,0,0.11,0,Matches
532,Harry Winks,eng ENG,MF,Leicester City,29-019,1996,16.2,2.16,2.16,1.67,0.43,0,0.06,0,0,0.19,0.19,0.12,0.06,0,0,0,0,Matches
533,Ben Winterburn,eng ENG,MF,Bournemouth,20-170,2004,0.1,0,0,0,0,0,0,0,0,0,0,0,0,0,0,0,0,Matches
534,Yoane Wissa,cd COD,FW,Brentford,28-171,1996,19.4,2.16,2.16,1.44,0,0.15,0.21,0.31,0.05,0.31,0.31,0.31,0,0,0,0,0,Matches
535,Chris Wood,nz NZL,FW,Nott'ham Forest,33-076,1991,22.3,1.39,1.39,1.08,0,0.09,0.13,0,0.09,0.18,0.18,0.13,0,0,0,0,0.04,Matches
536,Nathan Wood-Gordon,eng ENG,DF,Southampton,22-266,2002,6.9,0.43,0.43,0.43,0,0,0,0,0,0,0,0,0,0,0,0,0,Matches
537,Luke Woolfenden,eng ENG,DF,Ipswich Town,26-123,1998,8.7,0,0,0,0,0,0,0,0,0,0,0,0,0,0,0,0,Matches
538,Yehor Yarmoliuk,ua UKR,"MF,FW",Brentford,20-357,2004,7.1,1.55,1.55,1.41,0,0.14,0,0,0,0.28,0.28,0.28,0,0,0,0,0,Matches
539,Ryan Yates,eng ENG,MF,Nott'ham Forest,27-092,1997,16.2,1.73,1.73,1.23,0,0,0.37,0.06,0.06,0.12,0.12,0.06,0,0,0.06,0,0,Matches
540,Leny Yoro,fr FRA,DF,Manchester Utd,19-100,2005,6.1,0.49,0.5,0.16,0,0,0.33,0,0,0,0,0,0,0,0,0,0,Matches
541,Ashley Young,eng ENG,DF,Everton,39-227,1985,16.7,2.1,2.09,1.56,0.36,0,0.06,0.06,0.06,0.36,0.36,0.24,0,0,0.06,0,0.06,Matches
542,Illia Zabarnyi,ua UKR,DF,Bournemouth,22-173,2002,25,1.04,1.04,0.92,0.04,0,0,0,0.08,0,0,0,0,0,0,0,0,Matches
543,Oleksandr Zinchenko,ua UKR,"DF,MF",Arsenal,28-068,1996,2.7,2.22,2.22,1.85,0,0,0.37,0,0,0.37,0.37,0.37,0,0,0,0,0,Matches
544,Joshua Zirkzee,nl NED,"FW,MF",Manchester Utd,23-275,2001,10.8,2.31,2.31,2.13,0,0,0.09,0.09,0,0.28,0.28,0.09,0,0,0.09,0.09,0,Matches
545,Martin Odegaard,no NOR,MF,Arsenal,26-066,1998,15.3,4.51,4.53,3.86,0.39,0.13,0.13,0,0,0.59,0.59,0.59,0,0,0,0,0,Matches
