Rk,Player,Nation,Pos,Squad,Age,Born,90s,Cmp,Att,Cmp%,TotDist,PrgDist,Cmp,Att,Cmp%,Cmp,Att,Cmp%,Cmp,Att,Cmp%,Ast,xAG,xA,A-xAG,KP,01-Mar,PPA,CrsPA,PrgP,Matches
1,Max Aarons,eng ENG,DF,Bournemouth,25-048,2000,1,50,63,79.4,887,361,21,25,84,24,29,82.8,4,7,57.1,0,0,0,0,0,8,0,0,8,Matches
2,Joshua Acheampong,eng ENG,DF,Chelsea,18-292,2006,1.8,51.1,61.7,82.9,1006.1,332.2,14.4,16.1,89.7,30.6,32.8,93.2,5.56,10.6,52.6,0,0,0,0,0,2.78,0,0,3.89,Matches
3,Tyler Adams,us USA,MF,Bournemouth,26-007,1999,10.6,36.6,43.1,84.9,586.6,139.5,18.7,20.8,89.6,15.7,17.5,89.2,1.51,2.55,59.3,0.28,0.07,0.03,0.22,0.94,2.83,0.09,0,3.77,Matches
4,Tosin Adarabioyo,eng ENG,DF,Chelsea,27-150,1997,9.1,76.5,82.6,92.6,1384.2,517.1,30.5,31.8,96.2,41.4,42.9,96.7,4.29,6.92,61.9,0,0,0.01,0,0.11,3.63,0,0,2.86,Matches
5,Simon Adingra,ci CIV,"FW,MF",Brighton,23-051,2002,6.7,22.7,30.7,73.8,322.2,70.1,14,16.3,86.2,6.57,8.96,73.3,1.34,2.84,47.4,0.15,0.13,0.22,0.01,1.04,0.3,1.04,0.3,1.19,Matches
6,Emmanuel Agbadou,ci CIV,DF,Wolves,27-249,1997,4.7,42.6,53.6,79.4,889.1,307,16,17.2,92.6,19.1,21.7,88.2,7.23,12.3,58.6,0,0,0,0,0,1.28,0,0,1.91,Matches
7,Asher Agbinone,eng ENG,MF,Crystal Palace,19-146,2005,0.1,20,30,66.7,320,0,10,10,100,10,20,50,0,0,,0,0,0,0,10,0,0,0,0,Matches
8,Ola Aina,ng NGA,DF,Nott'ham Forest,28-136,1996,24.1,30.7,41.7,73.7,473.2,202.2,16.6,18.8,88.1,11,14.9,73.3,1.91,5.15,37.1,0.04,0.03,0.05,0.01,0.41,2.78,0.62,0.29,3.53,Matches
9,Rayan Ait-Nouri,dz ALG,DF,Wolves,23-260,2001,22.7,40.8,48.5,84.2,565.1,164.7,25,26.7,93.4,12.8,14.8,86.9,1.19,3.13,38,0.22,0.11,0.07,0.11,0.93,2.29,0.88,0.18,3.48,Matches
10,Kristoffer Ajer,no NOR,DF,Brentford,26-310,1998,9.8,33.6,43.2,77.8,535.6,198.2,17.6,20.4,86,13.3,16.8,78.8,1.94,3.57,54.3,0,0.08,0.03,-0.08,0.41,3.27,0.31,0.31,3.57,Matches
11,Manuel Akanji,ch SUI,DF,Manchester City,29-217,1995,19,73.1,77.8,93.9,1199.9,328.7,35.1,36.5,96,33.7,35.3,95.5,3.58,4.84,73.9,0,0.02,0.06,-0.02,0.47,7.84,0.58,0.11,7.11,Matches
12,Nathan Ake,nl NED,DF,Manchester City,30-003,1995,6.7,65.5,70,93.6,1066.9,358.4,32.2,33,97.7,30.1,31,97.1,2.54,4.33,58.6,0,0,0.01,0,0,4.78,0.15,0,5.82,Matches
13,Carlos Alcaraz,ar ARG,MF,Southampton,22-083,2002,0.1,130,130,100,2210,660,70,70,100,40,40,100,20,20,100,0,1,0,-1,10,40,10,10,60,Matches
14,Carlos Alcaraz,ar ARG,MF,Everton,22-083,2002,1.1,22.7,29.1,78.1,366.4,92.7,9.09,10,90.9,10.9,12.7,85.7,0.91,2.73,33.3,0.91,0.27,0.09,0.64,2.73,2.73,2.73,0,3.64,Matches
15,Trent Alexander-Arnold,eng ENG,DF,Liverpool,26-137,1998,21,53.7,73.6,73,1019.2,413,23.7,26.3,89.9,21.8,29,74.9,7.33,15,48.9,0.29,0.31,0.31,-0.03,2.29,7.33,2.81,0.9,8.43,Matches
16,Alisson,br BRA,GK,Liverpool,32-142,1992,17.9,25,30.3,82.7,547.8,357.8,7.65,7.77,98.6,13.3,13.5,98.8,4.02,8.83,45.6,0,0.03,0.01,-0.03,0.06,0.5,0,0,0,Matches
17,Miguel Almiron,py PAR,FW,Newcastle Utd,31-011,1994,1.7,31.8,38.8,81.8,415.9,128.8,22.9,24.7,92.9,7.65,9.41,81.3,0.59,1.76,33.3,0,0.18,0.12,-0.18,1.76,1.76,0.59,0,3.53,Matches
18,Edson Alvarez,mx MEX,MF,West Ham,27-120,1997,14.7,42.7,49.5,86.3,727.3,214.8,21,23.4,89.5,17.9,19.9,90.1,3.54,4.83,73.2,0.07,0.05,0.05,0.01,0.68,4.56,0.68,0.2,4.01,Matches
19,Will Alves,eng ENG,FW,Leicester City,20-018,2005,0,1,1,100,12,0,1,1,100,0,0,,0,0,,0,0,0,0,0,0,0,0,0,Matches
20,Samuel Amo-Ameyaw,eng ENG,"FW,DF",Southampton,18-218,2006,0.3,26.7,30,88.9,356.7,43.3,20,20,100,6.67,10,66.7,0,0,,0,0.33,0.33,-0.33,3.33,0,3.33,3.33,0,Matches
21,Joachim Andersen,dk DEN,DF,Crystal Palace,28-266,1996,1,61,83,73.5,1227,526,19,21,90.5,31,37,83.8,9,21,42.9,0,0,0,0,0,9,1,0,4,Matches
22,Joachim Andersen,dk DEN,DF,Fulham,28-266,1996,15.7,59.2,71.1,83.3,1287.1,515.9,16.8,18.3,91.3,32.7,34.7,94.1,9.36,16.8,55.9,0,0.02,0.02,-0.02,0.19,6.88,0.19,0.06,4.2,Matches
23,Elliot Anderson,eng ENG,MF,Nott'ham Forest,22-107,2002,18.2,34.7,44.3,78.2,558.1,198.3,18.3,20.7,88.3,12.6,15.7,80.1,2.69,5.27,51,0.27,0.15,0.16,0.12,1.59,3.68,0.55,0.11,4.62,Matches
24,Andre,br BRA,MF,Wolves,23-220,2001,15.6,38.6,41.9,92.2,626.9,176.5,19.9,20.8,95.4,15,15.9,94.4,2.69,3.33,80.8,0,0.04,0.03,-0.04,0.64,3.33,0.19,0,3.4,Matches
25,Michail Antonio,jm JAM,FW,West Ham,34-330,1990,9.3,12.3,20.2,60.6,234.7,45.6,5.59,7.74,72.2,3.98,6.67,59.7,2.37,3.33,71,0.11,0.17,0.1,-0.06,0.97,1.18,0.65,0.22,1.94,Matches
26,Antony,br BRA,"DF,MF",Manchester Utd,24-363,2000,1.6,35,43.1,81.2,430,69.4,28.1,31.9,88.2,5.63,8.75,64.3,0.63,0.63,100,0,0.06,0.13,-0.06,1.88,0.63,3.13,1.25,3.75,Matches
27,Julian Araujo,mx MEX,DF,Bournemouth,23-192,2001,3.9,33.6,42.6,78.9,589,194.6,15.4,17.2,89.6,15.6,18.2,85.9,2.31,5.64,40.9,0,0,0,0,0,3.85,0.26,0,3.59,Matches
28,Cameron Archer,eng ENG,FW,Southampton,23-215,2001,11.7,12.1,15,80.6,160.4,23.9,7.69,9.06,84.9,3.33,3.76,88.6,0.34,0.6,57.1,0,0.03,0.05,-0.03,0.17,0.43,0.51,0,0.94,Matches
29,Alphonse Areola,fr FRA,GK,West Ham,31-360,1993,13.1,29.5,40.6,72.6,796.5,558.6,6.41,6.41,100,13.8,14.6,94.8,9.08,19,47.8,0,0,0,0,0,0.53,0,0,0,Matches
30,Joe Aribo,ng NGA,MF,Southampton,28-215,1996,17.2,39.5,44.8,88.3,572.2,113.1,22.8,25,91.2,14.1,15.5,91,1.4,1.92,72.7,0,0.09,0.07,-0.09,0.81,2.33,0.17,0.06,3.43,Matches
31,Adam Armstrong,eng ENG,"FW,MF",Southampton,28-011,1997,13.9,16.6,20.7,80.2,238.8,32.1,9.93,11.4,87.3,5.83,6.83,85.3,0.43,0.94,46.2,0.14,0.09,0.04,0.06,0.65,0.72,0.58,0.14,1.51,Matches
32,Harrison Armstrong,eng ENG,MF,Everton,18-033,2007,0.5,14,30,46.7,298,30,6,8,75,4,10,40,4,8,50,0,0.2,0,-0.2,2,2,0,0,2,Matches
33,Kepa Arrizabalaga,es ESP,GK,Bournemouth,30-141,1994,18,23,31.9,72.1,658.6,465.4,2.89,3,96.3,12.2,12.5,97.8,7.83,16.1,48.6,0,0,0,0,0.06,0.22,0,0,0,Matches
34,Marco Asensio,es ESP,"MF,FW",Aston Villa,29-031,1996,1,41,50,82,519,143,25,27,92.6,13,15,86.7,0,3,0,0,0,0.1,0,1,3,3,1,7,Matches
35,Brandon Austin,eng ENG,GK,Tottenham,26-044,1999,1,22,32,68.8,526,386,7,7,100,9,9,100,6,16,37.5,0,0,0,0,0,0,0,0,0,Matches
36,Taiwo Awoniyi,ng NGA,FW,Nott'ham Forest,27-193,1997,2.9,14.1,22.1,64.1,156.2,28.6,10,12.8,78.4,3.1,6.21,50,0,1.38,0,0,0.03,0.03,-0.03,0.69,0.69,0.69,0,1.72,Matches
37,Yasin Ayari,se SWE,MF,Brighton,21-138,2003,14.2,35.5,44.3,80.1,529.4,140.9,20.6,22.5,91.8,12.4,14.9,83,1.48,4.58,32.3,0,0.11,0.13,-0.11,1.48,1.97,0.85,0.07,3.31,Matches
38,Jordan Ayew,gh GHA,"FW,MF",Crystal Palace,33-163,1991,0.2,40,50,80,835,20,15,15,100,20,30,66.7,5,5,100,0,0,0,0,5,0,0,0,0,Matches
39,Jordan Ayew,gh GHA,"FW,MF",Leicester City,33-163,1991,13.8,20.9,29.1,71.8,302.6,58.9,11.5,13.6,85,7.46,10.2,73,0.94,2.75,34.2,0,0.05,0.08,-0.05,0.8,1.3,0.65,0.29,1.96,Matches
40,Benoit Badiashile,fr FRA,DF,Chelsea,23-332,2001,2.8,71.4,79.6,89.7,1305.4,398.2,27.5,30.4,90.6,36.8,38.9,94.5,6.43,8.57,75,0,0,0.04,0,0,7.5,0.36,0,5.71,Matches
41,Leon Bailey,jm JAM,"FW,MF",Aston Villa,27-196,1997,11.5,21.7,30.6,70.7,339,84.4,12,14.5,82.6,7.57,9.22,82.1,1.48,3.22,45.9,0.17,0.13,0.25,0.04,1.39,1.22,1.65,0.17,2.78,Matches
42,Carlos Baleba,cm CMR,MF,Brighton,21-049,2004,17.8,35.1,40.2,87.3,609,159.1,16.7,18.1,92.3,13.9,15.4,90.2,3.76,5.39,69.8,0.06,0.04,0.03,0.02,0.79,4.16,0.84,0.06,4.33,Matches
43,Ross Barkley,eng ENG,MF,Aston Villa,31-078,1993,6.2,51.1,59.2,86.4,800.3,186.3,26.5,30,88.2,21.6,23.4,92.4,2.1,2.9,72.2,0.16,0.1,0.06,0.06,1.29,4.68,0.97,0,5.16,Matches
44,Harvey Barnes,eng ENG,FW,Newcastle Utd,27-074,1997,8.7,25.4,32.5,78.1,358.7,116,16.6,19.2,86.2,7.82,10.9,71.6,0.8,1.38,58.3,0.11,0.28,0.32,-0.16,1.26,1.03,2.3,0.46,4.71,Matches
45,Calvin Bassey,ng NGA,DF,Fulham,25-052,1999,24,57.2,63.9,89.6,1004.5,349.1,24.8,26.2,94.8,27,28.6,94.3,4.42,7.25,60.9,0,0,0.01,0,0.08,4.17,0,0,3.17,Matches
46,Jan Bednarek,pl POL,DF,Southampton,28-315,1996,20.8,62.1,67.3,92.3,1086.2,366,24.4,25.6,95.3,33.2,35.3,94,3.94,5.14,76.6,0,0.02,0.04,-0.02,0.19,3.08,0,0,2.45,Matches
47,Jean-Ricner Bellegarde,fr FRA,"MF,FW",Wolves,26-239,1998,11,23.1,28.5,80.9,366.6,73.1,12.9,14.4,89.9,7.91,9.45,83.7,1.82,2.73,66.7,0.27,0.16,0.13,0.11,1.36,2.09,0.73,0.27,2.18,Matches
48,Rodrigo Bentancur,uy URU,MF,Tottenham,27-241,1997,10.5,56.1,62.8,89.4,899.5,226.7,28.2,30.5,92.5,23.8,25.4,93.6,2.76,3.71,74.4,0,0.04,0.07,-0.04,0.76,6.29,0.67,0.1,6.19,Matches
49,Sander Berge,no NOR,MF,Fulham,27-007,1998,14.6,44.3,49,90.4,798.8,201.2,17.6,19.7,89.5,21.5,22.9,93.7,4.38,5,87.7,0,0.04,0.03,-0.04,1.03,4.86,0.14,0,4.73,Matches
50,Lucas Bergvall,se SWE,MF,Tottenham,19-019,2006,7.4,56.1,62.4,89.8,924.9,177,27.4,29.7,92.3,23,24.6,93.4,4.32,5.54,78,0,0.05,0.07,-0.05,0.81,4.59,0.68,0.27,4.32,Matches
51,Victor Bernth Kristiansen,dk DEN,DF,Leicester City,22-067,2002,21.5,40.2,51.6,77.9,654.6,240.4,20.1,22.5,89.4,16.7,20.7,80.6,2.7,6.28,43,0.05,0.06,0.07,-0.01,0.79,2.88,0.98,0.74,2.56,Matches
52,Beto,gw GNB,FW,Everton,27-021,1998,6.5,9.69,16.8,57.8,136.3,16.2,6.31,9.08,69.5,2.46,5.08,48.5,0.77,0.77,100,0,0.03,0.02,-0.03,0.62,0.62,0.15,0,0.77,Matches
53,Philip Billing,dk DEN,MF,Bournemouth,28-255,1996,2,35,51,68.6,511,199.5,21.5,25.5,84.3,9.5,13.5,70.4,2,7.5,26.7,0,0.5,0.5,-0.5,4,4.5,3.5,1,7.5,Matches
54,Yves Bissouma,ml MLI,MF,Tottenham,28-175,1996,11.7,49.8,55.8,89.3,766.1,209.6,26.9,28.9,93.2,18.5,19.7,93.9,2.56,4.27,60,0,0.02,0.05,-0.02,0.43,4.36,0.85,0.09,5.64,Matches
55,Lamare Bogarde,nl NED,"DF,MF",Aston Villa,21-047,2004,3.9,44.1,50.8,86.9,661.8,213.8,26.2,28.2,92.7,16.9,18.5,91.7,0.77,2.31,33.3,0,0.03,0.03,-0.03,0.51,5.38,0.26,0,2.82,Matches
56,Willy Boly,ci CIV,DF,Nott'ham Forest,34-018,1991,1.5,32,40.7,78.7,610,282.7,10.7,11.3,94.1,18,19.3,93.1,2.67,9.33,28.6,0,0,0,0,0,1.33,0,0,1.33,Matches
57,Sven Botman,nl NED,DF,Newcastle Utd,25-040,2000,2.5,45.2,51.2,88.3,763.6,306.8,21.6,25.6,84.4,20,20.4,98,2.4,3.6,66.7,0,0,0,0,0,2.4,0,0,1.2,Matches
58,Jarrod Bowen,eng ENG,"FW,MF",West Ham,28-063,1996,20.4,18.1,25.9,69.9,296.9,92.9,9.75,11.9,82.2,6.08,7.94,76.5,1.72,3.63,47.3,0.2,0.23,0.24,-0.03,1.96,1.47,1.47,0.15,3.24,Matches
59,Conor Bradley,nir NIR,DF,Liverpool,21-227,2003,4.1,58.3,69.3,84.2,880,224.9,33.7,36.3,92.6,22,24.6,89.1,1.71,5.37,31.8,0,0,0.07,0,0,2.93,0.49,0.24,4.15,Matches
60,Jarrad Branthwaite,eng ENG,DF,Everton,22-239,2002,16.1,33.9,41.7,81.4,655.2,263.2,13.2,15,88.4,16.5,18.1,90.8,3.98,7.52,52.9,0.06,0.04,0.01,0.02,0.12,3.17,0.12,0,2.42,Matches
61,James Bree,eng ENG,DF,Southampton,27-133,1997,8.4,44,53.2,82.8,705,195,20.6,22.9,90.1,20,22.7,88,2.5,5,50,0.12,0.11,0.06,0.01,1.19,2.5,0.48,0.36,3.1,Matches
62,Ben Brereton,cl CHI,FW,Southampton,25-309,1999,5,25.6,33.2,77.1,367.2,76.6,16.6,19,87.4,7.2,10.6,67.9,1.4,2.2,63.6,0,0.02,0.02,-0.02,0.6,1.8,0.4,0.2,1.8,Matches
63,Nathan Broadhead,wls WAL,"FW,MF",Ipswich Town,26-322,1998,4.2,22.9,29.3,78,335,79.5,13.8,15.5,89.2,8.1,10.2,79.1,0.48,1.9,25,0,0.12,0.21,-0.12,1.19,2.38,0.95,0,2.38,Matches
64,Armando Broja,al ALB,FW,Everton,23-164,2001,1.8,15,18.9,79.4,185.6,47.2,10,11.7,85.7,3.89,4.44,87.5,0.56,1.11,50,0,0.06,0.06,-0.06,1.11,1.11,0,0,1.11,Matches
65,David Brooks,wls WAL,FW,Bournemouth,27-228,1997,7.1,24.2,33.9,71.4,356.9,102.5,13.9,16.5,84.6,8.59,11.7,73.5,1.13,2.96,38.1,0,0.23,0.2,-0.23,1.69,0.99,1.55,0.7,1.97,Matches
66,Emi Buendia,ar ARG,"MF,FW",Aston Villa,28-058,1996,1.1,44.5,54.5,81.7,567.3,150.9,30,32.7,91.7,10.9,12.7,85.7,0.91,4.55,20,0,0,0,0,0.91,3.64,0.91,0,6.36,Matches
67,Santiago Bueno,uy URU,DF,Wolves,26-104,1998,15.2,39.8,45.7,87.1,728.6,225.9,14.4,15.6,92.4,21.6,23.4,92.7,3.03,5.26,57.5,0,0,0.01,0,0,1.32,0.07,0,1.51,Matches
68,Facundo Buonanotte,ar ARG,"FW,MF",Leicester City,20-060,2004,12.8,26.1,34.3,76.1,427.8,109.8,14,16.5,84.8,8.91,10.9,81.4,2.42,4.53,53.4,0.16,0.22,0.16,-0.06,1.72,2.42,0.86,0.08,3.2,Matches
69,Cameron Burgess,au AUS,DF,Ipswich Town,29-123,1995,10,39.7,49.6,80,699.7,328.4,17.2,19.1,90.1,18.2,21.3,85.4,3.7,7.8,47.4,0.1,0.03,0.02,0.07,0.3,3,0.2,0,2.7,Matches
70,Dan Burn,eng ENG,DF,Newcastle Utd,32-288,1992,24,47.8,53,90.2,856.4,300.2,17.2,18.7,91.8,27.6,28.8,95.8,2.63,4.17,63,0,0.01,0.03,-0.01,0.13,0.71,0.25,0,1.63,Matches
71,Wes Burns,wls WAL,"FW,DF",Ipswich Town,30-090,1994,10.3,14.9,24.6,60.5,234.6,58,7.96,9.9,80.4,4.95,7.57,65.4,1.36,3.5,38.9,0.1,0.16,0.12,-0.06,0.97,0.78,0.78,0.68,0.78,Matches
72,Moises Caicedo,ec ECU,MF,Chelsea,23-111,2001,24.3,55.6,62.2,89.3,943.4,250.6,25.4,27.5,92.2,24.6,26.6,92.4,4.4,5.84,75.4,0.08,0.09,0.07,-0.01,0.86,6.54,0.91,0.08,5.31,Matches
73,Tom Cairney,sct SCO,MF,Fulham,34-032,1991,4.4,93.2,101.4,91.9,1462,315.2,52,55.2,94.2,34.3,36.1,95,5.91,7.5,78.8,0,0.16,0.2,-0.16,1.59,9.55,1.59,0.68,9.77,Matches
74,Jens Cajuste,se SWE,MF,Ipswich Town,25-195,1999,12.5,29.9,35.9,83.3,491,90.2,13.8,15.6,88.7,13.9,15.8,87.9,1.44,2.8,51.4,0,0.02,0.02,-0.02,0.56,2,0.24,0,2.4,Matches
75,Riccardo Calafiori,it ITA,DF,Arsenal,22-278,2002,8.5,43.2,50.9,84.8,635.2,167.2,25.6,27.9,92,14.9,17.9,83.6,1.88,2.59,72.7,0.12,0.02,0.07,0.09,0.47,3.53,0.59,0.12,4.59,Matches
76,Dominic Calvert-Lewin,eng ENG,FW,Everton,27-342,1997,17.5,9.94,15.9,62.6,116.3,27.9,7.2,10.3,70,2,3.43,58.3,0.17,0.46,37.5,0.06,0.03,0.04,0.02,0.4,1.09,0.29,0.06,1.09,Matches
77,Diego Carlos,br BRA,DF,Aston Villa,31-343,1993,9.2,58,65.5,88.6,1189.2,446,15,16.4,91.4,37.1,39.3,94.2,5.87,9.02,65.1,0,0,0.01,0,0,2.5,0.11,0,3.7,Matches
78,Fabio Carvalho,pt POR,"FW,MF",Brentford,22-175,2002,4.8,24.8,35.2,70.4,354.6,88.8,15.4,18.8,82.2,6.67,8.96,74.4,1.46,3.75,38.9,0.21,0.1,0.1,0.1,0.63,2.29,1.04,0.21,3.54,Matches
79,Casemiro,br BRA,MF,Manchester Utd,32-364,1992,10.3,48.8,61.4,79.6,817.1,254.5,23.4,26.7,87.6,19.8,23.4,84.6,4.17,6.5,64.2,0,0.21,0.17,-0.21,1.75,5.05,1.46,0.49,4.85,Matches
80,Kaelan Casey,eng ENG,DF,West Ham,20-116,2004,0,0,0,,0,0,0,0,,0,0,,0,0,,0,0,0,0,0,0,0,0,0,Matches
81,Matty Cash,pl POL,DF,Aston Villa,27-198,1997,14.2,33.5,42.3,79,538.7,162.8,17.2,19.2,89.7,13.9,17.5,79.5,1.69,3.8,44.4,0.07,0.07,0.07,0,0.63,1.97,0.28,0.21,2.04,Matches
82,Timothy Castagne,be BEL,DF,Fulham,29-078,1995,11,47,56.7,82.9,751.4,227.8,23.2,25.4,91.4,20,23.1,86.6,2.36,4.82,49.1,0.09,0.1,0.03,-0.01,0.55,3,0.18,0.18,3.64,Matches
83,Trevoh Chalobah,eng ENG,DF,Crystal Palace,25-231,1999,11.8,29.6,37.5,79,578.9,186,10.6,11.9,88.7,15.1,17.7,85.2,3.56,6.95,51.2,0,0.03,0.03,-0.03,0.34,2.29,0.17,0.08,2.88,Matches
84,Trevoh Chalobah,eng ENG,DF,Chelsea,25-231,1999,3,75.3,81.7,92.2,1307.3,395,33.7,35.3,95.3,36.3,37.3,97.3,5,8,62.5,0.33,0.37,0.07,-0.03,0.67,4.67,0.33,0,4,Matches
85,Conor Chaplin,eng ENG,"MF,FW",Ipswich Town,28-005,1997,6.8,25,33.7,74.2,390,102.8,12.5,14.9,84.2,10.9,13.8,78.7,0.88,2.5,35.3,0.15,0.09,0.09,0.06,0.88,2.5,1.03,0.29,3.68,Matches
86,Federico Chiesa,it ITA,FW,Liverpool,27-119,1997,0.3,50,60,83.3,560,133.3,36.7,40,91.7,6.67,10,66.7,3.33,3.33,100,0,0,0.33,0,0,6.67,0,0,3.33,Matches
87,Ben Chilwell,eng ENG,DF,Crystal Palace,28-062,1996,0.3,50,76.7,65.2,736.7,103.3,26.7,30,88.9,23.3,33.3,70,0,13.3,0,0,0,1,0,0,3.33,3.33,0,3.33,Matches
88,Chiquinho,pt POR,MF,Wolves,25-016,2000,0.1,30,30,100,710,220,10,10,100,10,10,100,10,10,100,0,0,0,0,10,0,10,10,0,Matches
89,Hamza Choudhury,eng ENG,"MF,DF",Leicester City,27-143,1997,1.5,48,56,85.7,660.7,166,31.3,33.3,94,15.3,19.3,79.3,1.33,2.67,50,0,0.27,0.13,-0.27,1.33,6.67,0.67,0.67,2,Matches
90,Ryan Christie,sct SCO,MF,Bournemouth,29-365,1995,20.4,35.4,44.4,79.7,628.1,182.5,16,18.1,88.4,15.4,17.5,88.2,3.58,7.01,51,0.15,0.16,0.13,-0.01,1.62,4.9,1.23,0.15,5.98,Matches
91,Harry Clarke,eng ENG,DF,Ipswich Town,23-356,2001,4.2,45.2,56.2,80.5,819.5,291.9,20.7,22.6,91.6,18.3,21,87.5,5.48,9.52,57.5,0,0,0.02,0,0.24,5,0.24,0,3.33,Matches
92,Jack Clarke,eng ENG,"FW,MF",Ipswich Town,24-090,2000,7.1,23,30.1,76.2,371.3,91.4,12.1,13.5,89.6,9.15,10.1,90.3,1.27,3.24,39.1,0.28,0.17,0.1,0.11,1.41,1.69,0.42,0,2.54,Matches
93,Nathaniel Clyne,eng ENG,"DF,MF",Crystal Palace,33-322,1991,4.4,26.6,36.1,73.6,496.4,199.5,11.1,14.3,77.8,12.5,14.1,88.7,2.73,5.45,50,0,0.02,0.02,-0.02,0.45,2.27,0.23,0.23,1.36,Matches
94,Conor Coady,eng ENG,DF,Leicester City,31-362,1993,8,48.9,54.6,89.5,845.6,308,21.1,22,96,24.8,25.9,95.7,3,5.88,51.1,0,0.01,0.06,-0.01,0.13,2.5,0.25,0,2.38,Matches
95,Seamus Coleman,ie IRL,DF,Everton,36-133,1988,2.2,25.9,35.9,72.2,475.5,229.1,12.3,13.2,93.1,10.9,14.1,77.4,2.73,7.27,37.5,0,0,0,0,0,2.73,0,0,3.64,Matches
96,Nathan Collins,ie IRL,DF,Brentford,23-297,2001,25,47.5,55.2,86,890.8,307.1,16.5,18.9,87.5,27,29.1,92.9,3.56,6,59.3,0.04,0.06,0.05,-0.02,0.28,3.04,0.28,0.08,3.52,Matches
97,Toby Collyer,eng ENG,MF,Manchester Utd,21-049,2004,1.4,40,45,88.9,612.9,67.9,18.6,20.7,89.7,17.1,17.9,96,2.14,2.86,75,0,0.07,0,-0.07,0.71,1.43,0.71,0,3.57,Matches
98,Levi Colwill,eng ENG,DF,Chelsea,21-361,2003,23,70.3,78.6,89.5,1271.9,458,25,26.9,93,40.9,43.3,94.6,3.87,6.57,58.9,0.04,0.04,0.05,0,0.35,4.57,0.26,0.09,4.35,Matches
99,Lewis Cook,eng ENG,"MF,DF",Bournemouth,28-018,1997,22.6,37.5,48.8,76.7,657.5,228.6,16.5,19.1,86.3,17,20,85,3.41,7.92,43,0.13,0.15,0.13,-0.02,1.73,5.09,0.88,0.22,5.49,Matches
100,Maxwel Cornet,ci CIV,FW,Southampton,28-147,1996,0.8,21.3,27.5,77.3,327.5,46.3,11.3,12.5,90,7.5,10,75,1.25,2.5,50,0,0,0,0,0,0,0,0,0,Matches
101,Vladimir Coufal,cz CZE,DF,West Ham,32-183,1992,8.2,36.2,47.6,76.2,607.8,243,17.9,20.5,87.5,14.5,18.7,77.8,3.05,6.83,44.6,0,0.07,0.11,-0.07,0.73,3.41,1.46,0.85,3.41,Matches
102,Woyo Coulibaly,fr FRA,DF,Leicester City,25-277,1999,0.7,37.1,42.9,86.7,642.9,205.7,18.6,20,92.9,15.7,20,78.6,2.86,2.86,100,0,0,0,0,0,2.86,0,0,0,Matches
103,Aaron Cresswell,eng ENG,DF,West Ham,35-068,1989,3.3,43.9,57,77.1,899.1,366.1,18.2,20.6,88.2,17.9,20.3,88.1,7.88,14.8,53.1,0,0.06,0.15,-0.06,1.52,4.24,0.61,0,3.94,Matches
104,Marc Cucurella,es ESP,DF,Chelsea,26-214,1998,21,52.6,59.2,88.7,813,222.9,26.9,28.6,94.2,22.6,25.1,90.1,1.95,3.24,60.3,0.05,0.08,0.09,-0.03,0.67,3.81,0.29,0.1,3.52,Matches
105,Jorge Cuenca,es ESP,DF,Fulham,25-096,1999,1,30,37,81.1,575,178,7,8,87.5,17,21,81,4,6,66.7,0,0,0,0,0,0,0,0,3,Matches
106,Matheus Cunha,br BRA,"MF,FW",Wolves,25-270,1999,21.8,26.8,37.6,71.3,434.3,146.7,15.3,18.2,84.1,7.48,9.91,75.5,3.03,6.47,46.8,0.18,0.29,0.19,-0.11,1.74,3.3,2.11,0.41,4.82,Matches
107,Patson Daka,zm ZAM,"FW,MF",Leicester City,26-135,1998,3.5,12.6,18.3,68.8,196.9,34.6,5.43,8,67.9,5.71,7.14,80,0.57,0.57,100,0,0,0,0,0,0.57,0.29,0,1.14,Matches
108,Diogo Dalot,pt POR,DF,Manchester Utd,25-340,1999,23.6,44.5,55,80.9,719.4,224.4,23.2,25.5,90.9,17,20.6,82.5,3.22,5.85,55.1,0.04,0.06,0.08,-0.02,0.68,2.12,0.72,0.21,3.39,Matches
109,Mikkel Damsgaard,dk DEN,"MF,FW",Brentford,24-233,2000,20.9,35.1,46.9,74.7,586.7,224.8,18.1,21.1,86.1,12.1,16.1,75.3,3.92,7.22,54.3,0.38,0.3,0.21,0.09,2.06,4.88,1.91,0.48,7.46,Matches
110,Danilo,br BRA,MF,Nott'ham Forest,23-298,2001,1.6,31.3,38.8,80.6,546.3,226.3,11.9,15,79.2,14.4,16.9,85.2,3.13,3.75,83.3,0,0,0,0,0,2.5,0,0,3.75,Matches
111,Jayden Danns,eng ENG,MF,Liverpool,19-036,2006,0.1,10,10,100,60,0,10,10,100,0,0,,0,0,,0,0,0,0,0,0,0,0,0,Matches
112,Kevin Danso,at AUT,DF,Tottenham,26-155,1998,0.9,58.9,66.7,88.3,997.8,388.9,25.6,26.7,95.8,28.9,32.2,89.7,3.33,5.56,60,0,0,0,0,1.11,5.56,1.11,1.11,1.11,Matches
113,Ben Davies,wls WAL,DF,Tottenham,31-303,1993,7,64.9,73,88.8,1206.9,511.1,22.9,24.7,92.5,35.6,37.7,94.3,5.57,8.14,68.4,0,0.01,0.03,-0.01,0.14,3.86,0.14,0,4,Matches
114,Leif Davis,eng ENG,DF,Ipswich Town,25-040,2000,23.5,29.5,41,71.9,501.8,198.1,14,16.3,85.9,12.5,16.3,76.6,2.51,6.3,39.9,0.09,0.15,0.16,-0.06,1.83,1.06,0.85,0.38,1.87,Matches
115,Craig Dawson,eng ENG,DF,Wolves,34-291,1990,10.8,44.8,51.8,86.6,902.3,294.4,13.8,14.9,92.5,24.7,26.6,93,5.28,8.8,60,0,0,0.01,0,0.19,2.04,0.09,0,1.85,Matches
116,Kevin De Bruyne,be BEL,MF,Manchester City,33-238,1991,11.2,52.6,68.2,77.1,892,259.7,26.8,31.3,85.7,20.7,26.1,79.5,4.55,7.5,60.7,0.54,0.54,0.4,0,3.48,4.91,3.75,0.71,9.46,Matches
117,Liam Delap,eng ENG,FW,Ipswich Town,22-013,2003,20.5,6.78,10.9,62.1,96.8,24,3.76,5.41,69.4,2.2,3.41,64.3,0.34,0.88,38.9,0.1,0.09,0.06,0.01,0.93,0.59,0.24,0,0.98,Matches
118,Sepp van den Berg,nl NED,DF,Brentford,23-063,2001,19.5,37.2,44,84.6,630.7,204.9,16.9,19.2,88,17.7,20,88.5,2.26,3.49,64.7,0,0.01,0.02,-0.01,0.21,2.21,0.15,0.05,2.72,Matches
119,Justin Devenny,nir NIR,MF,Crystal Palace,21-133,2003,3.5,27.1,38.6,70.4,430.3,110.3,14.6,18,81,9.43,13.1,71.7,2,5.43,36.8,0,0.09,0.09,-0.09,1.43,3.43,0.57,0.29,2.57,Matches
120,Kiernan Dewsbury-Hall,eng ENG,MF,Chelsea,26-168,1998,1.8,43.9,51.1,85.9,660.6,109.4,25.6,27.8,92,17.2,19.4,88.6,1.11,2.78,40,0.56,0.56,0.11,0,1.11,3.89,0.56,0,5.56,Matches
121,Amad Diallo,ci CIV,"FW,MF",Manchester Utd,22-225,2002,17.7,37.2,44.9,82.9,511.4,106.2,23,25.4,90.4,10.5,12.3,85.3,1.86,3.56,52.4,0.34,0.22,0.2,0.12,2.2,1.41,1.64,0.28,2.99,Matches
122,Ruben Dias,pt POR,DF,Manchester City,27-283,1997,13.1,87.1,92.7,93.9,1481.4,481.6,37.3,38.5,96.8,44.2,46.3,95.5,4.27,5.73,74.7,0,0.02,0.05,-0.02,0.38,8.09,0.38,0,5.95,Matches
123,Luis Diaz,co COL,FW,Liverpool,28-039,1997,17.7,26.6,31.6,84.1,415.7,89.1,15,16.6,90.1,8.59,10.2,84,2.09,2.54,82.2,0.11,0.12,0.13,-0.01,1.58,1.81,1.47,0.17,4.18,Matches
124,Tyler Dibling,eng ENG,"FW,MF",Southampton,18-346,2006,14.1,22.8,29.2,78.2,353.3,74.8,12.1,13.8,87.2,8.94,10.7,83.4,1.21,2.62,45.9,0,0.09,0.09,-0.09,0.99,1.42,1.21,0.07,3.05,Matches
125,Lucas Digne,fr FRA,DF,Aston Villa,31-216,1993,21,38.5,51.6,74.6,619.5,196.5,19.4,22,88.3,15.8,20.2,78.3,2.33,6.19,37.7,0.19,0.18,0.15,0.01,1.48,1.86,1.19,0.76,2.24,Matches
126,Issa Diop,fr FRA,DF,Fulham,28-043,1997,11.9,45.7,52.4,87.2,852.1,295.7,16.1,17.5,91.8,26.2,28.2,93.1,3.19,6.13,52.1,0,0.01,0.01,-0.01,0.17,2.77,0.08,0,1.93,Matches
127,Axel Disasi,fr FRA,DF,Aston Villa,26-347,1998,2,68,73.5,92.5,1162.5,427.5,28,28.5,98.2,38,39.5,96.2,1.5,2.5,60,0,0.15,0.15,-0.15,0.5,4.5,0.5,0,3.5,Matches
128,Axel Disasi,fr FRA,DF,Chelsea,26-347,1998,4,66.5,73.3,90.8,1054.5,342,34,36,94.4,29.3,31.5,92.9,2.25,3.25,69.2,0,0.03,0.03,-0.03,0.5,5,0.5,0,4,Matches
129,Roman Dixon,eng ENG,DF,Everton,20-057,2004,1,11,19,57.9,205,111,6,8,75,4,8,50,1,3,33.3,0,0,0,0,0,3,0,0,0,Matches
130,Matt Doherty,ie IRL,DF,Wolves,33-036,1992,13.9,43.9,54,81.3,812.4,256.3,17.9,20.1,88.9,20.4,24.2,84.5,4.82,7.48,64.4,0.07,0.1,0.06,-0.03,0.72,4.53,0.72,0.07,3.67,Matches
131,Jeremy Doku,be BEL,"FW,MF",Manchester City,22-270,2002,8.9,36,45.1,79.8,505.8,87,23.8,27.8,85.8,11.1,13.5,82.5,0.79,1.24,63.6,0.45,0.26,0.2,0.19,1.91,0.45,3.15,0.34,4.16,Matches
132,Nicolas Dominguez,ar ARG,"MF,FW",Nott'ham Forest,26-238,1998,12.5,40,46.2,86.7,573.4,164.7,23.4,25.5,91.5,12.2,13.8,88.4,2,3.04,65.8,0,0.06,0.07,-0.06,0.48,3.76,0.48,0,3.68,Matches
133,Patrick Dorgu,dk DEN,DF,Manchester Utd,20-118,2004,1,32,43,74.4,510,155,18,22,81.8,13,17,76.5,1,3,33.3,0,0,0.1,0,2,2,2,1,4,Matches
134,Alfie Dorrington,eng ENG,DF,Tottenham,19-307,2005,0.2,75,80,93.8,1520,195,30,35,85.7,35,35,100,10,10,100,0,0,0,0,0,0,0,0,0,Matches
135,Abdoulaye Doucoure,ml MLI,MF,Everton,32-051,1993,19.7,26.7,33.2,80.4,413.7,81.9,13.8,16,86,10.4,12.5,83,1.68,2.23,75,0,0.06,0.04,-0.06,1.07,1.73,0.51,0,2.99,Matches
136,Cheick Doucoure,ml MLI,MF,Crystal Palace,25-044,2000,5,34.8,40.8,85.3,581.8,164.6,16.8,18.8,89.4,14,15.6,89.7,3.2,4,80,0,0,0.02,0,0.2,3.4,0.6,0,3.8,Matches
137,Flynn Downes,eng ENG,MF,Southampton,26-032,1999,15.9,44.9,49.6,90.6,663.8,132.8,25.8,27.7,93.4,15.7,16.9,92.6,1.82,2.7,67.4,0,0.06,0.07,-0.06,0.75,2.64,0.57,0,3.14,Matches
138,Tommy Doyle,eng ENG,MF,Wolves,23-127,2001,5.2,57.3,70.4,81.4,1194.4,366.9,19.6,20.8,94.4,24.6,27.5,89.5,11.5,17.7,65.2,0.19,0.1,0.06,0.1,1.35,7.69,0.58,0,7.5,Matches
139,Radu Dragusin,ro ROU,DF,Tottenham,23-018,2002,13.9,51.5,60.4,85.2,981.2,377.7,16,17.6,91,31.4,33.8,93,3.38,7.7,43.9,0,0.03,0.01,-0.03,0.29,3.74,0.14,0.07,2.66,Matches
140,Martin Dúbravka,sk SVK,GK,Newcastle Utd,36-037,1989,10,26.5,33.3,79.6,593.2,308.2,5.8,5.8,100,16.1,16.1,100,4.5,11.2,40.2,0,0,0,0,0,0,0,0,0,Matches
141,Lewis Dunk,eng ENG,DF,Brighton,33-092,1991,17.4,77.2,84.6,91.2,1435.9,474.7,29.2,30.1,96.9,40.8,42.8,95.4,6.49,10.3,63.1,0,0.03,0.04,-0.03,0.34,7.07,0.23,0,6.38,Matches
142,Jader Duran,co COL,FW,Aston Villa,21-070,2003,7.1,16.2,23,70.6,219.4,43.2,9.58,11.8,81,4.79,7.04,68,0.7,1.55,45.5,0,0.03,0.04,-0.03,0.56,1.41,0.14,0,1.83,Matches
143,Ederson,br BRA,GK,Manchester City,31-188,1993,16,32.6,37.8,86.1,814.6,541.3,5.94,5.94,100,18.6,19,98,7.88,12.7,62.1,0.19,0.05,0,0.14,0.19,1.19,0.06,0,0.06,Matches
144,George Edmundson,eng ENG,DF,Ipswich Town,27-174,1997,0,1,2,50,9,0,1,1,100,0,0,,0,0,,0,0,0,0,0,0,0,0,0,Matches
145,Odsonne Edouard,fr FRA,"MF,FW",Crystal Palace,27-036,1998,1.3,13.1,21.5,60.7,176.9,35.4,8.46,12.3,68.8,3.08,5.38,57.1,0.77,0.77,100,0,0,0,0,0.77,1.54,0,0,3.08,Matches
146,Odsonne Edouard,fr FRA,FW,Leicester City,27-036,1998,0.3,20,26.7,75,196.7,16.7,10,13.3,75,3.33,3.33,100,0,0,,0,0,0,0,3.33,0,0,0,3.33,Matches
147,Samuel Edozie,eng ENG,"DF,FW",Southampton,22-024,2003,0.7,35.7,47.1,75.8,451.4,95.7,27.1,30,90.5,8.57,10,85.7,0,4.29,0,0,0.14,0.29,-0.14,1.43,0,4.29,0,5.71,Matches
148,Ronnie Edwards,eng ENG,DF,Southampton,21-330,2003,0.1,50,50,100,1090,0,0,0,,50,50,100,0,0,,0,0,0,0,0,0,0,0,0,Matches
149,Anthony Elanga,se SWE,"FW,MF",Nott'ham Forest,22-300,2002,17.2,18.8,29.5,63.6,269.7,97.6,11.4,13.7,83.4,4.88,7.97,61.3,1.57,4.88,32.1,0.47,0.23,0.2,0.23,1.98,1.05,0.99,0.23,1.98,Matches
150,Harvey Elliott,eng ENG,"MF,FW",Liverpool,21-323,2003,0.9,86.7,110,78.8,1637.8,400,46.7,51.1,91.3,23.3,33.3,70,14.4,20,72.2,1.11,0.89,0.44,0.22,4.44,6.67,3.33,0,12.2,Matches
151,Yunus Emre Konak,tr TUR,"MF,FW",Brentford,19-042,2006,0.2,60,85,70.6,1005,310,35,45,77.8,15,20,75,10,15,66.7,0,0,0,0,0,5,0,0,10,Matches
152,Julio Enciso,py PAR,"MF,FW",Ipswich Town,21-029,2004,1.3,36.9,50,73.8,613.1,192.3,18.5,21.5,85.7,14.6,20,73.1,2.31,3.08,75,0.77,0.23,0.23,0.54,0.77,4.62,0.77,0,6.92,Matches
153,Julio Enciso,py PAR,"MF,FW",Brighton,21-029,2004,3.3,30,45.5,66,443.6,118.8,18.5,22.7,81.3,8.79,12.1,72.5,1.52,6.67,22.7,0,0.06,0.09,-0.06,1.52,3.94,1.21,0.3,4.24,Matches
154,Wataru Endo,jp JPN,MF,Liverpool,32-012,1993,1.2,49.2,53.3,92.2,736.7,196.7,27.5,29.2,94.3,16.7,17.5,95.2,2.5,2.5,100,0,0,0,0,0.83,5.83,0.83,0,5.83,Matches
155,Christian Eriksen,dk DEN,MF,Manchester Utd,33-007,1992,7.1,51.3,63.2,81.1,888,274.1,27,29,93.2,17.6,21.4,82.2,5.35,10.7,50,0.14,0.3,0.23,-0.15,2.25,5.35,0.56,0,4.79,Matches
156,Romain Esse,eng ENG,MF,Crystal Palace,19-284,2005,0.1,30,40,75,630,290,10,20,50,10,10,100,10,10,100,0,0,0,0,0,10,0,0,10,Matches
157,Pervis Estupinan,ec ECU,DF,Brighton,27-031,1998,15.7,51.7,61.7,83.9,779.7,237.5,30.9,33.2,93.1,16.7,20,83.4,2.99,5.67,52.8,0.06,0.11,0.11,-0.05,1.21,3.31,1.46,1.08,4.52,Matches
158,Evanilson,br BRA,FW,Bournemouth,25-138,1999,15.2,8.75,12.9,67.9,107.2,21.8,5.86,7.96,73.6,1.78,2.63,67.5,0.46,0.53,87.5,0,0.07,0.09,-0.07,1.05,0.59,0.13,0,0.86,Matches
159,Jonny Evans,nir NIR,DF,Manchester Utd,37-049,1988,3.2,54.4,61.3,88.8,877.8,245,25.6,27.2,94.3,25.3,28.1,90,1.88,3.75,50,0,0,0,0,0,2.81,0.31,0,2.5,Matches
160,Eberechi Eze,eng ENG,"MF,FW",Crystal Palace,26-237,1998,18.4,29.7,39.7,74.7,507.3,133.9,14.2,16.7,85.1,12.1,14.3,84.1,2.83,6.36,44.4,0.27,0.2,0.16,0.08,2.45,1.96,1.47,0.16,3.91,Matches
161,Lukasz Fabianski,pl POL,GK,West Ham,39-309,1985,11.9,25.5,38.2,67,735.8,515,4.45,4.45,100,12.4,12.4,99.3,8.74,21.2,41.3,0,0,0,0,0,0.34,0,0,0,Matches
162,Wout Faes,be BEL,DF,Leicester City,26-324,1998,19.3,42.5,49.1,86.6,791.4,273.4,16.4,17.6,93.5,22.4,23.6,94.7,3.63,6.99,51.9,0,0.01,0.02,-0.01,0.16,3.06,0.26,0,3.01,Matches
163,Abdul Fatawu Issahaku,gh GHA,FW,Leicester City,20-350,2004,6.4,19.2,30.8,62.4,335.9,93.9,9.22,12.7,72.8,7.03,9.22,76.3,2.5,5.16,48.5,0.31,0.25,0.22,0.06,0.94,1.09,1.09,0.31,2.66,Matches
164,Joao Felix,pt POR,"FW,MF",Chelsea,25-103,1999,4.1,41.7,48.5,85.9,631.2,161.7,23.2,25.6,90.5,15.1,16.6,91.2,2.44,3.66,66.7,0.24,0.24,0.12,0,1.46,5.37,1.95,0,6.34,Matches
165,Evan Ferguson,ie IRL,FW,West Ham,20-125,2004,0.5,14,18,77.8,192,8,10,14,71.4,4,4,100,0,0,,0,0.4,0.4,-0.4,2,0,0,0,0,Matches
166,Evan Ferguson,ie IRL,FW,Brighton,20-125,2004,2.7,15.9,21.5,74.1,179.3,16.3,11.5,13.3,86.1,2.96,4.07,72.7,0.37,1.48,25,0,0.15,0.15,-0.15,1.11,0.37,0,0,0.37,Matches
167,Bruno Fernandes,pt POR,MF,Manchester Utd,30-166,1994,22.4,48.3,64.7,74.7,836.1,291.2,24,27.9,86.1,17.2,21.6,79.9,5.54,10.8,51.2,0.27,0.24,0.21,0.03,2.37,5.8,2.05,0.31,8.79,Matches
168,Mateus Fernandes,pt POR,MF,Southampton,20-226,2004,20.3,34.5,43.6,79.1,585,142.7,16.5,18.9,87,13.2,15.4,85.6,3.4,6.35,53.5,0.1,0.1,0.13,0,1.13,2.76,0.69,0.15,4.63,Matches
169,Enzo Fernandez,ar ARG,MF,Chelsea,24-035,2001,19.8,51.1,63,81.2,897.2,240.7,24.1,26.8,90,20.6,24.2,84.8,5.25,8.59,61.2,0.2,0.19,0.2,0.01,2.12,5.2,1.06,0.05,6.77,Matches
170,Mark Flekken,nl NED,GK,Brentford,31-253,1993,23.4,35.9,49,73.2,1026.9,685,4.66,4.74,98.2,19.6,20.3,96.8,11.6,23.7,48.8,0.04,0.01,0,0.03,0.04,1.32,0.04,0,0,Matches
171,Phil Foden,eng ENG,"MF,FW",Manchester City,24-269,2000,16,41.4,48.7,85.1,651.2,143.2,24.5,26.8,91.4,12.7,14.2,89.4,3.56,5.69,62.6,0.13,0.28,0.31,-0.15,2.38,2.38,2.13,0.31,5.31,Matches
172,Wesley Fofana,fr FRA,DF,Chelsea,24-066,2000,11.3,55.8,62.2,89.6,945.3,261,23.4,25,93.3,29.9,32.5,92.1,1.95,3.1,62.9,0,0.04,0.02,-0.04,0.44,3.89,0.09,0,2.21,Matches
173,Carlos Forbs,pt POR,"MF,FW",Wolves,20-339,2004,2.6,21.5,33.5,64.4,284.2,87.7,13.8,18.5,75,6.92,9.62,72,0.38,1.92,20,0,0,0.04,0,0.38,0.77,1.15,0.38,3.08,Matches
174,Fraser Forster,eng ENG,GK,Tottenham,36-341,1988,7,24,28.3,84.8,478.4,300.7,7.71,7.86,98.2,12.3,12.9,95.6,3.29,6.71,48.9,0,0,0,0,0,0.14,0,0,0,Matches
175,Ryan Fraser,sct SCO,"FW,DF",Southampton,30-363,1994,3.4,22.6,30.3,74.8,329.7,61.2,12.6,13.5,93.5,8.24,11.8,70,0.88,2.94,30,0,0.03,0.03,-0.03,0.59,0.88,0.29,0,2.35,Matches
176,Niclas Fullkrug,de GER,FW,West Ham,32-012,1993,4.1,12.9,18.8,68.8,176.3,22.7,7.07,9.51,74.4,4.15,6.59,63,0.49,0.98,50,0.24,0.24,0.05,0,1.71,0.73,0.24,0,0.98,Matches
177,Cody Gakpo,nl NED,FW,Liverpool,25-290,1999,15.2,23.3,30.7,76,332.1,83.5,14.4,16.6,86.6,7.04,10.4,67.7,1.05,1.84,57.1,0.2,0.23,0.18,-0.03,1.97,1.25,1.45,0.39,2.83,Matches
178,Idrissa Gana Gueye,sn SEN,MF,Everton,35-148,1989,21.4,35.7,41.7,85.7,602,156.8,17.8,19.5,90.9,14.8,16.4,90,2.71,3.93,69,0.09,0.06,0.05,0.04,0.65,4.35,0.33,0.14,4.35,Matches
179,Andres Garcia,es ESP,DF,Aston Villa,22-014,2003,2.2,50.5,59.5,84.7,746.8,118.6,27.7,29.5,93.8,19.1,21.8,87.5,1.82,4.09,44.4,0,0,0.09,0,0,2.27,2.27,1.36,3.64,Matches
180,Alejandro Garnacho,ar ARG,"FW,MF",Manchester Utd,20-235,2004,15.7,25.2,32.2,78.3,357.1,43.4,16.4,18.3,89.5,6.24,7.77,80.3,1.4,2.48,56.4,0.06,0.16,0.09,-0.1,1.27,0.96,0.7,0.06,1.91,Matches
181,James Garner,eng ENG,"MF,DF",Everton,23-345,2001,5.8,26.6,40,66.4,450.9,198.1,12.1,15,80.5,10.5,14.1,74.4,2.93,6.38,45.9,0.17,0.12,0.1,0.05,1.03,2.76,0.69,0.34,1.9,Matches
182,Tyrique George,eng ENG,FW,Chelsea,19-017,2006,0.4,37.5,45,83.3,500,50,22.5,25,90,15,20,75,0,0,,0,0,0,0,0,0,0,0,0,Matches
183,Morgan Gibbs-White,eng ENG,MF,Nott'ham Forest,25-025,2000,18.4,34.1,43,79.2,500.8,161.3,20.3,23.7,85.6,9.84,12.2,80.8,2.28,3.64,62.7,0.27,0.19,0.2,0.08,1.85,5,1.41,0.16,5.54,Matches
184,Billy Gilmour,sct SCO,MF,Brighton,23-255,2001,1.1,52.7,60.9,86.6,890.9,314.5,32.7,34.5,94.7,16.4,20,81.8,3.64,6.36,57.1,0,0,0,0,0,10.9,1.82,0,10,Matches
185,Ben Godfrey,eng ENG,DF,Ipswich Town,27-037,1998,0.7,52.9,62.9,84.1,707.1,264.3,35.7,40,89.3,15.7,18.6,84.6,0,0,,0,0,0,0,0,4.29,1.43,0,4.29,Matches
186,Martial Godo,eng ENG,FW,Fulham,21-344,2003,0.2,15,25,60,205,10,10,15,66.7,5,5,100,0,5,0,0,0,0,0,0,0,0,0,0,Matches
187,Joao Gomes,br BRA,MF,Wolves,24-009,2001,21.5,39.7,46.8,84.8,593.4,158,22.7,25.3,89.7,13,15.1,86.1,2.37,3.58,66.2,0.05,0.04,0.06,0,0.74,3.86,0.7,0.05,5.26,Matches
188,Rodrigo Gomes,pt POR,"DF,FW",Wolves,21-229,2003,6.3,22.4,34.3,65.3,332.1,115.1,13.2,17,77.6,7.78,11.6,67.1,0.95,3.49,27.3,0,0.11,0.08,-0.11,1.43,1.43,1.75,0.48,3.49,Matches
189,Toti Gomes,pt POR,DF,Wolves,26-036,1999,16,45.9,54.8,83.9,791,283.9,20.1,22.4,89.7,21.7,23.6,91.8,3.38,6.25,54,0.06,0.04,0.03,0.03,0.25,2.63,0.13,0,2.44,Matches
190,Diego Gómez,py PAR,MF,Brighton,21-331,2003,0.7,51.4,67.1,76.6,727.1,114.3,30,38.6,77.8,18.6,21.4,86.7,1.43,2.86,50,0,0,0,0,0,0,0,0,2.86,Matches
191,Joe Gomez,eng ENG,DF,Liverpool,27-274,1997,5.8,65,73.3,88.7,1153.3,396.4,26.7,29.3,91.2,32.9,35.2,93.6,4.48,7.24,61.9,0,0.02,0.02,-0.02,0.34,5,0,0,6.03,Matches
192,Nicolas Gonzalez,es ESP,MF,Manchester City,23-049,2002,1,100,103,97.1,1392,355,68,68,100,31,32,96.9,1,2,50,0,0,0,0,0,13,0,0,6,Matches
193,Anthony Gordon,eng ENG,FW,Newcastle Utd,23-363,2001,21.4,25.9,35.9,72,397.3,135.2,14.5,17.1,84.7,8.64,11.3,76.8,1.87,4.49,41.7,0.23,0.23,0.21,0,2.29,2.34,2.01,0.7,3.5,Matches
194,Ryan Gravenberch,nl NED,MF,Liverpool,22-281,2002,24.7,49.8,55.7,89.4,736.2,192.3,27.7,29.8,93.2,18.5,20.2,91.2,1.86,3,62.2,0.08,0.11,0.12,-0.03,0.89,4.29,1.13,0.04,5.26,Matches
195,Archie Gray,eng ENG,DF,Tottenham,18-346,2006,10.8,60.4,68.1,88.7,1022.3,327,24,26,92.2,32.7,35.4,92.4,2.87,4.72,60.8,0,0,0.01,0,0,2.22,0,0,2.31,Matches
196,Jack Grealish,eng ENG,"FW,MF",Manchester City,29-164,1995,6.8,47.2,54.3,87,709.7,119.9,30.3,32.5,93.2,14.9,16.9,87.8,1.91,3.09,61.9,0.15,0.25,0.22,-0.1,3.24,2.35,1.91,0,6.32,Matches
197,Jacob Greaves,eng ENG,DF,Ipswich Town,24-162,2000,15,39.3,45.4,86.6,644,243.5,18.7,20.5,91.2,18.7,20.1,92.7,1.47,3.4,43.1,0,0,0.01,0,0.13,2.4,0,0,2.13,Matches
198,Brajan Gruda,de GER,"FW,MF",Brighton,20-266,2004,4.1,24.6,33.9,72.7,313.9,103.9,16.6,19.8,84,5.37,7.8,68.8,1.22,3.66,33.3,0,0.12,0.12,-0.12,2.44,0.98,1.71,0.24,3.17,Matches
199,Albert Gronbaek,dk DEN,MF,Southampton,23-274,2001,0.8,11.3,12.5,90,106.3,33.8,7.5,7.5,100,1.25,1.25,100,0,0,,0,0,0,0,0,2.5,0,0,0,Matches
200,Gonçalo Guedes,pt POR,"MF,FW",Wolves,28-084,1996,8.2,21.6,29.4,73.4,367.9,91.7,10.9,13,83.2,8.54,11,77.8,1.59,3.41,46.4,0.49,0.13,0.07,0.35,1.34,1.59,1.71,0.61,3.41,Matches
201,Marc Guehi,eng ENG,DF,Crystal Palace,24-223,2000,24,44.5,54,82.3,878.1,366.6,15.3,16.9,90.4,23.8,26.9,88.4,5.17,9.38,55.1,0.08,0.05,0.05,0.04,0.33,3.79,0.33,0.08,4.17,Matches
202,Luis Guilherme,br BRA,"MF,FW",West Ham,19-012,2006,0.6,36.7,45,81.5,611.7,193.3,25,26.7,93.8,6.67,10,66.7,5,6.67,75,0,0,0.17,0,3.33,0,5,3.33,3.33,Matches
203,Bruno Guimaraes,br BRA,MF,Newcastle Utd,27-097,1997,24,41.2,49.8,82.7,682,232.4,20.6,22.9,90,16,18,88.7,3.29,5.5,59.8,0.25,0.21,0.17,0.04,1.5,5,1.92,0.17,7.58,Matches
204,Marc Guiu,es ESP,FW,Chelsea,19-048,2006,0.8,13.8,20,68.8,137.5,5,11.3,16.3,69.2,1.25,2.5,50,0,0,,0,0,0,0,1.25,0,0,0,0,Matches
205,Ilkay Gundogan,de GER,MF,Manchester City,34-120,1990,15.9,65,72.6,89.5,994.9,186.8,37,39.1,94.7,23.1,24.6,93.9,3.65,6.42,56.9,0.13,0.13,0.19,0,1.64,4.53,1.01,0.06,5.97,Matches
206,Malo Gusto,fr FRA,DF,Chelsea,21-278,2003,15.2,58.8,68,86.4,961.1,234.3,28.8,30.5,94.2,25.1,28.5,88,3.55,5.72,62.1,0.07,0.07,0.09,0,0.92,5.13,0.72,0.26,5.2,Matches
207,Josko Gvardiol,hr CRO,DF,Manchester City,23-029,2002,23.4,66.8,73.8,90.4,1043.7,264.7,35.3,37.5,94.2,28.3,30.7,92.2,2.35,3.55,66.3,0,0.07,0.09,-0.07,0.81,6.03,0.73,0.04,7.05,Matches
208,Erling Haaland,no NOR,FW,Manchester City,24-215,2000,24.6,7.85,12.1,64.8,94.8,18.6,5.53,7.97,69.4,1.63,2.56,63.5,0.16,0.24,66.7,0.12,0.11,0.07,0.01,0.98,0.33,0.2,0.04,0.65,Matches
209,Lewis Hall,eng ENG,DF,Newcastle Utd,20-166,2004,22.3,53.8,65.8,81.7,911.7,362.3,26.8,29.3,91.4,21.9,25.7,85.5,4.3,8.43,51.1,0.13,0.18,0.16,-0.04,1.39,4.71,0.67,0.18,5.11,Matches
210,Ali Al Hamadi,iq IRQ,FW,Ipswich Town,22-357,2002,1.5,16.7,20,83.3,185.3,19.3,13.3,15.3,87,3.33,4.67,71.4,0,0,,0,0.07,0,-0.07,1.33,0,0,0,2,Matches
211,Marcus Harness,eng ENG,MF,Ipswich Town,28-363,1996,0.5,20,32,62.5,178,46,18,22,81.8,0,2,0,0,2,0,0,0,0.2,0,0,0,4,0,4,Matches
212,Jack Harrison,eng ENG,FW,Everton,28-093,1996,12.8,17,26.4,64.5,243.8,93.8,10.9,13,83.2,4.22,6.48,65.1,1.09,3.44,31.8,0,0.16,0.12,-0.16,1.25,1.41,1.02,0.23,2.19,Matches
213,Taylor Harwood-Bellis,eng ENG,DF,Southampton,23-022,2002,21.1,65.2,74,88,1203,433.5,24.4,26.1,93.5,34.5,37.7,91.4,5.73,9.05,63.4,0,0.04,0.02,-0.04,0.52,6.4,0.28,0,4.36,Matches
214,Kai Havertz,de GER,"FW,MF",Arsenal,25-255,1999,20.4,19.7,25,78.5,236.9,49.5,13.8,16.4,84.1,4.61,5.59,82.5,0.25,0.54,45.5,0.15,0.12,0.08,0.03,0.78,1.27,0.39,0.05,2.89,Matches
215,Jan Paul van Hecke,nl NED,DF,Brighton,24-258,2000,21.9,65.1,73,89.2,1287.9,488.8,21.9,23.5,93.2,35.3,37.6,93.7,7.4,10.5,70.4,0.05,0.05,0.05,0,0.55,6.94,0.5,0.18,7.67,Matches
216,Hwang Hee-chan,kr KOR,"MF,FW",Wolves,29-026,1996,6.9,21.9,27,81.2,287.8,54.2,14.3,16.7,86.1,5.8,6.81,85.1,0.58,0.58,100,0,0.01,0.04,-0.01,0.43,0.87,0.58,0.29,1.59,Matches
217,Dean Henderson,eng ENG,GK,Crystal Palace,27-346,1997,25,19.7,32.2,61.2,528.2,339.3,4.72,4.72,100,9.76,9.8,99.6,5.08,17.5,29,0,0,0,0,0.04,0.36,0,0,0,Matches
218,Rico Henry,eng ENG,DF,Brentford,27-228,1997,0,2,5,40,44,28,1,3,33.3,1,1,100,0,1,0,0,0,0,0,0,0,0,0,0,Matches
219,Mads Hermansen,dk DEN,GK,Leicester City,24-225,2000,17.5,24.6,39.3,62.6,637.6,472.6,6.17,6.29,98.2,11.1,11.6,95.6,7.37,21.2,34.8,0,0,0,0,0,0.69,0.06,0,0.06,Matches
220,Son Heung-min,kr KOR,FW,Tottenham,32-228,1992,18.6,31.6,39.6,79.6,444.7,114.4,19.7,21.8,90.4,8.71,10.8,80.6,1.67,3.28,50.8,0.38,0.35,0.23,0.03,2.2,1.56,2.26,0.27,4.68,Matches
221,James Hill,eng ENG,"DF,MF",Bournemouth,23-042,2002,2,27.5,46.5,59.1,509,232,10,13,76.9,14.5,20,72.5,3,11,27.3,0.5,0.1,0.1,0.4,1,4.5,2,0,4.5,Matches
222,Jack Hinshelwood,eng ENG,"MF,DF",Brighton,19-316,2005,10.8,44.3,53,83.6,673.9,162.2,25.5,27.6,92.3,14.3,16.8,85.1,3.24,6.2,52.2,0,0.03,0.06,-0.03,0.65,2.13,0.46,0,3.61,Matches
223,George Hirst,eng ENG,FW,Ipswich Town,26-006,1999,2.6,10.8,20,53.8,115.8,38.1,8.08,12.7,63.6,1.92,4.23,45.5,0,0.38,0,0.38,0.12,0.04,0.27,1.15,0,1.15,0,3.46,Matches
224,Mason Holgate,eng ENG,"FW,DF",Everton,28-122,1996,0.1,20,20,100,550,0,0,0,,10,10,100,10,10,100,0,0,0,0,0,0,0,0,0,Matches
225,Callum Hudson-Odoi,eng ENG,"FW,MF",Nott'ham Forest,24-106,2000,17.2,29.7,35.9,82.7,418.3,85.9,18.7,20.2,92.8,7.91,9.71,81.4,1.74,3.55,49.2,0.12,0.12,0.12,0,1.98,1.28,1.1,0.35,2.85,Matches
226,Will Hughes,eng ENG,MF,Crystal Palace,29-310,1995,16.6,33.4,43.4,76.9,538.3,182.4,16.4,18.5,88.9,13.7,16.6,82.9,2.11,5.54,38,0.18,0.11,0.11,0.07,1.51,3.67,0.72,0.18,4.22,Matches
227,Dean Huijsen,es ESP,DF,Bournemouth,19-313,2005,14.8,47,56.2,83.5,957.1,376.1,14.6,16.4,88.9,25.7,28.5,90.3,6.28,10.1,62,0,0.05,0.05,-0.05,0.74,5.68,0.14,0,4.32,Matches
228,Omari Hutchinson,eng ENG,"MF,FW",Ipswich Town,21-114,2003,21.7,22,28.5,77.2,337.8,58.2,11.3,12.9,87.8,9.12,11,82.8,1.06,1.98,53.5,0.09,0.11,0.07,-0.01,0.92,1.57,0.69,0.32,2.44,Matches
229,Rasmus Hojlund,dk DEN,FW,Manchester Utd,22-017,2003,13.3,11.7,15.2,76.7,122.6,23.3,8.42,10.2,83,1.65,2.48,66.7,0.23,0.23,100,0,0.08,0.05,-0.08,0.83,0.6,0.23,0,0.98,Matches
230,Igor,br BRA,DF,Brighton,27-014,1998,10,62.8,68.2,92.1,1135.8,372.3,24.8,25.7,96.5,33.7,35.4,95.2,4,5.6,71.4,0,0.02,0.03,-0.02,0.1,3.5,0.2,0.1,4.4,Matches
231,Danny Ings,eng ENG,"FW,MF",West Ham,32-213,1992,3.1,19.4,28.7,67.4,252.6,40,12.9,15.5,83.3,5.48,8.71,63,0.32,1.61,20,0.65,0.42,0.03,0.23,1.94,0.97,0.32,0,1.61,Matches
232,Tim Iroegbunam,eng ENG,MF,Everton,21-236,2003,4.6,18.3,26.1,70,308.3,115.7,8.04,11.5,69.8,6.96,8.7,80,2.39,3.48,68.8,0.22,0.04,0.02,0.17,0.65,1.96,0.22,0,2.39,Matches
233,Andy Irving,sct SCO,MF,West Ham,24-284,2000,1.8,58.9,67.2,87.6,934.4,236.7,32.2,33.9,95.1,20,23.9,83.7,5,5,100,0,0.11,0.06,-0.11,0.56,7.78,0.56,0.56,5,Matches
234,Alexander Isak,se SWE,FW,Newcastle Utd,25-153,1999,21,17,23.1,73.8,238.4,57,10.3,12.5,82.5,4.95,6.43,77,0.86,1.38,62.1,0.24,0.18,0.15,0.06,1.67,1.33,0.81,0,2.81,Matches
235,Alex Iwobi,ng NGA,"FW,MF",Fulham,28-294,1996,23.4,35,46.4,75.5,597.4,181.9,18.2,20.9,87.5,12.9,16.8,76.8,3.25,5.56,58.5,0.13,0.21,0.23,-0.09,1.97,3.5,2.65,0.47,6.62,Matches
236,Nicolas Jackson,sn SEN,FW,Chelsea,23-246,2001,19.3,12,16,75,156.5,35.8,7.41,9.07,81.7,3.37,4.4,76.5,0.31,0.57,54.5,0.26,0.21,0.09,0.05,1.3,0.88,0.31,0.05,1.4,Matches
237,Reece James,eng ENG,DF,Chelsea,25-075,1999,5.7,69.6,82.8,84.1,1234.7,438.1,33,34.7,94.9,30.2,34.6,87.3,5.79,11.6,50,0,0.05,0.11,-0.05,1.23,8.6,0.7,0.18,5.96,Matches
238,Vitaly Janelt,de GER,MF,Brentford,26-287,1998,19.9,34.7,42.2,82.4,590.9,175.5,17,18.8,90.1,14.4,16.7,86.2,2.61,4.92,53.1,0.15,0.11,0.11,0.04,0.65,3.07,0.95,0.35,3.17,Matches
239,Vitezslav Jaros,cz CZE,GK,Liverpool,23-213,2001,0.1,60,80,75,3020,2730,0,0,,10,10,100,50,70,71.4,0,0,0,0,0,20,0,0,0,Matches
240,Daniel Jebbison,eng ENG,"FW,MF",Bournemouth,21-192,2003,0.7,30,35.7,84,277.1,37.1,20,22.9,87.5,1.43,1.43,100,0,0,,0,0.29,0.14,-0.29,4.29,1.43,1.43,0,2.86,Matches
241,Mathias Jensen,dk DEN,MF,Brentford,29-051,1996,8,36.5,49,74.5,670.3,244.1,16.9,19.6,86,14.3,18.1,78.6,4.5,8.38,53.7,0.13,0.19,0.14,-0.06,1.75,4.25,1.88,0.25,6.25,Matches
242,Gabriel Jesus,br BRA,FW,Arsenal,27-324,1997,6.8,22.9,29.9,76.8,298.5,55.6,15.1,18.8,80.5,6.03,6.91,87.2,0.59,0.88,66.7,0,0.1,0.07,-0.1,1.18,1.47,1.32,0.15,2.79,Matches
243,Raul Jimenez,mx MEX,FW,Fulham,33-292,1991,17.7,16.6,23.6,70.5,251.5,57.2,9.6,11.5,83.3,4.8,6.61,72.6,1.3,2.2,59,0.17,0.15,0.1,0.02,0.79,1.19,0.45,0.17,1.98,Matches
244,Kim Jisoo,kr KOR,DF,Brentford,20-059,2004,0.3,80,90,88.9,1713.3,543.3,26.7,30,88.9,36.7,40,91.7,16.7,20,83.3,0,0,0,0,0,3.33,0,0,6.67,Matches
245,Joao Pedro,br BRA,"FW,MF",Brighton,23-148,2001,15.1,22.7,30.7,74.1,318.7,82.4,14.2,18.1,78.4,6.29,8.41,74.8,1.26,1.92,65.5,0.33,0.17,0.15,0.16,1.26,2.05,1.52,0.2,3.44,Matches
246,Joelinton,br BRA,"MF,FW",Newcastle Utd,28-191,1996,21.3,32.8,39.4,83.2,458.6,130.8,20.5,23.3,87.9,10.3,11.8,87.6,1.03,1.97,52.4,0.05,0.08,0.08,-0.03,0.89,3.24,0.56,0.05,4.6,Matches
247,Ben Johnson,eng ENG,"DF,FW",Ipswich Town,25-028,2000,10.2,22.2,29.6,74.8,339.7,142.5,13.1,14.9,88.2,7.45,9.31,80,1.27,2.84,44.8,0.1,0.06,0.04,0.04,0.59,1.37,0.1,0.1,1.67,Matches
248,Brennan Johnson,wls WAL,FW,Tottenham,23-274,2001,16.9,19.1,26.9,70.9,249.8,69.3,11.6,14.3,81,6.09,8.17,74.6,0.41,1.07,38.9,0.12,0.08,0.08,0.04,0.83,1.3,1.42,0.24,3.02,Matches
249,Sam Johnstone,eng ENG,GK,Wolves,31-333,1993,7,26.3,39.7,66.2,792.6,610,4.43,4.57,96.9,11.4,11.7,97.6,10.3,22.9,45,0,0,0,0,0.14,0.86,0,0,0,Matches
250,Curtis Jones,eng ENG,MF,Liverpool,24-022,2001,11.6,49.2,52.4,93.9,712.2,140.9,28.3,29,97.6,18.3,19.4,94.2,1.47,2.07,70.8,0.26,0.03,0.07,0.22,1.03,3.28,1.03,0,5.43,Matches
251,Jorginho,it ITA,MF,Arsenal,33-063,1991,5.3,50.6,58.9,85.9,795.8,187,26.2,29.4,89.1,20.9,23.2,90.2,2.45,4.34,56.5,0,0.08,0.09,-0.08,0.57,4.91,1.51,0,6.04,Matches
252,Diogo Jota,pt POR,FW,Liverpool,28-079,1996,8.4,17.6,25,70.5,256,62.3,9.29,12,77.2,6.07,7.62,79.7,0.95,1.79,53.3,0.36,0.19,0.13,0.17,0.95,2.02,0.24,0.12,2.38,Matches
253,James Justin,eng ENG,DF,Leicester City,26-364,1998,22.4,36.7,47.2,77.9,556.2,177.5,19.8,22.9,86.7,14.6,17.4,83.8,1.34,4.24,31.6,0.04,0.02,0.02,0.02,0.45,2.41,0.54,0.22,2.59,Matches
254,Filip Jorgensen,dk DEN,GK,Chelsea,22-311,2002,4,27.5,31.8,86.6,479.8,274,10.5,10.5,100,14.5,15,96.7,1.5,5.25,28.6,0,0,0,0,0,0.25,0,0,0,Matches
255,Ferdi Kadioglu,tr TUR,"DF,MF",Brighton,25-137,1999,4.3,33.5,40.7,82.3,551.6,162.3,17,19.1,89,14.2,17.2,82.4,2.09,3.26,64.3,0,0.05,0.07,-0.05,1.16,2.33,2.09,0.93,3.49,Matches
256,Daichi Kamada,jp JPN,MF,Crystal Palace,28-200,1996,10.4,35.3,44.5,79.3,578.6,157.6,18.7,21.2,88.2,13.9,17.1,81.5,2.12,3.65,57.9,0,0.11,0.1,-0.11,1.44,3.56,0.96,0.19,5.48,Matches
257,Boubacar Kamara,fr FRA,"MF,DF",Aston Villa,25-090,1999,11.7,47.4,52.6,90.1,743.8,224.7,23.8,25.3,93.9,20.9,22.6,92.5,1.79,3.16,56.8,0,0.03,0.03,-0.03,0.51,4.87,0.6,0,4.87,Matches
258,Michael Kayode,it ITA,DF,Brentford,20-226,2004,0.2,40,80,50,930,330,0,20,0,30,50,60,10,10,100,0,1,0.5,-1,10,0,5,5,0,Matches
259,Michael Keane,eng ENG,DF,Everton,32-041,1993,9,28.1,34.3,81.9,648,207.2,8.22,9.22,89.2,13.2,14.7,90.2,6.44,8.56,75.3,0,0.01,0,-0.01,0.22,1.89,0,0,1.33,Matches
260,Caoimhin Kelleher,ie IRL,GK,Liverpool,26-090,1998,8,27.6,37,74.7,593.6,361,10,10,100,13.6,13.6,100,4,13.3,30.2,0,0,0,0,0,0.63,0,0,0,Matches
261,Lloyd Kelly,eng ENG,DF,Newcastle Utd,26-138,1998,3.4,42.9,53.2,80.7,775.3,255,16.8,19.1,87.7,22.9,25.6,89.7,2.94,7.06,41.7,0.29,0.15,0.03,0.15,0.59,1.76,0.29,0.29,2.65,Matches
262,Milos Kerkez,hu HUN,DF,Bournemouth,21-106,2003,24.2,34.6,45,76.9,551,189.3,18.7,20.9,89.5,12.9,16.2,79.6,2.19,5.41,40.5,0.12,0.12,0.07,0,0.95,2.4,1.03,0.62,4.59,Matches
263,Bilal El Khannouss,ma MAR,MF,Leicester City,20-287,2004,13.2,33.7,44.8,75.3,597.7,156.4,16.1,18.6,86.9,12.4,15.5,80,4.39,7.42,59.2,0.08,0.14,0.11,-0.07,1.44,4.02,1.21,0.3,5,Matches
264,Abdukodir Khusanov,uz UZB,DF,Manchester City,20-358,2004,1.6,65,71.9,90.4,1097.5,401.9,30.6,32.5,94.2,31.9,33.1,96.2,1.88,5,37.5,0,0,0,0,0,0.63,0,0,3.75,Matches
265,Max Kilman,eng ENG,DF,West Ham,27-274,1997,24.2,44,51.4,85.7,868.8,310.2,14,15.3,91.1,25.2,27.5,91.7,4.55,7.73,58.8,0.04,0.04,0.03,0,0.5,3.31,0.08,0,3.72,Matches
266,Joshua King,eng ENG,"MF,FW",Fulham,18-049,2007,0.9,35.6,41.1,86.5,530,102.2,20,22.2,90,14.4,16.7,86.7,0,1.11,0,0,0.44,0.78,-0.44,3.33,2.22,1.11,0,4.44,Matches
267,Antonin Kinsky,cz CZE,GK,Tottenham,21-345,2003,4,29,36.3,80,674.8,421.5,4.25,4.25,100,18.3,19,96.1,5.75,12,47.9,0,0.03,0,-0.03,0.25,0.5,0,0,0.25,Matches
268,Jakub Kiwior,pl POL,DF,Arsenal,25-006,2000,3.6,40.8,48.6,84,728.6,220,15.8,17.5,90.5,22.2,24.4,90.9,2.5,5.28,47.4,0,0.03,0,-0.03,0.28,2.22,0,0,2.22,Matches
269,Justin Kluivert,nl NED,"MF,FW",Bournemouth,25-292,1999,17.8,19.6,27.2,71.9,301.5,81.1,10.9,13.5,80.8,6.63,8.99,73.8,1.46,2.58,56.5,0.28,0.19,0.11,0.1,1.74,1.57,0.96,0.17,3.88,Matches
270,Ibrahima Konaté,fr FRA,DF,Liverpool,25-272,1999,18,60.7,67.5,89.9,1094.8,390.2,22.3,23.8,93.5,35.3,37.3,94.6,2.61,5.39,48.5,0.11,0.05,0.04,0.06,0.5,5.39,0.44,0,4.28,Matches
271,Ezri Konsa,eng ENG,DF,Aston Villa,27-121,1997,21.1,47.4,51.6,91.8,797.3,250.9,20.2,21.1,95.7,24.8,26,95.4,1.75,2.84,61.7,0,0.01,0.02,-0.01,0.14,3.36,0.05,0,2.65,Matches
272,Mateo Kovacic,hr CRO,MF,Manchester City,30-291,1994,17.2,71.3,76.5,93.3,1095.5,287.4,38.8,40.7,95.3,29.1,30.5,95.4,2.56,3.55,72.1,0.06,0.2,0.15,-0.14,1.51,7.73,1.16,0,6.4,Matches
273,Caleb Kporha,eng ENG,DF,Crystal Palace,18-221,2006,0.1,50,70,71.4,720,210,40,40,100,0,20,0,10,10,100,0,0,0,0,0,0,10,10,0,Matches
274,Emil Krafth,se SWE,DF,Newcastle Utd,30-203,1994,2.7,22.6,28.1,80.3,391.1,179.6,10,12.6,79.4,11.1,12.6,88.2,1.48,2.22,66.7,0,0.04,0,-0.04,0.37,1.11,0,0,0.37,Matches
275,Mohammed Kudus,gh GHA,"MF,FW",West Ham,24-203,2000,18.4,24.9,29.8,83.8,413,66.5,13.2,14.8,88.6,9.08,9.95,91.3,2.17,3.04,71.4,0.05,0.11,0.1,-0.05,1.03,1.63,1.09,0.54,2.99,Matches
276,Dejan Kulusevski,se SWE,"MF,FW",Tottenham,24-302,2000,22.7,25.5,34.8,73.1,356.8,114.4,15.6,18.1,85.9,7.58,9.87,76.8,1.32,3.26,40.5,0.18,0.26,0.17,-0.08,2.64,2.47,2.2,0.26,4.93,Matches
277,Maxence Lacroix,fr FRA,DF,Crystal Palace,24-321,2000,21.9,37.4,45.8,81.8,779.3,312.7,9.86,11.5,86.1,23,25.4,90.5,4.38,7.85,55.8,0.05,0.02,0.03,0.03,0.18,2.65,0.09,0.05,2.24,Matches
278,Adam Lallana,eng ENG,MF,Southampton,36-287,1988,3.8,56.1,65,86.2,732.9,240,37.4,41.6,89.9,15.3,16.6,92.1,1.05,2.11,50,0.53,0.24,0.13,0.29,1.05,5.26,2.37,0.79,6.05,Matches
279,Tariq Lamptey,gh GHA,DF,Brighton,24-144,2000,6.8,37.8,45.3,83.4,582.2,137.6,20.9,22.2,94,14.4,17.6,81.7,2.06,4.26,48.3,0.29,0.06,0.06,0.24,0.59,1.62,0.74,0.59,1.47,Matches
280,Will Lankshear,eng ENG,"FW,MF",Tottenham,19-307,2005,0.1,0,10,0,0,0,0,10,0,0,0,,0,0,,0,0,0,0,0,0,0,0,0,Matches
281,Romeo Lavia,be BEL,MF,Chelsea,21-046,2004,5.9,44.2,48.3,91.6,741.7,199.8,21.5,23.9,90.1,19.8,20.7,95.9,2.37,2.88,82.4,0.17,0.12,0.05,0.05,1.02,5.25,0.51,0,2.88,Matches
282,Mario Lemina,ga GAB,"MF,DF",Wolves,31-173,1993,15.2,32.4,40.3,80.4,623.6,195.1,11.6,13.6,85,16.4,18.7,87.7,3.82,6.25,61.1,0.2,0.07,0.08,0.13,0.66,2.83,0.86,0.26,3.16,Matches
283,Bernd Leno,de GER,GK,Fulham,32-354,1992,25,30.6,37.5,81.6,739.7,424.7,5.6,5.64,99.3,18.8,18.9,99.2,5.88,12.5,47.1,0.04,0,0,0.04,0.08,0.36,0.08,0,0,Matches
284,Jefferson Lerma,co COL,MF,Crystal Palace,30-119,1994,14.9,35,46.2,75.8,606.5,214.1,16.5,18.8,87.9,14.7,18.3,80.2,3.09,6.64,46.5,0,0.09,0.09,-0.09,0.47,4.09,0.87,0.07,4.77,Matches
285,Rico Lewis,eng ENG,"DF,MF",Manchester City,20-092,2004,16.6,54,58.6,92.2,771.9,142.7,33.2,35,94.8,18.6,19.7,94.2,1.51,2.11,71.4,0.12,0.02,0.05,0.1,0.42,4.46,0.78,0,5.18,Matches
286,Keane Lewis-Potter,eng ENG,"DF,FW",Brentford,23-365,2001,22.3,27.1,34.4,78.9,442.6,119.5,15.1,16.7,90.3,9.06,11.4,79.5,2.38,4.3,55.2,0.09,0.08,0.15,0.01,0.72,1.66,1.39,0.45,2.96,Matches
287,Myles Lewis-Skelly,eng ENG,DF,Arsenal,18-148,2006,7,47,51.6,91.1,683.1,163,28.3,29.7,95.2,16.4,18.3,89.8,1.29,1.57,81.8,0,0.01,0.03,-0.01,0.43,5.14,0.43,0,4.43,Matches
288,Matthijs de Ligt,nl NED,DF,Manchester Utd,25-193,1999,18.2,55.5,61.3,90.7,977.3,253.8,19.6,20.7,94.4,33.4,35.2,94.9,2.31,4.45,51.9,0,0.02,0.02,-0.02,0.27,2.8,0.11,0.05,2.31,Matches
289,Pedro Lima,br BRA,DF,Wolves,18-235,2006,0.7,30,41.4,72.4,540,217.1,12.9,17.1,75,12.9,15.7,81.8,4.29,7.14,60,0,0.14,0.14,-0.14,2.86,1.43,4.29,2.86,4.29,Matches
290,Victor Lindelof,se SWE,"DF,MF",Manchester Utd,30-219,1994,0.7,50,54.3,92.1,762.9,244.3,22.9,27.1,84.2,24.3,24.3,100,1.43,1.43,100,0,0,0,0,1.43,5.71,2.86,1.43,7.14,Matches
291,Jesper Lindstrom,dk DEN,FW,Everton,24-358,2000,11.4,21.5,31.5,68.2,339.6,99.5,13.9,16,86.8,4.82,7.63,63.2,2.28,5.18,44.1,0,0.17,0.17,-0.17,1.49,1.05,0.96,0.61,1.67,Matches
292,Valentino Livramento,eng ENG,DF,Newcastle Utd,22-101,2002,18.8,44.3,52.6,84.1,648.4,226.7,26,28.9,89.9,16.2,19,85.4,1.38,2.71,51,0,0.04,0.03,-0.04,0.53,2.98,0.9,0.21,4.52,Matches
293,Sean Longstaff,eng ENG,MF,Newcastle Utd,27-114,1997,8.2,32.7,38.7,84.5,488.5,131.8,18,20.6,87.6,12.2,13.2,92.6,1.71,2.56,66.7,0,0.02,0.02,-0.02,0.49,2.93,0.12,0,4.63,Matches
294,Sasa Lukic,rs SRB,MF,Fulham,28-192,1996,17.6,44.5,50.4,88.4,747,186.3,21.8,23.4,93,18.6,20.2,92.4,3.52,5,70.5,0.11,0.14,0.06,-0.03,1.08,4.09,0.57,0.23,3.75,Matches
295,Joe Lumley,eng ENG,GK,Southampton,30-006,1995,3,35.3,50.3,70.2,780.7,492,14,14.7,95.5,14,15.3,91.3,7,19.7,35.6,0,0,0,0,0,0.67,0,0,0,Matches
296,Massimo Luongo,au AUS,MF,Ipswich Town,32-149,1992,2,19.5,26.5,73.6,275.5,67.5,12,13.5,88.9,5.5,8,68.8,1,3,33.3,0,0,0,0,0,0.5,0,0,2.5,Matches
297,Ian Maatsen,nl NED,DF,Aston Villa,22-348,2002,5.7,54.2,67.2,80.7,864,246.5,27.5,31.6,87.2,23,27.2,84.5,2.46,4.21,58.3,0.18,0.28,0.28,-0.11,2.81,2.46,2.28,0.35,4.91,Matches
298,Alexis Mac Allister,ar ARG,MF,Liverpool,26-059,1998,21,46,54,85.2,730,198.1,23.8,26.4,90.1,17.8,19.8,89.7,3.1,4.57,67.7,0.14,0.17,0.19,-0.02,1.52,4.43,1.33,0.05,6.43,Matches
299,James Maddison,eng ENG,MF,Tottenham,28-090,1996,15.1,51.3,63.4,80.9,829.4,254.5,25.2,27.9,90.3,20.9,24.3,85.8,3.51,7.95,44.2,0.26,0.19,0.32,0.08,1.79,5.76,1.92,0.33,8.28,Matches
300,Noni Madueke,eng ENG,FW,Chelsea,22-348,2002,16.1,23.6,30.2,78.2,343.7,85,15,17.1,87.3,6.58,8.7,75.7,1.18,1.99,59.4,0.19,0.22,0.16,-0.04,1.55,0.62,1.8,0.37,3.29,Matches
301,Gabriel Magalhaes,br BRA,DF,Arsenal,27-064,1997,22.1,55.7,62.1,89.7,972.3,296.5,23,23.8,96.6,28.8,30.5,94.2,3.39,6.24,54.3,0.05,0.04,0.05,0.01,0.54,5.75,0.36,0,4.48,Matches
302,Edmond-Paris Maghoma,eng ENG,MF,Brentford,23-289,2001,0.9,51.1,55.6,92,814.4,211.1,27.8,28.9,96.2,16.7,17.8,93.8,4.44,5.56,80,0,0,0,0,0,2.22,0,0,8.89,Matches
303,Harry Maguire,eng ENG,DF,Manchester Utd,31-353,1993,13.1,50.8,58.9,86.3,931.9,323.4,19.6,21.6,90.8,26.6,29.2,91.1,3.89,6.64,58.6,0,0.02,0.02,-0.02,0.46,2.82,0.23,0,2.98,Matches
304,Kobbie Mainoo,eng ENG,MF,Manchester Utd,19-308,2005,14.3,40.6,47,86.3,540.8,137.5,25.9,28.3,91.8,10.1,11.5,88.4,1.82,2.45,74.3,0,0.1,0.08,-0.1,0.91,3.08,0.63,0,3.64,Matches
305,Tyrell Malacia,nl NED,DF,Manchester Utd,25-188,1999,1.1,44.5,50,89.1,583.6,236.4,28.2,30,93.9,11.8,12.7,92.9,1.82,1.82,100,0,0,0,0,0.91,6.36,0.91,0,2.73,Matches
306,Donyell Malen,nl NED,FW,Aston Villa,26-043,1999,1.7,16.5,22.9,71.8,200,38.2,11.8,14.1,83.3,3.53,5.29,66.7,0.59,0.59,100,0,0,0,0,0.59,0.59,0.59,0,1.76,Matches
307,Orel Mangala,be BEL,MF,Everton,26-340,1998,14,31.2,35,89.2,499.9,111.9,15.6,17.3,90.5,13.4,14.1,94.9,1.64,2.14,76.7,0,0.04,0.04,-0.04,0.57,3.57,0.57,0.07,2.43,Matches
308,Ryan Manning,ie IRL,DF,Southampton,28-252,1996,8.5,38.2,47.6,80.2,643.9,174.6,18.6,20,92.9,16,18.8,85,2.82,5.76,49,0,0.2,0.2,-0.2,2,0.82,0.71,0.71,0.94,Matches
309,Solly March,eng ENG,"MF,DF",Brighton,30-216,1994,0.3,23.3,50,46.7,346.7,156.7,13.3,16.7,80,10,23.3,42.9,0,10,0,0,0,0,0,0,0,0,0,0,Matches
310,Omar Marmoush,eg EGY,"FW,MF",Manchester City,26-014,1999,2.4,20.4,25.4,80.3,325.8,111.7,12.5,14.6,85.7,5.42,6.25,86.7,2.08,3.33,62.5,0,0.21,0.25,-0.21,1.67,1.67,2.08,0.42,3.33,Matches
311,Gabriel Martinelli,br BRA,"FW,MF",Arsenal,23-248,2001,16.2,19,27.3,69.5,272.7,58,12.3,15.3,80.6,5.25,7.84,66.9,0.93,1.79,51.7,0.19,0.18,0.2,0.01,1.54,0.37,1.17,0.49,1.73,Matches
312,Emiliano Martinez,ar ARG,GK,Aston Villa,32-172,1992,25.5,30.7,37.7,81.3,790.8,467.7,5.49,5.65,97.2,17.8,18.1,98.7,7.33,13.8,53.3,0,0,0,0,0,0.51,0,0,0.08,Matches
313,Lisandro Martinez,ar ARG,DF,Manchester Utd,27-034,1998,19.5,61.5,68.8,89.4,1040.6,361.8,26.8,28.4,94.2,30.8,33.1,93,3.28,5.95,55.2,0.05,0.06,0.07,-0.01,0.46,4.67,0.92,0.1,6,Matches
314,Pape Matar Sarr,sn SEN,MF,Tottenham,22-160,2002,14.2,47.3,54.3,87.2,736.9,176.6,25.1,27.6,90.8,18.2,20.1,90.6,2.61,3.31,78.7,0.14,0.1,0.04,0.04,0.77,5,0.56,0.14,4.79,Matches
315,Jean-Philippe Mateta,fr FRA,FW,Crystal Palace,27-238,1997,21.7,9.86,15.3,64.7,129.7,33,6.04,7.97,75.7,3,4.65,64.4,0.14,0.69,20,0.05,0.11,0.1,-0.06,1.06,1.11,0.46,0,1.66,Matches
316,Stephy Mavididi,eng ENG,FW,Leicester City,26-266,1998,14.5,25.1,33.4,75.1,343.7,85.5,15.1,16.6,90.9,7.1,10.4,68.2,1.03,2.34,44.1,0.07,0.17,0.21,-0.1,1.24,1.86,1.52,0.34,3.59,Matches
317,Konstantinos Mavropanos,gr GRE,DF,West Ham,27-072,1997,16.6,46.4,54.4,85.3,920.1,319.2,14.8,16.3,90.7,26.7,29.3,91.2,4.58,7.53,60.8,0,0.03,0.02,-0.03,0.24,2.89,0.24,0.06,2.95,Matches
318,Noussair Mazraoui,ma MAR,DF,Manchester Utd,27-099,1997,21.4,49.9,58.6,85.2,741.4,262.3,28.1,30.8,91.2,18.5,20.7,89.2,2.01,3.83,52.4,0.05,0.04,0.07,0.01,0.51,4.25,0.56,0.19,3.79,Matches
319,Bryan Mbeumo,cm CMR,FW,Brentford,25-198,1999,24.9,23.5,35,67,372,112.1,12.9,16.1,80.3,8.59,11.7,73.3,1.57,4.58,34.2,0.12,0.25,0.23,-0.13,1.93,1.41,1.69,0.44,3.94,Matches
320,James Mcatee,eng ENG,"MF,FW",Manchester City,22-126,2002,1.2,36.7,43.3,84.6,615,107.5,17.5,21.7,80.8,17.5,19.2,91.3,1.67,2.5,66.7,0,0,0,0,0,2.5,0,0,2.5,Matches
321,Kasey McAteer,ie IRL,"FW,MF",Leicester City,23-091,2001,4.3,21.2,30.5,69.5,298.8,71.6,14,16.5,84.5,5.81,8.14,71.4,0.93,1.86,50,0.23,0.09,0.05,0.14,1.16,1.4,0.7,0.23,1.86,Matches
322,Alex McCarthy,eng ENG,GK,Southampton,35-080,1989,5,23.4,31.2,75,564.6,397,8.2,8.6,95.3,9,9.8,91.8,6,12.2,49.2,0,0,0,0,0,1,0,0,0,Matches
323,John McGinn,sct SCO,"MF,FW",Aston Villa,30-126,1994,17.1,27.8,33.6,82.8,463.3,123,13.2,14.5,90.7,11.5,13.6,84.5,2.46,3.92,62.7,0.18,0.15,0.12,0.02,1.35,2.81,1.4,0.41,4.27,Matches
324,Dwight McNeil,eng ENG,"MF,FW",Everton,25-091,1999,12.7,29.7,40.5,73.3,564.4,194,13.4,15.5,86.3,10.6,13.1,81.3,5.04,9.37,53.8,0.24,0.28,0.31,-0.04,2.52,2.6,2.52,0.79,4.72,Matches
325,Scott McTominay,sct SCO,MF,Manchester Utd,28-075,1996,0.2,50,50,100,930,495,25,25,100,15,15,100,10,10,100,0,0,0,0,0,10,0,0,5,Matches
326,Ben Mee,eng ENG,DF,Brentford,35-153,1989,2,46.5,60,77.5,875.5,344,17,19,89.5,25.5,30,85,4,10,40,0,0,0,0,0,5,0,0,5.5,Matches
327,Jayden Meghoma,eng ENG,DF,Brentford,18-238,2006,0.1,30,30,100,280,70,30,30,100,0,0,,0,0,,0,0,0,0,0,0,0,0,0,Matches
328,Mikel Merino,es ESP,MF,Arsenal,28-244,1996,8.8,32.4,41.6,77.9,446.4,132.2,20.7,23.5,87.9,9.55,12.4,77.1,1.02,2.16,47.4,0.11,0.1,0.08,0.01,0.91,2.61,1.7,0.23,4.77,Matches
329,Nikola Milenkovic,rs SRB,DF,Nott'ham Forest,27-132,1997,24,22.5,27.3,82.5,449.5,166.9,7.13,8.21,86.8,12.3,14,87.8,2.79,4.17,67,0.04,0.01,0.01,0.03,0.21,1.58,0.08,0,1.63,Matches
330,Lewis Miley,eng ENG,MF,Newcastle Utd,18-296,2006,0.9,63.3,67.8,93.4,848.9,140,38.9,40,97.2,18.9,18.9,100,2.22,3.33,66.7,0,0,0,0,0,3.33,0,0,4.44,Matches
331,James Milner,eng ENG,MF,Brighton,39-048,1986,1.9,28.9,38.4,75.3,473.2,182.6,13.7,14.7,92.9,12.1,15.8,76.7,2.11,5.26,40,0,0.11,0.11,-0.11,2.11,1.58,0.53,0.53,5.26,Matches
332,Tyrone Mings,eng ENG,DF,Aston Villa,31-345,1993,7,53,60.3,87.9,947.1,330.1,20.3,22.1,91.6,29,30.7,94.4,3.14,6,52.4,0,0.03,0.03,-0.03,0.29,3.71,0.71,0,3.43,Matches
333,Yankuba Minteh,gm GAM,"FW,MF",Brighton,20-214,2004,10.3,16.6,27.4,60.6,277.2,96.2,8.93,11.9,74.8,5.53,7.86,70.4,1.65,3.88,42.5,0.19,0.31,0.29,-0.12,1.75,0.78,1.65,0.39,2.23,Matches
334,Tyrick Mitchell,eng ENG,DF,Crystal Palace,25-173,1999,23.9,29.8,41.3,72.2,483.4,184.6,15.4,18.5,83.1,12.1,16.1,75.3,1.67,4.06,41.2,0.13,0.18,0.12,-0.05,1.26,1.46,1.05,0.54,2.09,Matches
335,Kaoru Mitoma,jp JPN,"FW,MF",Brighton,27-277,1997,22,25.9,34.1,75.9,344.5,75,17,19.6,86.8,6.77,9.32,72.7,0.95,2.05,46.7,0.14,0.2,0.15,-0.06,1.45,1.14,1.18,0.27,3.14,Matches
336,Jakub Moder,pl POL,MF,Brighton,25-320,1999,0.1,180,220,81.8,2540,820,100,140,71.4,80,80,100,0,0,,0,2,5,-2,30,0,10,10,40,Matches
337,Mikey Moore,eng ENG,"FW,MF",Tottenham,17-194,2007,2.1,22.9,31.9,71.6,282.4,79,14.3,14.8,96.8,6.19,9.52,65,0.48,2.38,20,0.48,0.14,0.24,0.33,1.43,0.48,2.38,0.48,3.33,Matches
338,Morato,br BRA,DF,Nott'ham Forest,23-236,2001,6.7,21.9,30.1,72.8,368.8,191.6,9.85,11.9,82.5,10.1,11.9,85,1.19,3.58,33.3,0,0,0,0,0,1.34,0,0,1.94,Matches
339,Alex Moreno,es ESP,DF,Nott'ham Forest,31-258,1993,9,28.6,40,71.4,422.1,166.9,17.3,20.1,86.2,8.67,13.3,65,1.33,3.89,34.3,0.11,0.11,0.09,0,0.44,2.22,0.78,0.11,3.22,Matches
340,Sam Morsy,eg EGY,MF,Ipswich Town,33-164,1991,21.1,43.4,49.7,87.2,688.5,182.9,23.3,24.9,93.3,16.3,17.8,91.2,2.75,4.36,63,0.05,0.03,0.05,0.01,0.66,5.5,0.52,0.09,4.08,Matches
341,Yerson Mosquera,co COL,DF,Wolves,23-295,2001,4.9,41.8,49,85.4,815.5,241.6,13.5,14.9,90.4,23.5,25.1,93.5,4.49,7.14,62.9,0,0.02,0,-0.02,0.41,3.27,0.2,0.2,1.43,Matches
342,Mason Mount,eng ENG,"MF,FW",Manchester Utd,26-042,1999,2.7,28.1,35.2,80,416.3,89.3,15.9,18.1,87.8,7.78,10,77.8,1.85,3.33,55.6,0,0.04,0.04,-0.04,1.48,1.85,0,0,2.96,Matches
343,Divin Mubama,eng ENG,FW,Manchester City,20-119,2004,0.3,6.67,10,66.7,146.7,60,3.33,3.33,100,0,0,,3.33,3.33,100,0,0,0,0,0,0,0,0,3.33,Matches
344,Mykhailo Mudryk,ua UKR,FW,Chelsea,24-047,2001,1.7,16.5,24.7,66.7,253.5,97.1,10,14.1,70.8,5.88,8.82,66.7,0.59,1.18,50,0,0.59,0.29,-0.59,1.18,1.18,1.18,0.59,2.94,Matches
345,Marshall Munetsi,zw ZIM,FW,Wolves,28-244,1996,0.5,6,8,75,98,58,2,2,100,4,6,66.7,0,0,,0,0,0,0,0,0,2,0,4,Matches
346,Rodrigo Muniz,br BRA,FW,Fulham,23-293,2001,7.6,8.68,13.4,64.7,145.5,47.1,3.95,5.79,68.2,3.03,4.34,69.7,1.18,1.45,81.8,0.13,0.08,0.01,0.05,0.79,1.18,0.26,0,2.5,Matches
347,Daniel Munoz,co COL,DF,Crystal Palace,28-271,1996,23,32.3,42.9,75.4,500.1,140.1,18.1,21.3,85.1,12.3,15.7,78.3,1.48,3.48,42.5,0.13,0.16,0.1,-0.03,1.35,1.65,0.74,0.35,2.57,Matches
348,Arijanet Muric,xk KVX,GK,Ipswich Town,26-106,1998,18,25.2,35.2,71.7,650.3,458.2,6.78,6.78,100,11.9,12.3,97.3,6.39,15.7,40.6,0,0,0,0,0,0.78,0,0,0.06,Matches
349,Murillo,br BRA,DF,Nott'ham Forest,22-232,2002,23.5,30.6,38.7,78.9,594.6,278.2,12.4,13.5,91.5,13.2,15.1,87.4,4.21,8.55,49.3,0,0.05,0.04,-0.05,0.47,2.85,0.34,0,3.06,Matches
350,Jacob Murphy,eng ENG,FW,Newcastle Utd,29-363,1995,15.9,25.5,36.3,70.4,382,124.7,15.6,18.4,84.6,7.67,11.3,68.2,1.57,3.65,43.1,0.5,0.4,0.23,0.11,1.7,2.14,1.57,0.44,3.33,Matches
351,Vitaliy Mykolenko,ua UKR,DF,Everton,25-268,1999,22.2,27.9,38.1,73.4,464.6,188.4,14.1,16,88.2,10.9,14.8,73.8,2.3,5.45,42.1,0,0.05,0.05,-0.05,0.63,3.06,0.95,0.54,3.6,Matches
352,Iliman Ndiaye,sn SEN,FW,Everton,24-352,2000,20.9,21.9,27,80.9,335.5,69.8,12.3,14.5,84.9,7.42,8.61,86.1,1.58,2.2,71.7,0,0.07,0.05,-0.07,0.77,1.48,0.62,0.24,1.82,Matches
353,Wilfred Ndidi,ng NGA,MF,Leicester City,28-067,1996,14.4,30.8,38.8,79.4,439,113.5,16.8,19.7,85.2,10.1,12.2,83.4,1.53,2.99,51.2,0.28,0.1,0.08,0.18,0.63,2.57,0.42,0.07,2.57,Matches
354,Kosta Nedeljkovic,rs SRB,DF,Aston Villa,19-067,2005,1.4,33.6,37.9,88.7,609.3,132.1,15.7,16.4,95.7,15,17.9,84,2.86,3.57,80,0,0,0,0,0,3.57,0,0,4.29,Matches
355,Reiss Nelson,eng ENG,FW,Arsenal,25-073,1999,0,0,0,,0,0,0,0,,0,0,,0,0,,0,0,0,0,0,0,0,0,0,Matches
356,Reiss Nelson,eng ENG,FW,Fulham,25-073,1999,5.4,43,49.6,86.6,635,140.9,25.2,27.2,92.5,14.3,16.9,84.6,2.22,3.52,63.2,0.19,0.19,0.19,0,2.41,1.3,2.78,0.56,6.48,Matches
357,Neto,br BRA,GK,Bournemouth,35-217,1989,2,20,31,64.5,591.5,448,3.5,3.5,100,10.5,10.5,100,6,16.5,36.4,0,0,0,0,0,1,0,0,0,Matches
358,Pedro Neto,pt POR,FW,Chelsea,24-349,2000,13.3,27.1,35,77.5,423.9,84.5,14.1,15.6,90.8,10.1,12.3,81.7,1.88,4.36,43.1,0.15,0.2,0.18,-0.05,1.65,0.9,1.2,0.75,1.95,Matches
359,Eddie Nketiah,eng ENG,"MF,FW",Crystal Palace,25-267,1999,7,17.6,24.3,72.4,258.9,50,9.14,11.7,78,6.86,8.29,82.8,0.71,1.29,55.6,0.14,0.19,0.07,-0.04,1.43,1.43,0.43,0,1.86,Matches
360,Christopher Nkunku,fr FRA,FW,Chelsea,27-099,1997,6.1,31.6,35.6,88.9,412.5,79.5,20,22.1,90.4,10,10.7,93.8,0.33,0.33,100,0.16,0.28,0.08,-0.11,1.48,2.62,0.66,0,2.95,Matches
361,Matheus Nunes,pt POR,"DF,MF",Manchester City,26-178,1998,9.9,51.1,60.9,83.9,786.7,145.8,29.1,32.4,89.7,18.4,21.8,84.3,2.93,4.24,69,0.4,0.29,0.21,0.11,1.82,1.62,1.92,0.61,3.43,Matches
362,Darwin Nunez,uy URU,FW,Liverpool,25-242,1999,10,11.7,17,68.8,179.7,42.1,6.5,8.2,79.3,3.5,4.9,71.4,1.1,1.5,73.3,0.2,0.1,0.04,0.1,0.7,0.8,0,0,2,Matches
363,Ethan Nwaneri,eng ENG,"FW,MF",Arsenal,17-337,2007,4.2,32.9,41.7,78.9,483.8,157.9,19.8,21.7,91.2,9.52,12.1,78.4,2.14,4.52,47.4,0.24,0.17,0.24,0.07,1.67,2.38,0.95,0.24,4.05,Matches
364,Christian Norgaard,dk DEN,MF,Brentford,30-348,1994,19.8,37.8,46.3,81.7,627.2,210.3,19.3,21.9,88,15.5,18.3,84.8,2.47,4.09,60.5,0.1,0.03,0.03,0.07,0.56,4.85,0.61,0.1,4.55,Matches
365,Jake O'Brien,ie IRL,DF,Everton,23-282,2001,5.5,32.4,43.6,74.2,593.5,247.6,15.3,17.3,88.4,13.1,18.2,72,4,6.18,64.7,0,0.02,0.02,-0.02,0.18,2.18,0.55,0.18,2,Matches
366,Matt O'Riley,dk DEN,MF,Brighton,24-092,2000,5.3,34.5,43.4,79.6,518.3,131.5,18.5,20,92.5,11.1,13.4,83.1,2.64,6.6,40,0.19,0.23,0.23,-0.04,2.08,3.21,0.75,0,4.15,Matches
367,Dara O'Shea,ie IRL,DF,Ipswich Town,25-354,1999,21.7,37.6,48.5,77.6,737.2,319,12.9,15,86.5,20.3,23.7,85.4,3.96,8.16,48.6,0,0,0.01,0,0,2.63,0.05,0,2.35,Matches
368,Chidozie Obi-Martin,dk DEN,MF,Manchester Utd,17-084,2007,0,0,0,,0,0,0,0,,0,0,,0,0,,0,0,0,0,0,0,0,0,0,Matches
369,Wilson Odobert,fr FRA,FW,Tottenham,20-085,2004,1.8,33.3,43.9,75.9,410,61.1,23.9,26.1,91.5,7.78,11.1,70,0,0.56,0,0,0.06,0.06,-0.06,1.67,1.67,1.67,0,5.56,Matches
370,Chiedozie Ogbene,ie IRL,FW,Ipswich Town,27-296,1997,2.6,12.3,16.5,74.4,159.6,10.4,7.69,9.23,83.3,3.08,3.85,80,0.38,0.38,100,0,0.04,0,-0.04,0.77,0,0,0,0,Matches
371,Caleb Okoli,it ITA,DF,Leicester City,23-223,2001,10.2,45.9,53.1,86.3,801.9,324,20.6,22.5,91.7,21.5,23.6,90.9,3.24,5.88,55,0,0,0.01,0,0,1.47,0,0,2.65,Matches
372,Robin Olsen,se SWE,GK,Aston Villa,35-044,1990,0.5,32,42,76.2,716,434,12,12,100,16,16,100,4,14,28.6,0,0,0,0,0,0,0,0,0,Matches
373,Amadou Onana,be BEL,MF,Aston Villa,23-189,2001,12,38.7,43.8,88.2,599.2,135.3,19.4,20.6,94.3,16.7,18.5,90.1,1.5,2.08,72,0,0.02,0.02,-0.02,0.42,2.67,0.42,0.08,3,Matches
374,Andre Onana,cm CMR,GK,Manchester Utd,28-325,1996,25,29.5,39.6,74.5,691.9,419.8,7.44,7.52,98.9,15.9,16,99.3,6,15.7,38.2,0,0.01,0.01,-0.01,0.04,0.84,0,0,0.04,Matches
375,Paul Onuachu,ng NGA,FW,Southampton,30-269,1994,7,15.3,24.4,62.6,222.1,32.6,7.86,12.7,61.8,4.43,7.14,62,1.29,1.86,69.2,0.14,0.06,0.03,0.09,1,1.14,0.29,0,1.29,Matches
376,Frank Onyeka,ng NGA,MF,Brentford,27-051,1998,0.3,20,23.3,85.7,236.7,63.3,16.7,16.7,100,3.33,3.33,100,0,0,,0,0,0,0,0,0,3.33,0,3.33,Matches
377,Lewis Orford,eng ENG,MF,West Ham,19-003,2006,0.5,66,76,86.8,1166,166,22,26,84.6,36,40,90,4,6,66.7,0,0,0,0,4,4,2,2,0,Matches
378,Stefan Ortega,de GER,GK,Manchester City,32-107,1992,9,31.1,37,84.1,680.9,463.7,9.44,9.67,97.7,15,15.3,97.8,6.44,11.6,55.8,0,0,0,0,0,0.33,0,0,0,Matches
379,William Osula,dk DEN,"FW,MF",Newcastle Utd,21-201,2003,0.5,6,12,50,82,38,2,6,33.3,2,4,50,0,0,,0,0.2,0,-0.2,2,0,2,0,2,Matches
380,Dango Ouattara,bf BFA,FW,Bournemouth,23-010,2002,14.8,16.7,27.4,61,266,76.5,9.32,12.8,72.6,6.08,9.32,65.2,1.08,2.97,36.4,0.27,0.27,0.17,0,1.42,0.68,1.15,0.54,1.69,Matches
381,Nico OReilly,eng ENG,"MF,DF",Manchester City,19-337,2005,0.3,56.7,60,94.4,676.7,110,50,50,100,6.67,10,66.7,0,0,,0,0,0,0,0,0,0,0,0,Matches
382,Alex Palmer,eng ENG,GK,Ipswich Town,28-195,1996,1,22,37,59.5,699,559,3,3,100,11,11,100,8,23,34.8,0,0,0,0,0,0,0,0,0,Matches
383,Cole Palmer,eng ENG,MF,Chelsea,22-291,2002,24.3,32.1,42.6,75.3,617.6,162.6,13,15.3,84.7,13.1,15.6,83.7,5.27,9.01,58.4,0.25,0.34,0.28,-0.09,2.63,4.57,1.85,0.45,6.01,Matches
384,Emerson Palmieri,it ITA,DF,West Ham,30-202,1994,18.6,36,45.8,78.5,528.9,197.7,21,23.8,88.3,12,14.9,80.2,1.99,4.73,42,0.05,0.08,0.1,-0.03,0.81,2.1,0.48,0.22,2.53,Matches
385,Lucas Paqueta,br BRA,"MF,FW",West Ham,27-178,1997,18.9,38.6,50.2,76.9,638.5,201,20.3,24.2,84,13.1,16.7,78.5,4.23,6.72,63,0,0.11,0.11,-0.11,1.38,4.55,1.48,0.05,4.87,Matches
386,Thomas Partey,gh GHA,"MF,DF",Arsenal,31-253,1993,21.4,53.7,61.4,87.4,861.4,234.7,28.3,30.2,93.7,21.4,24.4,87.4,3.22,4.63,69.7,0.09,0.07,0.07,0.02,0.61,4.77,1.17,0.09,6.03,Matches
387,Nathan Patterson,sct SCO,"DF,FW",Everton,23-128,2001,1.4,42.9,58.6,73.2,731.4,325,21.4,22.1,96.8,16.4,26.4,62.2,4.29,7.86,54.5,0,0.21,0.21,-0.21,1.43,5,2.86,1.43,5,Matches
388,Andreas Pereira,br BRA,MF,Fulham,29-051,1996,14.3,33.6,47.8,70.2,603.2,190.3,15.7,18.7,83.6,12.7,16,79.5,4.34,10.4,41.6,0.14,0.21,0.22,-0.07,2.66,3.15,1.05,0.28,5.31,Matches
389,Ricardo Pereira,pt POR,DF,Leicester City,31-138,1993,1.6,47.5,55,86.4,700,229.4,29.4,32.5,90.4,14.4,18.1,79.3,2.5,2.5,100,0,0,0,0,0,5,0,0,3.13,Matches
390,Kalvin Phillips,eng ENG,MF,Ipswich Town,29-081,1995,10.6,31.8,39.8,79.9,619,171.6,12.6,14.8,85.4,14.2,16.7,84.7,4.53,6.98,64.9,0,0.01,0.03,-0.01,0.19,3.68,0.38,0.09,3.49,Matches
391,Jaden Philogene Bidace,eng ENG,"FW,MF",Aston Villa,23-013,2002,3.7,17,23.2,73.3,229.7,43.5,10.8,13.2,81.6,4.86,5.68,85.7,0.54,0.81,66.7,0,0.08,0.05,-0.08,0.27,0.27,0.81,0,1.08,Matches
392,Jaden Philogene Bidace,eng ENG,"FW,MF",Ipswich Town,23-013,2002,1.5,20,27.3,73.2,338,57.3,11.3,13.3,85,4,5.33,75,2.67,4.67,57.1,0,0,0,0,0,0.67,0.67,0.67,1.33,Matches
393,Jordan Pickford,eng ENG,GK,Everton,30-351,1994,25,26.9,41.8,64.3,885.8,679,3.76,3.8,98.9,11.1,11.3,98.6,12,26.4,45.5,0.04,0.02,0.01,0.02,0.08,2.04,0.24,0,0,Matches
394,Ethan Pinnock,jm JAM,DF,Brentford,31-268,1993,16.3,43.9,52.2,84.1,812.8,290.4,16.6,17.7,94.1,23.2,26.3,88.3,3.8,7.06,53.9,0,0.07,0.04,-0.07,0.49,2.33,0.25,0.06,2.02,Matches
395,Daniel Podence,pt POR,"MF,FW",Wolves,29-123,1995,0.5,22,32,68.8,264,156,14,14,100,6,6,100,0,4,0,0,0,0,0,0,2,2,0,4,Matches
396,Alfie Pond,eng ENG,DF,Wolves,20-357,2004,0,1,1,100,23,0,0,0,,1,1,100,0,0,,0,0,0,0,0,0,0,0,0,Matches
397,Nick Pope,eng ENG,GK,Newcastle Utd,32-308,1992,15,20.9,29.4,71.2,522.8,332.3,5.07,5.07,100,10.3,10.5,98.7,5.4,13.7,39.5,0,0,0,0,0,0.07,0,0,0,Matches
398,Pedro Porro,es ESP,DF,Tottenham,25-161,1999,23.1,46.8,63.9,73.2,805.9,315.7,23.7,27.2,87.3,17.3,22.3,77.8,4.63,10.4,44.6,0.22,0.12,0.13,0.1,1.6,4.33,1.95,0.78,5.45,Matches
399,Jarell Quansah,eng ENG,DF,Liverpool,22-023,2003,3.1,58.7,64.8,90.5,1030,342.6,21.3,21.9,97.1,34.2,37.4,91.4,2.26,3.87,58.3,0,0,0.03,0,0,4.52,0,0,2.58,Matches
400,Hakon Rafn Valdimarsson,is ISL,GK,Brentford,23-131,2001,1.6,28.8,43.8,65.7,903.1,693.8,5,5,100,13.1,13.1,100,10.6,25.6,41.5,0,0,0,0,0,1.25,0,0,0,Matches
401,Aaron Ramsdale,eng ENG,GK,Southampton,26-283,1998,17,28.4,42.7,66.5,782.2,618.1,8.24,8.24,100,10.7,11.3,94.8,9.12,22.6,40.4,0,0,0,0,0,1.47,0.06,0,0,Matches
402,Jacob Ramsey,eng ENG,"FW,MF",Aston Villa,23-269,2001,11.9,29.4,34.4,85.6,382.4,86,21,22.8,92.3,6.64,8.07,82.3,0.84,1.26,66.7,0.17,0.14,0.14,0.03,1.01,1.34,1.09,0,3.87,Matches
403,Marcus Rashford,eng ENG,"FW,MF",Manchester Utd,27-113,1997,10.9,23.2,31.5,73.8,321.8,79.6,15.4,18.4,83.6,5.14,7.8,65.9,1.28,2.57,50,0.09,0.19,0.13,-0.1,1.38,1.19,1.47,0.73,1.93,Matches
404,Marcus Rashford,eng ENG,FW,Aston Villa,27-113,1997,1.2,40.8,60.8,67.1,575,145.8,25,29.2,85.7,10,15,66.7,3.33,10,33.3,0,0.5,0.67,-0.5,3.33,0,5,0.83,6.67,Matches
405,David Raya,es ESP,GK,Arsenal,29-159,1995,25,26.5,36.4,72.7,666.4,460.7,6.88,6.96,98.9,13.4,13.6,98.5,6.2,15.8,39.3,0,0,0,0,0,1.28,0.04,0,0.24,Matches
406,Harrison Reed,eng ENG,MF,Fulham,30-025,1995,0.8,40,56.3,71.1,580,157.5,21.3,25,85,13.8,16.3,84.6,2.5,5,50,0,0.13,0.13,-0.13,1.25,0,1.25,0,5,Matches
407,Remy Rees-Dottin,eng ENG,FW,Bournemouth,18-352,2006,0,0,0,,0,0,0,0,,0,0,,0,0,,0,0,0,0,0,0,0,0,0,Matches
408,Sergio Reguilon,es ESP,DF,Tottenham,28-067,1996,1.4,52.1,75,69.5,817.1,292.9,23.6,31.4,75,25.7,33.6,76.6,2.14,6.43,33.3,0,0,0.14,0,0.71,7.86,1.43,0.71,8.57,Matches
409,Bobby Reid,jm JAM,"FW,MF",Leicester City,32-019,1993,5.8,18.8,26.4,71.2,242.6,79,11.2,13.8,81.3,5.34,7.24,73.8,0.34,1.55,22.2,0.34,0.21,0.02,0.14,1.03,1.38,0.69,0,2.24,Matches
410,Chadi Riad,ma MAR,DF,Crystal Palace,21-249,2003,1,70,82,85.4,1411,568,24,28,85.7,38,41,92.7,8,13,61.5,0,0,0,0,0,8,1,0,7,Matches
411,Declan Rice,eng ENG,MF,Arsenal,26-038,1999,20.3,45.8,55.1,83.2,796.7,211.8,22,23.7,92.5,18.4,20.3,90.6,4.48,9.01,49.7,0.25,0.26,0.2,-0.01,1.92,4.53,1.18,0.15,6.65,Matches
412,Chris Richards,us USA,DF,Crystal Palace,24-330,2000,11.9,35.6,44.2,80.6,626.9,226.2,15,16.9,88.6,17.5,19.6,89.3,2.86,6.22,45.9,0,0.01,0.01,-0.01,0.17,1.34,0,0,2.18,Matches
413,Richarlison,br BRA,FW,Tottenham,27-287,1997,3.1,15.8,24.2,65.3,241.9,87.7,7.74,10.3,75,5.16,8.39,61.5,1.61,2.26,71.4,0.32,0.29,0.19,0.03,1.29,2.26,1.29,0.65,3.23,Matches
414,Andrew Robertson,sct SCO,DF,Liverpool,30-347,1994,21.1,59.5,71.3,83.5,998.2,302.9,29.3,30.9,94.8,25,28.8,86.7,4.41,9.1,48.4,0,0.19,0.16,-0.19,1.66,5.4,1.18,0.71,6.49,Matches
415,Antonee Robinson,us USA,DF,Fulham,27-197,1997,25,47.1,61.4,76.7,806.6,307.3,22.8,26.2,87,19.6,24.7,79.4,4.04,7.36,54.9,0.4,0.14,0.12,0.26,1.32,3.64,1.84,0.96,3.72,Matches
416,Rodri,es ESP,MF,Manchester City,28-244,1996,0.7,81.4,87.1,93.4,1508.6,357.1,35.7,37.1,96.2,34.3,38.6,88.9,10,10,100,0,0,0.14,0,1.43,4.29,1.43,0,5.71,Matches
417,Guido Rodriguez,ar ARG,MF,West Ham,30-315,1994,11.3,37.1,44.1,84.1,632.7,177,17.8,20.4,87.4,15.9,17.4,91.4,2.83,4.51,62.7,0,0.01,0.01,-0.01,0.27,3.19,0.09,0,2.74,Matches
418,Mads Roerslev,dk DEN,DF,Brentford,25-242,1999,12.2,34.6,43.9,78.7,567.6,184.3,16.8,19.1,88,14.7,18.4,79.9,2.21,4.02,55.1,0.16,0.25,0.17,-0.08,1.15,3.03,0.9,0.33,4.18,Matches
419,Morgan Rogers,eng ENG,"MF,FW",Aston Villa,22-210,2002,23.1,20,27.3,73.2,280,96.3,11.6,14.3,80.7,5.63,7.49,75.1,1.34,1.73,77.5,0.17,0.2,0.14,-0.03,1.47,2.03,1.73,0.09,3.55,Matches
420,Cristian Romero,ar ARG,DF,Tottenham,26-300,1998,10.8,73.4,81.5,90.1,1370.9,536.9,25.5,27.6,92.3,41.8,44.2,94.5,5.28,7.87,67.1,0,0.05,0.06,-0.05,0.56,7.87,0.65,0.09,4.44,Matches
421,Georginio Rutter,fr FRA,"FW,MF",Brighton,22-307,2002,14.9,13.3,19.7,67.3,194,68.7,7.58,9.8,77.4,4.5,6.51,69.1,0.67,1.07,62.5,0.13,0.12,0.09,0.01,0.94,1.88,1.01,0.07,4.09,Matches
422,Jose Sa,pt POR,GK,Wolves,32-035,1993,18,19.9,32.3,61.7,522.3,356.3,4.17,4.22,98.7,10.8,11.2,97,4.89,16.8,29,0,0.01,0,-0.01,0.11,0.72,0.06,0,0.11,Matches
423,Bukayo Saka,eng ENG,"FW,MF",Arsenal,23-169,2001,14.1,28.8,38.7,74.4,447.9,136,16.9,18.8,89.8,8.44,11.6,73,2.55,5.46,46.8,0.71,0.41,0.4,0.3,2.98,0.78,1.99,0.64,3.76,Matches
424,Mohamed Salah,eg EGY,FW,Liverpool,32-251,1992,25.5,23.5,33.4,70.3,354.5,102.2,13.1,15.8,83.1,7.92,11.2,70.6,1.57,2.71,58,0.59,0.38,0.24,0.21,2.2,1.49,2.59,0.47,3.76,Matches
425,William Saliba,fr FRA,DF,Arsenal,23-334,2001,22.3,67.2,71.6,93.9,1163.3,349.4,28.4,29.7,95.6,34.7,36.3,95.7,3.9,4.75,82.1,0,0.02,0.04,-0.02,0.18,4.98,0.13,0,3.54,Matches
426,Robert Sanchez,es ESP,GK,Chelsea,27-095,1997,21,29.9,40.8,73.3,697,457.6,7.67,7.71,99.4,15.7,16.3,96.2,6.43,16.3,39.4,0,0,0,0,0,0.67,0.05,0,0.05,Matches
427,Jadon Sancho,eng ENG,FW,Chelsea,24-333,2000,13.1,33.7,40.8,82.8,450.2,103.1,21.5,24.1,89.2,10.2,12.1,84.8,0.69,1.37,50,0.31,0.2,0.18,0.11,1.76,1.37,2.21,0,4.58,Matches
428,Ibrahim Sangare,ci CIV,MF,Nott'ham Forest,27-081,1997,2.8,38.2,49.3,77.5,545.4,162.1,23.6,26.8,88,12.1,15.4,79.1,1.79,3.57,50,0.36,0.11,0.04,0.25,0.71,2.5,0.36,0,3.93,Matches
429,Pablo Sarabia,es ESP,"MF,FW",Wolves,32-286,1992,5.2,26.2,40.4,64.8,441,165.2,11.7,14.4,81.3,9.81,12.9,76.1,2.69,6.73,40,0.19,0.12,0.15,0.08,1.15,3.08,1.92,0,5.58,Matches
430,Jeremy Sarmiento,ec ECU,MF,Brighton,22-250,2002,0.1,60,60,100,740,10,40,40,100,20,20,100,0,0,,0,0,0,0,0,0,0,0,0,Matches
431,Ismaila Sarr,sn SEN,"MF,FW",Crystal Palace,26-362,1998,18.7,16.7,25.1,66.7,250.9,70,9.09,12.2,74.2,6.52,9.25,70.5,0.7,1.5,46.4,0.16,0.25,0.22,-0.09,1.34,0.86,1.5,0.21,2.94,Matches
432,Savio,br BRA,"FW,MF",Manchester City,20-317,2004,14,35.5,44.1,80.6,525.9,97.1,22.5,25.1,89.7,10.5,13.4,78.2,1.86,3.07,60.5,0.5,0.39,0.38,0.11,2.29,0.86,2.86,0.57,3.79,Matches
433,Oliver Scarles,eng ENG,DF,West Ham,19-071,2005,1.8,37.8,51.1,73.9,624.4,150,17.2,20.6,83.8,19.4,23.3,83.3,1.11,5.56,20,0,0,0,0,0,1.11,0.56,0,3.89,Matches
434,Dane Scarlett,eng ENG,FW,Tottenham,20-334,2004,0.1,10,20,50,80,0,10,10,100,0,0,,0,0,,0,0,0,0,0,0,0,0,0,Matches
435,Kevin Schade,de GER,FW,Brentford,23-086,2001,13.8,12.4,20.9,59.2,182.7,51,6.81,10.1,67.6,4.71,7.68,61.3,0.36,0.94,38.5,0.14,0.17,0.07,-0.02,0.72,1.52,0.36,0,1.96,Matches
436,Fabian Schar,ch SUI,DF,Newcastle Utd,33-063,1991,19.8,52.3,62.6,83.5,1035.5,411.7,18.9,20.4,92.8,27.3,29.4,92.6,5.86,11.6,50.4,0,0.02,0.04,-0.02,0.15,4.95,0.45,0,3.43,Matches
437,Jeffrey Schlupp,gh GHA,"MF,DF",Crystal Palace,32-060,1992,1.1,35.5,45.5,78,537.3,130.9,14.5,17.3,84.2,16.4,20.9,78.3,1.82,3.64,50,0,0.18,0.09,-0.18,2.73,3.64,1.82,0,4.55,Matches
438,Alex Scott,eng ENG,MF,Bournemouth,21-184,2003,3.1,41.6,46.8,89,719.4,267.7,20,21.6,92.5,18.4,19.4,95,2.9,3.87,75,0,0.06,0.1,-0.06,1.61,8.06,1.29,0,11.6,Matches
439,Matz Sels,be BEL,GK,Nott'ham Forest,32-361,1992,25,13.5,26.2,51.5,517.9,450.1,2.12,2.12,100,3.72,3.84,96.9,7.64,20,38.3,0,0,0,0,0,1.16,0.08,0,0.04,Matches
440,Nelson Semedo,pt POR,DF,Wolves,31-097,1993,19.9,33,41.3,80,520.9,151.7,17.6,19.4,90.4,12.7,15.1,84.1,2.21,4.42,50,0.15,0.12,0.05,0.04,0.8,2.46,0.5,0.3,2.06,Matches
441,Antoine Semenyo,gh GHA,FW,Bournemouth,25-045,2000,23.4,22.3,31.2,71.5,319.7,79.7,13.5,16.2,83.6,7.01,9.44,74.2,0.94,2.74,34.4,0.17,0.18,0.14,-0.01,1.24,1.54,1.28,0.21,2.91,Matches
442,Marcos Senesi,ar ARG,DF,Bournemouth,27-287,1997,10.2,43.1,56.7,76.1,892.9,467.1,16,18.3,87.2,20,23.2,86.1,6.96,14.1,49.3,0,0.04,0.05,-0.04,0.49,6.47,1.18,0.29,4.41,Matches
443,Ryan Sessegnon,eng ENG,"MF,FW",Fulham,24-279,2000,0.2,15,40,37.5,125,0,15,25,60,0,10,0,0,0,,0,0,0,0,0,0,0,0,0,Matches
444,Luke Shaw,eng ENG,DF,Manchester Utd,29-224,1995,0.8,111.3,126.3,88.1,1878.8,716.3,60,62.5,96,42.5,47.5,89.5,8.75,13.8,63.6,0,0,0,0,0,7.5,0,0,7.5,Matches
445,Zain Silcott-Duberry,ms MSR,FW,Bournemouth,19-227,2005,0,1,2,50,25,0,0,0,,1,1,100,0,0,,0,0,0,0,0,0,0,0,0,Matches
446,Bernardo Silva,pt POR,"MF,FW",Manchester City,30-195,1994,21.3,48.7,56.5,86.3,737.3,134.3,27.6,30,92,17.7,20.4,86.9,2.39,3.66,65.4,0.19,0.19,0.15,0,1.78,2.58,0.99,0.28,4.18,Matches
447,Jota Silva,pt POR,"FW,MF",Nott'ham Forest,25-204,1999,7.9,12.5,20.8,60.4,167.7,51.3,7.22,9.37,77,3.67,6.08,60.4,0.51,1.52,33.3,0.13,0.35,0.23,-0.23,1.65,0.25,1.01,0.38,1.65,Matches
448,Eric da Silva Moreira,de GER,"MF,DF",Nott'ham Forest,18-294,2006,0.3,23.3,26.7,87.5,286.7,23.3,20,23.3,85.7,3.33,3.33,100,0,0,,0,0,0,0,0,0,0,0,0,Matches
449,Jahmai Simpson-Pusey,eng ENG,DF,Manchester City,19-109,2005,1.1,97.3,104.5,93,1594.5,499.1,42.7,44.5,95.9,51.8,53.6,96.6,2.73,6.36,42.9,0,0,0,0,0,2.73,0,0,2.73,Matches
450,Luis Sinisterra,co COL,"FW,MF",Bournemouth,25-249,1999,2.3,25.7,32.6,78.7,372.2,64.8,16.1,17,94.9,7.39,11.3,65.4,1.74,1.74,100,0.43,0.43,0.39,0,3.91,2.17,0.43,0.43,1.74,Matches
451,Oliver Skipp,eng ENG,MF,Leicester City,24-158,2000,8.5,34.5,40.7,84.7,518.9,130,17.6,20,88.2,13.5,14.7,92,1.65,2.71,60.9,0,0.02,0.04,-0.02,0.94,2.71,0.47,0,2.59,Matches
452,William Smallbone,ie IRL,MF,Southampton,25-000,2000,4.2,35,47.1,74.2,526.2,120.5,18.1,21.2,85.4,14.3,17.6,81.1,1.19,5.24,22.7,0,0.07,0.14,-0.07,0.95,1.43,0.24,0.24,3.1,Matches
453,Adam Smith,eng ENG,DF,Bournemouth,33-298,1991,11.5,27.1,35.4,76.7,446.4,154.8,13,14.9,87.1,11.9,14.9,80.1,1.65,4.35,38,0,0.01,0.01,-0.01,0.26,2.7,0.26,0.09,2.7,Matches
454,Emile Smith Rowe,eng ENG,MF,Fulham,24-208,2000,16.8,40.8,45.4,89.9,585,114.9,23.3,25.2,92.4,15.3,16,95.5,0.95,1.37,69.6,0.12,0.07,0.09,0.05,1.07,3.63,0.71,0.06,5.95,Matches
455,Dominic Solanke,eng ENG,FW,Tottenham,27-160,1997,17.8,11.2,15.9,70.7,150.3,41.8,6.85,9.27,73.9,2.81,3.65,76.9,0.56,0.9,62.5,0.17,0.15,0.06,0.02,0.67,1.24,0.51,0,2.08,Matches
456,Carlos Soler,es ESP,"MF,FW",West Ham,28-050,1997,11.5,35.1,41.8,84,554.2,154.9,18.7,19.8,94.3,13,15.7,83.3,2.17,4,54.3,0.09,0.1,0.1,-0.01,0.96,2.78,0.87,0,3.74,Matches
457,Ramon Sosa,py PAR,"FW,MF",Nott'ham Forest,25-174,1999,2.7,20,29.3,68.4,314.8,90.4,9.63,14.4,66.7,7.04,9.63,73.1,1.85,2.59,71.4,0,0.15,0.11,-0.15,2.59,0.74,1.48,0.74,1.48,Matches
458,Tomas Soucek,cz CZE,MF,West Ham,29-360,1995,19.4,26.1,35.1,74.3,444.9,129.7,12.6,15.9,79.2,10,13.1,76.1,2.73,3.71,73.6,0.05,0.05,0.06,0,0.67,2.68,0.36,0.05,2.94,Matches
459,Boubakary Soumare,fr FRA,MF,Leicester City,25-360,1999,14.3,46.4,54.1,85.9,693.8,194.3,25.6,28,91.5,18,20.8,86.5,1.47,2.24,65.6,0,0.02,0.04,-0.02,0.49,4.27,0.77,0.14,4.34,Matches
460,Djed Spence,eng ENG,DF,Tottenham,24-196,2000,8.6,55.7,64.7,86.2,786.4,211.7,33.3,35.1,94.7,18.7,21.7,86.1,1.51,3.02,50,0.12,0.14,0.09,-0.02,0.81,4.88,1.05,0.58,5.23,Matches
461,Jay Stansfield,eng ENG,MF,Fulham,22-089,2002,0,0,0,,0,0,0,0,,0,0,,0,0,,0,0,0,0,0,0,0,0,0,Matches
462,Jason Steele,eng ENG,GK,Brighton,34-187,1990,2,50.5,56,90.2,1160.5,778,10.5,10.5,100,31.5,32.5,96.9,8.5,13,65.4,0,0,0,0,0,0,0,0,0,Matches
463,Jack Stephens,eng ENG,DF,Southampton,31-025,1994,8.9,65.1,70,92.9,1110.4,326.2,26.1,28,93.2,35.4,37.3,94.9,2.25,2.81,80,0,0.01,0.02,-0.01,0.22,4.49,0.56,0,4.83,Matches
464,Raheem Sterling,eng ENG,"FW,MF",Arsenal,30-075,1994,3.2,29.4,38.1,77,368.8,72.5,20.3,23.4,86.7,7.19,10,71.9,0.63,0.94,66.7,0.31,0.06,0.06,0.25,1.25,0.63,1.56,0,4.38,Matches
465,Ross Stewart,sct SCO,"FW,MF",Southampton,28-225,1996,1.5,24,30,80,351.3,39.3,10.7,12.7,84.2,11.3,12.7,89.5,0,0.67,0,0,0,0,0,0,0.67,0.67,0,0.67,Matches
466,Jakub Stolarczyk,pl POL,GK,Leicester City,24-064,2000,6,25.3,37.3,67.9,696,540.8,7.83,7.83,100,7.67,7.83,97.9,9.67,21.5,45,0,0,0,0,0,0.33,0,0,0.17,Matches
467,John Stones,eng ENG,"DF,MF",Manchester City,30-269,1994,6.1,60.2,66.1,91.1,1046.2,262.5,27.7,29.3,94.4,26.4,28.5,92.5,5.08,6.56,77.5,0,0.02,0.03,-0.02,0.33,6.89,0,0,3.44,Matches
468,Jorgen Strand Larsen,no NOR,FW,Wolves,25-015,2000,20.4,8.92,14.4,61.9,117.3,22.1,5.49,8.09,67.9,2.11,3.48,60.6,0.49,0.64,76.9,0.1,0.08,0.03,0.02,0.69,0.54,0.15,0.05,0.88,Matches
469,Yukinari Sugawara,jp JPN,DF,Southampton,24-238,2000,13.5,43.4,54,80.4,695.6,210.3,22.5,25.4,88.6,17.5,21.1,82.8,2.52,4.81,52.3,0.07,0.16,0.14,-0.09,1.26,3.11,1.56,0.67,4.37,Matches
470,Kamaldeen Sulemana,gh GHA,"FW,MF",Southampton,23-006,2002,4.3,23.7,30,79.1,351.6,47.7,14.9,16.5,90.1,7.21,8.84,81.6,1.4,2.33,60,0,0,0.05,0,0.47,0.7,0.93,0.47,1.4,Matches
471,Crysencio Summerville,nl NED,"FW,MF",West Ham,23-114,2001,8.7,22.3,29.2,76.4,331.1,73.6,14.4,17,84.5,6.32,7.13,88.7,1.26,2.53,50,0.11,0.2,0.2,-0.08,1.95,1.49,1.38,0.57,2.07,Matches
472,Sammie Szmodics,ie IRL,"FW,MF",Ipswich Town,29-150,1995,10.9,13.1,17.7,74.1,218.5,64.4,6.15,7.06,87,4.86,5.78,84.1,1.38,2.66,51.7,0,0.02,0.05,-0.02,0.37,0.92,0.37,0.09,1.65,Matches
473,Dominik Szoboszlai,hu HUN,MF,Liverpool,24-119,2000,19.2,41.8,49.5,84.5,657.3,132.2,22.7,25.4,89.1,13.4,15.1,89.3,3.75,5.16,72.7,0.1,0.22,0.21,-0.12,1.88,3.18,1.3,0.21,4.79,Matches
474,Matt Targett,eng ENG,DF,Newcastle Utd,29-156,1995,0.1,70,70,100,840,110,50,50,100,20,20,100,0,0,,0,0,0,0,0,0,0,0,0,Matches
475,James Tarkowski,eng ENG,DF,Everton,32-094,1992,24.9,32.1,39.6,81.1,685.3,261,10.3,12.2,84.5,16.1,17.5,92,5.46,8.51,64.2,0.04,0.09,0.08,-0.05,0.52,2.61,0.4,0,2.33,Matches
476,Marcus Tavernier,eng ENG,"FW,MF",Bournemouth,25-336,1999,13.3,29.1,40.5,71.8,492.8,152.6,14.1,16.1,87.4,12.2,15.9,76.8,2.41,6.02,40,0.38,0.2,0.17,0.18,2.33,3.46,1.65,0.53,5.71,Matches
477,Charlie Taylor,eng ENG,DF,Southampton,31-156,1993,3,51.3,59,87,897,230.3,21,22.3,94,25.7,28.7,89.5,4,5.67,70.6,0,0.03,0.03,-0.03,0.33,2.67,0.67,0.33,2.67,Matches
478,Jack Taylor,ie IRL,MF,Ipswich Town,26-243,1998,4.7,43.8,52.6,83.4,773.2,237.7,20.4,22.8,89.7,18.9,22.1,85.6,3.62,5.74,63,0,0.11,0.15,-0.11,1.06,4.68,1.49,0,6.81,Matches
479,Mathys Tel,fr FRA,FW,Tottenham,19-300,2005,1,16,23,69.6,212,27,12,15,80,4,7,57.1,0,0,,0,0.1,0.1,-0.1,1,0,0,0,0,Matches
480,Kenny Tete,nl NED,DF,Fulham,29-135,1995,14,41.1,50.4,81.6,657.9,216.6,21.6,23.6,91.5,14.9,18.6,80,3.29,5.14,63.9,0.14,0.05,0.04,0.09,0.36,3.79,0.43,0.29,3,Matches
481,Thiago,br BRA,FW,Brentford,23-240,2001,1.5,18.7,26,71.8,285.3,37.3,9.33,13.3,70,6,8,75,2,2.67,75,0,0.07,0,-0.07,1.33,0.67,0.67,0,1.33,Matches
482,Luke Thomas,eng ENG,DF,Leicester City,23-256,2001,2,42.5,54.5,78,630.5,203.5,23.5,24.5,95.9,16.5,21.5,76.7,2,6.5,30.8,0,0.05,0.05,-0.05,0.5,3.5,0.5,0,3.5,Matches
483,Youri Tielemans,be BEL,MF,Aston Villa,27-290,1997,24.7,50.1,61.2,81.9,851.7,297.2,23.3,26,89.7,22.1,25.3,87.5,3.93,7.65,51.3,0.16,0.19,0.19,-0.03,1.86,6.84,1.13,0.12,6.8,Matches
484,Kieran Tierney,sct SCO,"FW,DF",Arsenal,27-261,1997,0.2,25,35,71.4,215,40,20,20,100,0,0,,0,5,0,0,1.5,1,-1.5,5,0,0,0,0,Matches
485,Jurrien Timber,nl NED,DF,Arsenal,23-249,2001,20.5,41.3,48.7,84.8,596.8,176.1,23.6,26,91,16,18.8,84.9,0.98,1.95,50,0.05,0.03,0.05,0.01,0.68,3.51,0.54,0.1,4.88,Matches
486,Jean-Clair Todibo,fr FRA,DF,West Ham,25-053,1999,9.6,42.9,48.4,88.6,803.9,281,13.3,14.4,92.8,26.6,27.8,95.5,2.81,5.31,52.9,0,0,0,0,0.21,1.56,0,0,1.77,Matches
487,Harry Toffolo,eng ENG,DF,Nott'ham Forest,29-186,1995,0.5,50,68,73.5,676,384,36,40,90,14,18,77.8,0,6,0,0,0,0,0,0,2,0,0,4,Matches
488,Takehiro Tomiyasu,jp JPN,DF,Arsenal,26-108,1998,0.1,30,40,75,420,100,10,10,100,20,20,100,0,10,0,0,0,0,0,0,0,0,0,10,Matches
489,Sandro Tonali,it ITA,MF,Newcastle Utd,24-289,2000,17.2,42.4,51.1,83,651.5,172.9,24.2,26.8,90.5,14.5,17.1,84.7,2.44,4.36,56,0.06,0.03,0.06,0.02,0.52,3.72,0.76,0.12,4.36,Matches
490,Pau Torres,es ESP,DF,Aston Villa,28-036,1997,17.2,54.4,61.7,88.1,941.3,359.7,23.6,25.1,94.2,27,29,93,3.2,6.4,50,0,0,0.02,0,0.06,5.23,0.41,0,4.07,Matches
491,Conor Townsend,eng ENG,DF,Ipswich Town,31-354,1993,1.5,24.7,38,64.9,417.3,199.3,11.3,12,94.4,12,16.7,72,1.33,6.67,20,0,0.27,0.13,-0.27,2,2,1.33,1.33,1.33,Matches
492,Adama Traore,es ESP,FW,Fulham,29-027,1996,13.6,22.3,31.3,71.3,343.9,85.7,12.6,15.7,80.4,6.99,9.93,70.4,1.62,2.79,57.9,0.29,0.27,0.26,0.02,2.21,1.84,1.69,0.96,3.46,Matches
493,Mark Travers,ie IRL,GK,Bournemouth,25-279,1999,5,20,28.4,70.4,693.8,538.4,1.2,1.2,100,10.2,10.6,96.2,8.6,16.6,51.8,0,0,0,0,0,0.6,0,0,0,Matches
494,Ryan Trevitt,eng ENG,MF,Brentford,21-346,2003,0,4,7,57.1,73,23,1,2,50,3,3,100,0,0,,0,0,0,0,0,1,0,0,0,Matches
495,Kieran Trippier,eng ENG,DF,Newcastle Utd,34-155,1990,6.5,77.2,92.9,83.1,1276.9,405.4,39.8,42.2,94.5,30.8,35.2,87.3,5.38,12.2,44.3,0,0.05,0.08,-0.05,0.92,4.77,0.77,0.15,6.31,Matches
496,Leandro Trossard,be BEL,FW,Arsenal,30-079,1994,17.1,23.1,32,72.1,396.5,118.1,11.8,14.2,83.1,8.48,11.6,73.2,2.22,3.68,60.3,0.29,0.26,0.15,0.03,1.46,1.58,1.99,0.53,3.8,Matches
497,Kostas Tsimikas,gr GRE,DF,Liverpool,28-285,1996,4.1,63.9,74.9,85.3,1046.8,386.8,32.4,33.7,96.4,24.4,27.3,89.3,4.88,10.5,46.5,0.24,0.24,0.24,0,1.46,6.1,0.98,0,9.76,Matches
498,Axel Tuanzebe,cd COD,DF,Ipswich Town,27-099,1997,11.3,35,41.5,84.2,529.4,209.3,19.3,21.4,90.1,13.5,15.9,84.4,1.5,2.48,60.7,0,0.02,0.01,-0.02,0.27,3.1,0.09,0,2.74,Matches
499,Destiny Udogie,it ITA,DF,Tottenham,22-085,2002,15.9,47.9,54.6,87.8,683.6,223.1,27.4,29.7,92.2,17.9,19.8,90.5,1.01,1.32,76.2,0.06,0.08,0.07,-0.02,0.82,4.4,0.31,0.06,6.1,Matches
500,Manuel Ugarte Ribeiro,uy URU,MF,Manchester Utd,23-316,2001,12,40.6,45.4,89.4,689.6,144.2,19.3,21.3,90.2,16.8,17.5,96.2,3.75,4.83,77.6,0,0.04,0.04,-0.04,0.5,3.25,0.25,0.08,3.17,Matches
501,Lesley Ugochukwu,fr FRA,MF,Southampton,20-332,2004,8.8,35.9,42,85.4,539.1,120.7,17.8,19.5,91.3,15.9,17,93.3,0.68,1.93,35.3,0.11,0.08,0.05,0.03,0.91,3.98,0.57,0.11,3.98,Matches
502,Enes Unal,tr TUR,"FW,MF",Bournemouth,27-287,1997,3.8,16.6,26.1,63.6,180.3,50.5,10.5,13.7,76.9,4.47,7.37,60.7,0,0.26,0,0.26,0.11,0.08,0.16,1.05,1.05,1.05,0,3.16,Matches
503,Virgil van Dijk,nl NED,DF,Liverpool,33-228,1991,26,71.2,78,91.3,1272.5,512.9,30.2,31.5,95.7,35.1,36.8,95.4,5.27,8.19,64.3,0.04,0.02,0.03,0.02,0.35,6.85,0.12,0,4.42,Matches
504,Jamie Vardy,eng ENG,FW,Leicester City,38-041,1987,20.7,8.26,12.4,66.5,116.1,13.8,4.73,6.23,76,2.51,3.38,74.3,0.48,0.68,71.4,0.14,0.12,0.1,0.02,0.68,0.34,0.39,0.05,0.82,Matches
505,Renato Veiga,pt POR,"DF,MF",Chelsea,21-207,2003,2,59,69.5,84.9,1085.5,217.5,22.5,25.5,88.2,27.5,30.5,90.2,6.5,10.5,61.9,0,0,0.1,0,0,3,0.5,0,3.5,Matches
506,Joel Veltman,nl NED,DF,Brighton,33-037,1992,18.3,39.1,48.9,80,660.2,172.5,19.3,21.5,89.8,15.9,19.7,80.6,3.39,5.36,63.3,0,0.03,0.07,-0.03,0.33,3.33,0.44,0.27,4.32,Matches
507,Micky van de Ven,nl NED,DF,Tottenham,23-308,2001,8.8,66.9,73.3,91.3,1253.4,376.9,20.5,22.3,91.8,41.9,43.5,96.3,3.98,6.02,66,0.23,0.14,0.08,0.09,0.23,4.66,0.11,0,4.89,Matches
508,Bart Verbruggen,nl NED,GK,Brighton,22-187,2002,23,29.7,37.7,78.8,695.3,474.3,9,9.09,99,13.6,13.9,97.8,7,14.4,48.5,0.04,0,0,0.04,0.04,0.43,0.04,0,0.09,Matches
509,Jannik Vestergaard,dk DEN,DF,Leicester City,32-202,1992,14,56.6,62.5,90.6,955.8,373.6,25.8,27.3,94.5,26.9,28.9,93.3,3.29,5.29,62.2,0,0.01,0.01,-0.01,0.14,2.36,0.07,0,1.86,Matches
510,Guglielmo Vicario,it ITA,GK,Tottenham,28-137,1996,13,34.4,37.5,91.6,647.8,383.4,11.2,11.2,99.3,19.5,19.8,98.4,3.31,6,55.1,0,0,0,0,0,0.08,0,0,0.08,Matches
511,Carlos Vinicius,br BRA,MF,Fulham,29-333,1995,0,0,1,0,0,0,0,1,0,0,0,,0,0,,0,0,0,0,0,0,0,0,0,Matches
512,Kyle Walker,eng ENG,DF,Manchester City,34-269,1990,10.8,67,76.5,87.7,1104.4,362.8,34,35.9,94.6,28.2,30.9,91.3,3.89,7.59,51.2,0,0.04,0.12,-0.04,0.65,5.83,0.65,0.37,5.93,Matches
513,Kyle Walker-Peters,eng ENG,DF,Southampton,27-314,1997,22.8,48.9,55.5,88.2,740.4,208.6,26.7,28.6,93.3,19.6,21.8,90,1.71,2.68,63.9,0.09,0.11,0.09,-0.02,0.88,3.46,1.01,0.09,4.3,Matches
514,Christian Walton,eng ENG,GK,Ipswich Town,29-104,1995,6,25.3,37.7,67.3,695,496,6.83,6.83,100,11.5,11.8,97.2,7,19,36.8,0,0,0,0,0.17,0.17,0,0,0,Matches
515,Aaron Wan-Bissaka,eng ENG,DF,West Ham,27-087,1997,23,39.9,49.8,80,571,208,25.5,28.7,88.9,12.2,15.1,80.5,1.52,3.13,48.6,0.04,0.06,0.07,-0.02,0.91,3.04,0.91,0.39,4,Matches
516,Danny Ward,wls WAL,GK,Leicester City,31-244,1993,1.5,27.3,35.3,77.4,774.7,632.7,4,4,100,13.3,13.3,100,10,18,55.6,0,0,0,0,0,1.33,0,0,0,Matches
517,James Ward-Prowse,eng ENG,MF,West Ham,30-112,1994,0.7,71.4,91.4,78.1,1148.6,287.1,31.4,35.7,88,28.6,30,95.2,5.71,18.6,30.8,0,0.14,0.29,-0.14,1.43,7.14,0,0,10,Matches
518,James Ward-Prowse,eng ENG,MF,Nott'ham Forest,30-112,1994,4.4,33,41.4,79.7,521.8,174.5,18.6,20,93.2,12,13.9,86.9,1.82,5.23,34.8,0.23,0.25,0.18,-0.02,0.91,3.64,0.45,0,3.64,Matches
519,Ollie Watkins,eng ENG,FW,Aston Villa,29-053,1995,20.2,10.8,14.3,75.8,133.4,21.8,6.78,8.47,80.1,2.87,3.37,85.3,0.3,0.45,66.7,0.25,0.12,0.07,0.12,0.94,0.45,0.35,0,0.89,Matches
520,Adam Webster,eng ENG,DF,Brighton,30-048,1995,2.9,71.7,82.1,87.4,1383.1,587.6,25.2,26.6,94.8,37.9,40.3,94,7.24,12.8,56.8,0,0,0.03,0,0,5.86,0,0,7.59,Matches
521,Danny Welbeck,eng ENG,FW,Brighton,34-087,1990,16,17,20.4,83.2,202.4,41.4,10.8,12.6,85.6,3.94,4.5,87.5,0.44,0.44,100,0.25,0.06,0.06,0.19,0.94,0.75,0.56,0,2,Matches
522,Welington,br BRA,DF,Southampton,24-002,2001,1.4,25,31.4,79.5,446.4,167.1,6.43,10,64.3,13.6,15.7,86.4,2.14,2.14,100,0,0,0.07,0,1.43,1.43,3.57,2.86,2.14,Matches
523,Timo Werner,de GER,"FW,MF",Tottenham,28-352,1996,5.6,27.7,41.6,66.5,415.5,104.5,14.1,17.1,82.3,10.5,15,70.2,1.25,3.21,38.9,0.54,0.45,0.27,0.09,1.79,0.54,2.68,0.36,5.18,Matches
524,Adam Wharton,eng ENG,MF,Crystal Palace,20-264,2004,7.4,42.8,54.7,78.3,805.8,283.6,16.1,18.8,85.6,20.8,24.6,84.6,5.27,8.65,60.9,0,0.09,0.09,-0.09,1.35,5.95,1.62,0.27,9.46,Matches
525,Ben White,eng ENG,DF,Arsenal,27-136,1997,7.7,38.2,45.7,83.5,627.3,215.5,19.5,21.3,91.5,16,18.4,86.6,1.82,4.16,43.8,0.13,0.05,0.05,0.08,0.39,3.51,0.78,0.13,3.9,Matches
526,Mats Wieffer,nl NED,MF,Brighton,25-097,1999,5.2,55.4,64.2,86.2,922.1,256,25.2,27.3,92.3,24.4,27.5,88.8,4.04,5.38,75,0.19,0.12,0.04,0.08,0.96,5.58,0.19,0,6.54,Matches
527,Neco Williams,wls WAL,DF,Nott'ham Forest,23-314,2001,15.8,26.6,35.3,75.4,403.2,170.3,15.9,17.7,90,8.35,11.8,71,1.46,3.29,44.2,0.06,0.04,0.03,0.03,0.44,2.03,0.76,0.25,2.85,Matches
528,Willian,br BRA,MF,Fulham,36-196,1988,0,7,7,100,111,13,6,6,100,0,0,,1,1,100,0,0.2,0.1,-0.2,1,0,0,0,0,Matches
529,Joe Willock,eng ENG,"MF,FW",Newcastle Utd,25-185,1999,7.4,24.7,30.4,81.3,354.1,76.4,15.3,17.3,88.3,8.38,10,83.8,0.81,1.76,46.2,0.14,0.2,0.09,-0.07,2.16,2.16,0.68,0,3.78,Matches
530,Callum Wilson,eng ENG,"FW,MF",Newcastle Utd,32-360,1992,0.9,8.89,11.1,80,95.6,0,4.44,4.44,100,2.22,2.22,100,0,0,,0,0,0,0,0,0,0,0,0,Matches
531,Harry Wilson,wls WAL,"FW,MF",Fulham,27-336,1997,9.3,26.8,36,74.3,448.2,119.6,13.8,16.1,85.3,10.3,12.8,80.7,2.26,5.48,41.2,0.11,0.11,0.1,0,1.83,2.26,1.18,0,4.52,Matches
532,Harry Winks,eng ENG,MF,Leicester City,29-019,1996,16.2,51.3,58.9,87.1,801.2,291.5,26.5,28.8,92.3,20.4,22.3,91.4,2.65,4.51,58.9,0.12,0.07,0.09,0.05,0.93,6.05,0.43,0.31,5.68,Matches
533,Ben Winterburn,eng ENG,MF,Bournemouth,20-170,2004,0.1,10,20,50,210,160,0,10,0,10,10,100,0,0,,0,0,0,0,0,0,0,0,0,Matches
534,Yoane Wissa,cd COD,FW,Brentford,28-171,1996,19.4,15.4,19.9,77.5,224.8,51.3,9.33,11,84.6,4.54,5.82,77.9,0.93,1.55,60,0.1,0.07,0.05,0.04,0.77,1.55,0.26,0.05,2.06,Matches
535,Chris Wood,nz NZL,FW,Nott'ham Forest,33-076,1991,22.3,10,15.4,65.1,134.3,29.4,6.37,8.97,71,2.38,3.77,63.1,0.54,0.76,70.6,0.09,0.07,0.02,0.02,0.54,0.49,0.27,0.04,1.17,Matches
536,Nathan Wood-Gordon,eng ENG,DF,Southampton,22-266,2002,6.9,52.6,56.7,92.8,890.4,216.5,22.2,23.5,94.4,27.5,28.6,96.4,2.32,3.33,69.6,0,0,0,0,0.14,1.59,0,0,2.46,Matches
537,Luke Woolfenden,eng ENG,DF,Ipswich Town,26-123,1998,8.7,37.1,42.1,88.3,667.4,236.2,15.2,15.7,96.4,18.9,20,94.3,2.76,5.4,51.1,0,0,0,0,0,2.41,0,0,1.49,Matches
538,Yehor Yarmoliuk,ua UKR,"MF,FW",Brentford,20-357,2004,7.1,40.3,48.6,82.9,658.5,154.4,21.5,25.6,84.1,14.2,16.9,84.2,3.38,3.8,88.9,0,0.03,0.06,-0.03,0.56,4.37,0.7,0.28,3.94,Matches
539,Ryan Yates,eng ENG,MF,Nott'ham Forest,27-092,1997,16.2,29.9,35.8,83.4,425,86.1,16.7,18.8,88.8,10,11.3,88.5,1.3,2.16,60,0,0.04,0.02,-0.04,0.74,2.22,0.19,0,2.28,Matches
540,Leny Yoro,fr FRA,DF,Manchester Utd,19-100,2005,6.1,52.8,57,92.5,869.2,286.4,24.8,25.7,96.2,24.9,26.1,95.6,2.62,4.1,64,0,0,0,0,0,2.95,0,0,3.77,Matches
541,Ashley Young,eng ENG,DF,Everton,39-227,1985,16.7,34.8,48.9,71.1,637.5,289.3,16.8,19,88.3,13.5,17.4,77.3,4.19,10.4,40.5,0.18,0.08,0.09,0.1,1.08,4.07,0.96,0.42,4.79,Matches
542,Illia Zabarnyi,ua UKR,DF,Bournemouth,22-173,2002,25,39.2,48.3,81.1,842,321.7,10.3,11.4,90.2,22.9,25.3,90.5,5.68,10.7,53.2,0,0.02,0.02,-0.02,0.4,4.04,0.2,0,3.68,Matches
543,Oleksandr Zinchenko,ua UKR,"DF,MF",Arsenal,28-068,1996,2.7,62.6,77.4,80.9,987,242.2,35.2,38.5,91.3,23.7,28.9,82.1,2.59,6.3,41.2,0,0,0.04,0,0.37,4.81,0.37,0,7.04,Matches
544,Joshua Zirkzee,nl NED,"FW,MF",Manchester Utd,23-275,2001,10.8,19.4,26.9,71.8,241.1,64,13.1,16.3,80.1,4.07,5.28,77.2,0.56,1.2,46.2,0.09,0.14,0.09,-0.05,1.11,1.85,0.46,0,2.96,Matches
545,Martin Odegaard,no NOR,MF,Arsenal,26-066,1998,15.3,45.8,55.1,83.2,700.5,217.4,25.6,27.8,91.8,16.5,19,87.2,2.48,4.84,51.4,0.2,0.18,0.26,0.02,2.22,5.29,3.33,0.33,10.1,Matches
