Rk,Player,Nation,Pos,Squad,Age,Born,90s,Att,Live,Dead,FK,TB,Sw,Crs,TI,CK,In,Out,Str,Cmp,Off,Blocks,Matches
1,Max Aarons,eng ENG,DF,Bournemouth,25-048,2000,1,63,51,12,2,0,0,2,10,0,0,0,0,50,0,1,Matches
2,Joshua Acheampong,eng ENG,DF,Chelsea,18-292,2006,1.8,61.7,60.6,1.11,1.11,0,0,0,0,0,0,0,0,51.1,0,1.11,Matches
3,Tyler Adams,us USA,MF,Bournemouth,26-007,1999,10.6,43.1,40.8,2.17,1.98,0.09,0,0,0.19,0,0,0,0,36.6,0.09,0.57,Matches
4,Tosin Adarabioyo,eng ENG,DF,Chelsea,27-150,1997,9.1,82.6,80,2.42,1.43,0,0.11,0,0.44,0,0,0,0,76.5,0.22,0.33,Matches
5,Simon Adingra,ci CIV,"FW,MF",Brighton,23-051,2002,6.7,30.7,30,0.6,0,0.15,0,2.99,0.6,0,0,0,0,22.7,0.15,1.04,Matches
6,Emmanuel Agbadou,ci CIV,DF,Wolves,27-249,1997,4.7,53.6,50,3.19,2.13,0,1.7,0,0,0,0,0,0,42.6,0.43,0.64,Matches
7,Asher Agbinone,eng ENG,MF,Crystal Palace,19-146,2005,0.1,30,30,0,0,0,0,10,0,0,0,0,0,20,0,0,Matches
8,Ola Aina,ng NGA,DF,Nott'ham Forest,28-136,1996,24.1,41.7,33.1,8.51,0.54,0,0.12,1.41,7.97,0,0,0,0,30.7,0.08,1.24,Matches
9,Rayan Ait-Nouri,dz ALG,DF,Wolves,23-260,2001,22.7,48.5,40,8.28,1.19,0.13,0.18,2.16,6.56,0.53,0.4,0.04,0,40.8,0.18,1.28,Matches
10,Kristoffer Ajer,no NOR,DF,Brentford,26-310,1998,9.8,43.2,38.8,4.29,0.2,0,0.31,0.82,4.08,0,0,0,0,33.6,0.1,1.22,Matches
11,Manuel Akanji,ch SUI,DF,Manchester City,29-217,1995,19,77.8,76,1.79,0.89,0.21,0.47,0.58,0.53,0,0,0,0,73.1,0.05,0.26,Matches
12,Nathan Ake,nl NED,DF,Manchester City,30-003,1995,6.7,70,66,3.73,1.79,0,0,0.15,1.04,0,0,0,0,65.5,0.3,0.45,Matches
13,Carlos Alcaraz,ar ARG,MF,Southampton,22-083,2002,0.1,130,110,20,0,0,0,10,10,10,0,0,0,130,0,0,Matches
14,Carlos Alcaraz,ar ARG,MF,Everton,22-083,2002,1.1,29.1,28.2,0.91,0,0.91,0.91,0,0.91,0,0,0,0,22.7,0,0.91,Matches
15,Trent Alexander-Arnold,eng ENG,DF,Liverpool,26-137,1998,21,73.6,61.2,12,2.38,0.43,1.14,6.43,7.33,2.24,1.43,0.48,0.05,53.7,0.43,1.38,Matches
16,Alisson,br BRA,GK,Liverpool,32-142,1992,17.9,30.3,26.1,4.02,1.28,0.06,0,0,0,0,0,0,0,25,0.11,0,Matches
17,Miguel Almiron,py PAR,FW,Newcastle Utd,31-011,1994,1.7,38.8,37.6,0.59,0,0.59,0,0,0.59,0,0,0,0,31.8,0.59,1.18,Matches
18,Edson Alvarez,mx MEX,MF,West Ham,27-120,1997,14.7,49.5,48.2,0.88,0.68,0.2,0.68,0.34,0.2,0,0,0,0,42.7,0.41,0.48,Matches
19,Will Alves,eng ENG,FW,Leicester City,20-018,2005,0,1,1,0,0,0,0,0,0,0,0,0,0,1,0,0,Matches
20,Samuel Amo-Ameyaw,eng ENG,"FW,DF",Southampton,18-218,2006,0.3,30,26.7,3.33,0,0,0,6.67,0,3.33,0,0,0,26.7,0,0,Matches
21,Joachim Andersen,dk DEN,DF,Crystal Palace,28-266,1996,1,83,81,2,1,0,0,1,0,1,0,0,0,61,0,0,Matches
22,Joachim Andersen,dk DEN,DF,Fulham,28-266,1996,15.7,71.1,67.2,3.57,3.12,0,1.34,0.25,0.32,0,0,0,0,59.2,0.32,0.19,Matches
23,Elliot Anderson,eng ENG,MF,Nott'ham Forest,22-107,2002,18.2,44.3,40.8,3.41,1.04,0.27,0.11,3.08,0.05,1.98,0.71,1.15,0,34.7,0.16,1.15,Matches
24,Andre,br BRA,MF,Wolves,23-220,2001,15.6,41.9,40.6,1.15,0.96,0.19,0.58,0,0.06,0,0,0,0,38.6,0.13,0.45,Matches
25,Michail Antonio,jm JAM,FW,West Ham,34-330,1990,9.3,20.2,18.8,1.18,0,0.32,0.65,2.69,0.75,0,0,0,0,12.3,0.22,1.51,Matches
26,Antony,br BRA,"DF,MF",Manchester Utd,24-363,2000,1.6,43.1,38.8,4.38,1.25,0,0,3.13,3.13,0,0,0,0,35,0,0.63,Matches
27,Julian Araujo,mx MEX,DF,Bournemouth,23-192,2001,3.9,42.6,36.2,6.41,0.26,0,0,1.03,6.15,0,0,0,0,33.6,0,0.51,Matches
28,Cameron Archer,eng ENG,FW,Southampton,23-215,2001,11.7,15,13.9,1.03,0,0.17,0,0.26,0,0,0,0,0,12.1,0,0.43,Matches
29,Alphonse Areola,fr FRA,GK,West Ham,31-360,1993,13.1,40.6,28.9,11.5,2.6,0,0.15,0,0,0,0,0,0,29.5,0.31,0.08,Matches
30,Joe Aribo,ng NGA,MF,Southampton,28-215,1996,17.2,44.8,44.1,0.64,0.12,0.12,0,0.47,0.23,0,0,0,0,39.5,0.06,0.81,Matches
31,Adam Armstrong,eng ENG,"FW,MF",Southampton,28-011,1997,13.9,20.7,19.3,1.29,0,0,0.07,1.01,0.22,0,0,0,0,16.6,0.14,0.86,Matches
32,Harrison Armstrong,eng ENG,MF,Everton,18-033,2007,0.5,30,26,2,0,0,0,2,0,0,0,0,0,14,2,0,Matches
33,Kepa Arrizabalaga,es ESP,GK,Bournemouth,30-141,1994,18,31.9,22.2,9.61,2.61,0,0,0,0,0,0,0,0,23,0.11,0.06,Matches
34,Marco Asensio,es ESP,"MF,FW",Aston Villa,29-031,1996,1,50,42,7,1,0,0,3,0,6,1,0,0,41,1,0,Matches
35,Brandon Austin,eng ENG,GK,Tottenham,26-044,1999,1,32,24,8,2,0,0,0,0,0,0,0,0,22,0,0,Matches
36,Taiwo Awoniyi,ng NGA,FW,Nott'ham Forest,27-193,1997,2.9,22.1,22.1,0,0,0.34,0,0.34,0,0,0,0,0,14.1,0,1.03,Matches
37,Yasin Ayari,se SWE,MF,Brighton,21-138,2003,14.2,44.3,39.7,4.58,1.55,0.56,0.07,3.52,0.07,1.9,1.48,0.28,0,35.5,0,0.63,Matches
38,Jordan Ayew,gh GHA,"FW,MF",Crystal Palace,33-163,1991,0.2,50,40,10,0,0,5,5,0,5,5,0,0,40,0,0,Matches
39,Jordan Ayew,gh GHA,"FW,MF",Leicester City,33-163,1991,13.8,29.1,26.8,2.25,0.65,0.22,0.14,2.83,0.36,1.09,0.65,0.29,0.07,20.9,0,0.65,Matches
40,Benoit Badiashile,fr FRA,DF,Chelsea,23-332,2001,2.8,79.6,76.4,2.86,1.79,0,0.36,0,0,0,0,0,0,71.4,0.36,0,Matches
41,Leon Bailey,jm JAM,"FW,MF",Aston Villa,27-196,1997,11.5,30.6,28.9,1.48,0,0.43,0.09,2.87,0.09,1.39,0.78,0,0,21.7,0.26,2,Matches
42,Carlos Baleba,cm CMR,MF,Brighton,21-049,2004,17.8,40.2,39.9,0.22,0.17,0.22,0.11,0.22,0.06,0,0,0,0,35.1,0.11,0.28,Matches
43,Ross Barkley,eng ENG,MF,Aston Villa,31-078,1993,6.2,59.2,56.9,2.1,1.77,0,0.32,0.16,0.16,0,0,0,0,51.1,0.16,1.13,Matches
44,Harvey Barnes,eng ENG,FW,Newcastle Utd,27-074,1997,8.7,32.5,32.2,0.23,0,0.11,0.11,2.64,0.23,0,0,0,0,25.4,0.11,0.92,Matches
45,Calvin Bassey,ng NGA,DF,Fulham,25-052,1999,24,63.9,59.7,4.13,1.63,0,0.29,0.17,0.13,0,0,0,0,57.2,0.04,0.42,Matches
46,Jan Bednarek,pl POL,DF,Southampton,28-315,1996,20.8,67.3,63.6,3.56,1.39,0,0.34,0,0.05,0,0,0,0,62.1,0.1,0.19,Matches
47,Jean-Ricner Bellegarde,fr FRA,"MF,FW",Wolves,26-239,1998,11,28.5,27.7,0.82,0.27,0.27,0.27,1.73,0.18,0,0,0,0,23.1,0,1.09,Matches
48,Rodrigo Bentancur,uy URU,MF,Tottenham,27-241,1997,10.5,62.8,60.5,2.29,2.1,0.29,0.1,0.19,0.1,0,0,0,0,56.1,0,1.14,Matches
49,Sander Berge,no NOR,MF,Fulham,27-007,1998,14.6,49,47.1,1.92,1.85,0.14,0.27,0.07,0.07,0,0,0,0,44.3,0,0.48,Matches
50,Lucas Bergvall,se SWE,MF,Tottenham,19-019,2006,7.4,62.4,58.5,3.78,1.62,0,0.68,1.62,0.68,0.81,0.41,0.27,0,56.1,0.14,0.68,Matches
51,Victor Bernth Kristiansen,dk DEN,DF,Leicester City,22-067,2002,21.5,51.6,41,10.2,1.77,0.05,0.05,3.44,7.67,0.79,0.65,0.09,0,40.2,0.37,0.79,Matches
52,Beto,gw GNB,FW,Everton,27-021,1998,6.5,16.8,16.3,0.46,0,0.15,0.15,0.31,0,0.15,0,0,0,9.69,0,0.62,Matches
53,Philip Billing,dk DEN,MF,Bournemouth,28-255,1996,2,51,45.5,5,0.5,0.5,0.5,5,0.5,3,1,1,0.5,35,0.5,1,Matches
54,Yves Bissouma,ml MLI,MF,Tottenham,28-175,1996,11.7,55.8,52.9,2.74,2.65,0.17,0.17,0.17,0.09,0,0,0,0,49.8,0.17,0.6,Matches
55,Lamare Bogarde,nl NED,"DF,MF",Aston Villa,21-047,2004,3.9,50.8,43.8,6.67,2.31,0,0,0,4.36,0,0,0,0,44.1,0.26,0.26,Matches
56,Willy Boly,ci CIV,DF,Nott'ham Forest,34-018,1991,1.5,40.7,40,0.67,0.67,0,0,0,0,0,0,0,0,32,0,0,Matches
57,Sven Botman,nl NED,DF,Newcastle Utd,25-040,2000,2.5,51.2,49.6,1.6,1.6,0,0,0,0,0,0,0,0,45.2,0,0,Matches
58,Jarrod Bowen,eng ENG,"FW,MF",West Ham,28-063,1996,20.4,25.9,22.6,3.14,0.1,0.34,0.15,4.12,0.05,2.16,1.37,0.74,0,18.1,0.15,1.23,Matches
59,Conor Bradley,nir NIR,DF,Liverpool,21-227,2003,4.1,69.3,58,11,2.2,0,0.24,0.98,8.78,0,0,0,0,58.3,0.24,1.46,Matches
60,Jarrad Branthwaite,eng ENG,DF,Everton,22-239,2002,16.1,41.7,40.3,1.18,1.18,0.06,0.5,0.06,0,0,0,0,0,33.9,0.19,0.31,Matches
61,James Bree,eng ENG,DF,Southampton,27-133,1997,8.4,53.2,49.3,3.81,0.95,0,0,2.38,2.38,0.36,0.24,0,0,44,0.12,0.83,Matches
62,Ben Brereton,cl CHI,FW,Southampton,25-309,1999,5,33.2,32.6,0.4,0.2,0.2,0,1,0.2,0,0,0,0,25.6,0.2,0.6,Matches
63,Nathan Broadhead,wls WAL,"FW,MF",Ipswich Town,26-322,1998,4.2,29.3,27.9,1.43,0,0.24,0.24,1.43,0.48,0.71,0.71,0,0,22.9,0,1.43,Matches
64,Armando Broja,al ALB,FW,Everton,23-164,2001,1.8,18.9,18.9,0,0,0,0,0.56,0,0,0,0,0,15,0,0.56,Matches
65,David Brooks,wls WAL,FW,Bournemouth,27-228,1997,7.1,33.9,30.7,3.24,0.85,0.28,0,4.79,1.13,1.27,0.7,0.14,0,24.2,0,1.83,Matches
66,Emi Buendia,ar ARG,"MF,FW",Aston Villa,28-058,1996,1.1,54.5,53.6,0.91,0.91,0.91,0,0,0,0,0,0,0,44.5,0,0,Matches
67,Santiago Bueno,uy URU,DF,Wolves,26-104,1998,15.2,45.7,43.8,1.84,1.18,0.07,0.2,0,0.13,0,0,0,0,39.8,0.07,0.53,Matches
68,Facundo Buonanotte,ar ARG,"FW,MF",Leicester City,20-060,2004,12.8,34.3,30.2,3.91,1.41,0.47,0.23,2.5,0.63,1.48,1.02,0.08,0,26.1,0.23,0.55,Matches
69,Cameron Burgess,au AUS,DF,Ipswich Town,29-123,1995,10,49.6,45.9,3.3,1.7,0.1,0,0,0,0,0,0,0,39.7,0.4,0.3,Matches
70,Dan Burn,eng ENG,DF,Newcastle Utd,32-288,1992,24,53,52,0.96,0.79,0,0.29,0.08,0.08,0,0,0,0,47.8,0.04,0.38,Matches
71,Wes Burns,wls WAL,"FW,DF",Ipswich Town,30-090,1994,10.3,24.6,23.7,0.87,0.1,0,0.1,4.47,0.78,0,0,0,0,14.9,0,2.33,Matches
72,Moises Caicedo,ec ECU,MF,Chelsea,23-111,2001,24.3,62.2,60.4,1.69,1.07,0.29,0.37,0.33,0.62,0,0,0,0,55.6,0.08,0.62,Matches
73,Tom Cairney,sct SCO,MF,Fulham,34-032,1991,4.4,101.4,97.5,3.86,2.05,0,0,2.73,0.23,0.68,0,0.68,0,93.2,0,1.59,Matches
74,Jens Cajuste,se SWE,MF,Ipswich Town,25-195,1999,12.5,35.9,32.8,3.12,1.36,0.08,0.24,0.48,1.76,0,0,0,0,29.9,0,0.64,Matches
75,Riccardo Calafiori,it ITA,DF,Arsenal,22-278,2002,8.5,50.9,44.6,6.35,0.59,0,0.12,1.06,5.76,0,0,0,0,43.2,0,1.18,Matches
76,Dominic Calvert-Lewin,eng ENG,FW,Everton,27-342,1997,17.5,15.9,15.8,0.11,0,0,0.06,0.34,0.06,0,0,0,0,9.94,0,0.69,Matches
77,Diego Carlos,br BRA,DF,Aston Villa,31-343,1993,9.2,65.5,62.5,2.72,1.85,0,0.65,0,0,0,0,0,0,58,0.33,0,Matches
78,Fabio Carvalho,pt POR,"FW,MF",Brentford,22-175,2002,4.8,35.2,32.1,2.92,0.83,0.42,0,2.08,0.21,1.46,0.63,0,0,24.8,0.21,1.46,Matches
79,Casemiro,br BRA,MF,Manchester Utd,32-364,1992,10.3,61.4,59.2,1.46,1.26,0.49,0.49,1.65,0.19,0,0,0,0,48.8,0.68,1.55,Matches
80,Kaelan Casey,eng ENG,DF,West Ham,20-116,2004,0,0,0,0,0,0,0,0,0,0,0,0,0,0,0,0,Matches
81,Matty Cash,pl POL,DF,Aston Villa,27-198,1997,14.2,42.3,35,7.32,0.99,0,0,1.41,6.34,0,0,0,0,33.5,0,0.85,Matches
82,Timothy Castagne,be BEL,DF,Fulham,29-078,1995,11,56.7,48.9,7.82,0.82,0,0.09,2.36,7,0,0,0,0,47,0,1.45,Matches
83,Trevoh Chalobah,eng ENG,DF,Crystal Palace,25-231,1999,11.8,37.5,36.1,1.36,0.93,0.08,0.17,0.59,0.42,0,0,0,0,29.6,0,0.59,Matches
84,Trevoh Chalobah,eng ENG,DF,Chelsea,25-231,1999,3,81.7,80,1.67,1.33,0.33,0,0.33,0,0,0,0,0,75.3,0,0.33,Matches
85,Conor Chaplin,eng ENG,"MF,FW",Ipswich Town,28-005,1997,6.8,33.7,30.4,3.24,0.29,1.32,0,1.32,0.15,0,0,0,0,25,0,0.44,Matches
86,Federico Chiesa,it ITA,FW,Liverpool,27-119,1997,0.3,60,60,0,0,0,0,3.33,0,0,0,0,0,50,0,3.33,Matches
87,Ben Chilwell,eng ENG,DF,Crystal Palace,28-062,1996,0.3,76.7,63.3,13.3,0,3.33,0,3.33,13.3,0,0,0,0,50,0,0,Matches
88,Chiquinho,pt POR,MF,Wolves,25-016,2000,0.1,30,30,0,0,0,0,10,0,0,0,0,0,30,0,0,Matches
89,Hamza Choudhury,eng ENG,"MF,DF",Leicester City,27-143,1997,1.5,56,54,2,0,0,0,3.33,2,0,0,0,0,48,0,0.67,Matches
90,Ryan Christie,sct SCO,MF,Bournemouth,29-365,1995,20.4,44.4,41.8,2.35,0.78,0.25,0.39,1.86,0.15,1.03,0.59,0.15,0.1,35.4,0.29,0.88,Matches
91,Harry Clarke,eng ENG,DF,Ipswich Town,23-356,2001,4.2,56.2,50.2,5.95,0.48,0.24,0,1.19,5.48,0,0,0,0,45.2,0,0.95,Matches
92,Jack Clarke,eng ENG,"FW,MF",Ipswich Town,24-090,2000,7.1,30.1,28,1.97,0.28,0,0.28,1.27,0.7,0.7,0.7,0,0,23,0.14,1.55,Matches
93,Nathaniel Clyne,eng ENG,"DF,MF",Crystal Palace,33-322,1991,4.4,36.1,32.7,3.18,0,0.23,0.23,1.14,2.73,0,0,0,0,26.6,0.23,1.59,Matches
94,Conor Coady,eng ENG,DF,Leicester City,31-362,1993,8,54.6,53.3,1.13,1,0.13,0.25,0,0.13,0,0,0,0,48.9,0.25,0.5,Matches
95,Seamus Coleman,ie IRL,DF,Everton,36-133,1988,2.2,35.9,27.3,8.18,0,0,0,1.36,8.18,0,0,0,0,25.9,0.45,0.45,Matches
96,Nathan Collins,ie IRL,DF,Brentford,23-297,2001,25,55.2,52.7,2.28,1.72,0.08,0.16,0.24,0.44,0,0,0,0,47.5,0.2,0.24,Matches
97,Toby Collyer,eng ENG,MF,Manchester Utd,21-049,2004,1.4,45,43.6,1.43,0.71,0,0,0,0,0,0,0,0,40,0,1.43,Matches
98,Levi Colwill,eng ENG,DF,Chelsea,21-361,2003,23,78.6,73.3,5.09,2.3,0.13,0.26,0.39,0.22,0,0,0,0,70.3,0.13,0.78,Matches
99,Lewis Cook,eng ENG,"MF,DF",Bournemouth,28-018,1997,22.6,48.8,41.4,7.43,2.43,0.13,0.09,4.34,2.17,2.74,2.3,0.13,0,37.5,0.04,0.84,Matches
100,Maxwel Cornet,ci CIV,FW,Southampton,28-147,1996,0.8,27.5,25,2.5,0,0,0,3.75,0,2.5,2.5,0,0,21.3,0,0,Matches
101,Vladimir Coufal,cz CZE,DF,West Ham,32-183,1992,8.2,47.6,38.3,9.02,0.85,0,0,2.32,8.17,0,0,0,0,36.2,0.24,0.73,Matches
102,Woyo Coulibaly,fr FRA,DF,Leicester City,25-277,1999,0.7,42.9,32.9,10,0,0,0,0,10,0,0,0,0,37.1,0,0,Matches
103,Aaron Cresswell,eng ENG,DF,West Ham,35-068,1989,3.3,57,45.2,11.8,4.85,0.3,0.61,5.15,4.85,2.12,1.52,0.61,0,43.9,0,1.52,Matches
104,Marc Cucurella,es ESP,DF,Chelsea,26-214,1998,21,59.2,51.5,7.67,0.86,0.1,0,1.05,6.81,0,0,0,0,52.6,0.1,0.52,Matches
105,Jorge Cuenca,es ESP,DF,Fulham,25-096,1999,1,37,30,7,2,0,0,0,0,0,0,0,0,30,0,0,Matches
106,Matheus Cunha,br BRA,"MF,FW",Wolves,25-270,1999,21.8,37.6,31.6,5.69,1.7,0.46,0.5,4.45,0.92,2.11,1.1,0.69,0.09,26.8,0.32,1.15,Matches
107,Patson Daka,zm ZAM,"FW,MF",Leicester City,26-135,1998,3.5,18.3,16.3,2,0,0.57,0,0,1.43,0,0,0,0,12.6,0,1.43,Matches
108,Diogo Dalot,pt POR,DF,Manchester Utd,25-340,1999,23.6,55,46.8,8.09,0.55,0.13,0.3,1.78,7.54,0,0,0,0,44.5,0.17,1.27,Matches
109,Mikkel Damsgaard,dk DEN,"MF,FW",Brentford,24-233,2000,20.9,46.9,42.5,4.11,0.72,0.72,0.14,3.88,0.38,1.63,1.53,0,0,35.1,0.29,0.96,Matches
110,Danilo,br BRA,MF,Nott'ham Forest,23-298,2001,1.6,38.8,38.8,0,0,0,0,0.63,0,0,0,0,0,31.3,0,1.25,Matches
111,Jayden Danns,eng ENG,MF,Liverpool,19-036,2006,0.1,10,10,0,0,0,0,0,0,0,0,0,0,10,0,0,Matches
112,Kevin Danso,at AUT,DF,Tottenham,26-155,1998,0.9,66.7,63.3,3.33,3.33,0,1.11,1.11,0,0,0,0,0,58.9,0,1.11,Matches
113,Ben Davies,wls WAL,DF,Tottenham,31-303,1993,7,73,66.1,6.43,1.57,0.14,0.57,0.14,0.43,0,0,0,0,64.9,0.43,0.71,Matches
114,Leif Davis,eng ENG,DF,Ipswich Town,25-040,2000,23.5,41,31.1,9.7,1.7,0.13,0.09,4.72,5.32,2.68,1.87,0.43,0,29.5,0.17,0.68,Matches
115,Craig Dawson,eng ENG,DF,Wolves,34-291,1990,10.8,51.8,48.9,2.78,1.85,0.09,1.02,0,0,0,0,0,0,44.8,0.09,0,Matches
116,Kevin De Bruyne,be BEL,MF,Manchester City,33-238,1991,11.2,68.2,58.6,9.29,1.25,0.63,0.71,7.23,1.25,5.45,1.34,0.98,0.18,52.6,0.36,2.05,Matches
117,Liam Delap,eng ENG,FW,Ipswich Town,22-013,2003,20.5,10.9,10.6,0.24,0,0.34,0.05,0.05,0.1,0,0,0,0,6.78,0.05,0.34,Matches
118,Sepp van den Berg,nl NED,DF,Brentford,23-063,2001,19.5,44,39.7,4.26,0.51,0,0.1,0.31,2.82,0,0,0,0,37.2,0.05,0.21,Matches
119,Justin Devenny,nir NIR,MF,Crystal Palace,21-133,2003,3.5,38.6,33.1,4.86,1.43,0,0,4.57,0,2.57,1.14,1.14,0,27.1,0.57,0.57,Matches
120,Kiernan Dewsbury-Hall,eng ENG,MF,Chelsea,26-168,1998,1.8,51.1,50,0.56,0,0,0.56,0.56,0,0.56,0,0,0,43.9,0.56,0,Matches
121,Amad Diallo,ci CIV,"FW,MF",Manchester Utd,22-225,2002,17.7,44.9,40.8,3.79,0.17,0.11,0.06,2.15,2.03,1.58,1.24,0.06,0.06,37.2,0.23,0.96,Matches
122,Ruben Dias,pt POR,DF,Manchester City,27-283,1997,13.1,92.7,89.8,2.75,1.68,0,0.31,0.15,0.15,0,0,0,0,87.1,0.15,0.76,Matches
123,Luis Diaz,co COL,FW,Liverpool,28-039,1997,17.7,31.6,31,0.56,0.06,0.06,0.17,0.9,0.51,0,0,0,0,26.6,0.06,0.9,Matches
124,Tyler Dibling,eng ENG,"FW,MF",Southampton,18-346,2006,14.1,29.2,27.1,1.91,0.28,0.57,0.14,1.56,0.07,0.71,0.57,0,0,22.8,0.21,0.78,Matches
125,Lucas Digne,fr FRA,DF,Aston Villa,31-216,1993,21,51.6,41.3,10.3,1.76,0.05,0.14,6.05,5.76,2.67,1.71,0.48,0,38.5,0.05,1.67,Matches
126,Issa Diop,fr FRA,DF,Fulham,28-043,1997,11.9,52.4,50.7,1.76,1.6,0,0.08,0.08,0,0,0,0,0,45.7,0,0.17,Matches
127,Axel Disasi,fr FRA,DF,Aston Villa,26-347,1998,2,73.5,72,1,1,0.5,0,0,0,0,0,0,0,68,0.5,1,Matches
128,Axel Disasi,fr FRA,DF,Chelsea,26-347,1998,4,73.3,66.5,6.75,2.5,0,0.25,0,4.25,0,0,0,0,66.5,0,0.5,Matches
129,Roman Dixon,eng ENG,DF,Everton,20-057,2004,1,19,16,3,0,0,0,0,3,0,0,0,0,11,0,0,Matches
130,Matt Doherty,ie IRL,DF,Wolves,33-036,1992,13.9,54,48.2,5.47,1.58,0.07,0.94,1.08,3.88,0,0,0,0,43.9,0.29,0.86,Matches
131,Jeremy Doku,be BEL,"FW,MF",Manchester City,22-270,2002,8.9,45.1,44.6,0.22,0,0.67,0,3.37,0,0.22,0,0,0,36,0.22,2.02,Matches
132,Nicolas Dominguez,ar ARG,"MF,FW",Nott'ham Forest,26-238,1998,12.5,46.2,44.1,1.68,0.88,0.16,0,0.08,0.16,0,0,0,0,40,0.4,0.48,Matches
133,Patrick Dorgu,dk DEN,DF,Manchester Utd,20-118,2004,1,43,36,7,0,0,0,5,7,0,0,0,0,32,0,1,Matches
134,Alfie Dorrington,eng ENG,DF,Tottenham,19-307,2005,0.2,80,80,0,0,0,0,0,0,0,0,0,0,75,0,0,Matches
135,Abdoulaye Doucoure,ml MLI,MF,Everton,32-051,1993,19.7,33.2,32.4,0.61,0.15,0,0.05,0.86,0,0,0,0,0,26.7,0.2,1.02,Matches
136,Cheick Doucoure,ml MLI,MF,Crystal Palace,25-044,2000,5,40.8,40.2,0.6,0.6,0,0,0.2,0,0,0,0,0,34.8,0,0.8,Matches
137,Flynn Downes,eng ENG,MF,Southampton,26-032,1999,15.9,49.6,48,1.51,1.51,0.38,0.06,0.13,0,0,0,0,0,44.9,0.06,0.57,Matches
138,Tommy Doyle,eng ENG,MF,Wolves,23-127,2001,5.2,70.4,63.3,6.35,3.65,0,1.15,2.69,0.58,1.92,1.15,0.77,0,57.3,0.77,1.35,Matches
139,Radu Dragusin,ro ROU,DF,Tottenham,23-018,2002,13.9,60.4,57.1,3.38,2.88,0.07,0.22,0.07,0.22,0,0,0,0,51.5,0,0.36,Matches
140,Martin Dúbravka,sk SVK,GK,Newcastle Utd,36-037,1989,10,33.3,24.6,8.6,2.7,0,0.1,0,0,0,0,0,0,26.5,0.1,0,Matches
141,Lewis Dunk,eng ENG,DF,Brighton,33-092,1991,17.4,84.6,78.4,6.03,2.93,0.06,0.34,0.11,0.4,0,0,0,0,77.2,0.17,0.4,Matches
142,Jader Duran,co COL,FW,Aston Villa,21-070,2003,7.1,23,21.8,0.99,0,0.28,0,0.42,0,0,0,0,0,16.2,0.14,0.56,Matches
143,Ederson,br BRA,GK,Manchester City,31-188,1993,16,37.8,33.4,4.38,1.5,0,0.06,0,0,0,0,0,0,32.6,0,0.06,Matches
144,George Edmundson,eng ENG,DF,Ipswich Town,27-174,1997,0,2,2,0,0,0,0,0,0,0,0,0,0,1,0,1,Matches
145,Odsonne Edouard,fr FRA,"MF,FW",Crystal Palace,27-036,1998,1.3,21.5,21.5,0,0,0,0,0.77,0,0,0,0,0,13.1,0,1.54,Matches
146,Odsonne Edouard,fr FRA,FW,Leicester City,27-036,1998,0.3,26.7,26.7,0,0,0,0,0,0,0,0,0,0,20,0,3.33,Matches
147,Samuel Edozie,eng ENG,"DF,FW",Southampton,22-024,2003,0.7,47.1,47.1,0,0,0,0,5.71,0,0,0,0,0,35.7,0,2.86,Matches
148,Ronnie Edwards,eng ENG,DF,Southampton,21-330,2003,0.1,50,50,0,0,0,0,0,0,0,0,0,0,50,0,0,Matches
149,Anthony Elanga,se SWE,"FW,MF",Nott'ham Forest,22-300,2002,17.2,29.5,24.8,4.59,1.16,0.12,0,6.74,0.12,3.14,2.03,1.05,0,18.8,0.12,1.05,Matches
150,Harvey Elliott,eng ENG,"MF,FW",Liverpool,21-323,2003,0.9,110,97.8,11.1,1.11,0,3.33,10,4.44,4.44,2.22,1.11,0,86.7,1.11,1.11,Matches
151,Yunus Emre Konak,tr TUR,"MF,FW",Brentford,19-042,2006,0.2,85,80,5,0,0,0,0,5,0,0,0,0,60,0,5,Matches
152,Julio Enciso,py PAR,"MF,FW",Ipswich Town,21-029,2004,1.3,50,44.6,4.62,0.77,0.77,0,2.31,0,2.31,1.54,0,0,36.9,0.77,2.31,Matches
153,Julio Enciso,py PAR,"MF,FW",Brighton,21-029,2004,3.3,45.5,40.6,4.85,1.21,0,0.3,6.06,0,3.64,1.82,0.91,0,30,0,1.52,Matches
154,Wataru Endo,jp JPN,MF,Liverpool,32-012,1993,1.2,53.3,53.3,0,0,0,0,0,0,0,0,0,0,49.2,0,0.83,Matches
155,Christian Eriksen,dk DEN,MF,Manchester Utd,33-007,1992,7.1,63.2,54.8,8.45,2.39,0.56,0.7,6.9,0.42,5.35,1.97,1.83,0.7,51.3,0,0.42,Matches
156,Romain Esse,eng ENG,MF,Crystal Palace,19-284,2005,0.1,40,40,0,0,0,0,0,0,0,0,0,0,30,0,0,Matches
157,Pervis Estupinan,ec ECU,DF,Brighton,27-031,1998,15.7,61.7,52.4,9.24,0.89,0,0.32,5.29,6.5,1.85,1.4,0.32,0,51.7,0.06,1.15,Matches
158,Evanilson,br BRA,FW,Bournemouth,25-138,1999,15.2,12.9,12.8,0.07,0,0.26,0.13,0,0,0,0,0,0,8.75,0.07,0.53,Matches
159,Jonny Evans,nir NIR,DF,Manchester Utd,37-049,1988,3.2,61.3,55.3,5.94,1.56,0,0,0,0.94,0,0,0,0,54.4,0,0.31,Matches
160,Eberechi Eze,eng ENG,"MF,FW",Crystal Palace,26-237,1998,18.4,39.7,32.1,7.07,2.72,0.38,0.22,4.35,0.16,2.45,1.36,0.54,0,29.7,0.54,0.76,Matches
161,Lukasz Fabianski,pl POL,GK,West Ham,39-309,1985,11.9,38.2,27,11.1,3.19,0,0,0,0,0,0,0,0,25.5,0.08,0,Matches
162,Wout Faes,be BEL,DF,Leicester City,26-324,1998,19.3,49.1,47.4,1.66,0.78,0.1,0.16,0.1,0.21,0,0,0,0,42.5,0.05,0.26,Matches
163,Abdul Fatawu Issahaku,gh GHA,FW,Leicester City,20-350,2004,6.4,30.8,29.1,1.72,0.16,0.31,0.31,4.69,1.41,0.16,0,0,0,19.2,0,2.81,Matches
164,Joao Felix,pt POR,"FW,MF",Chelsea,25-103,1999,4.1,48.5,47.1,1.22,0.49,0.49,0.24,0,0.73,0,0,0,0,41.7,0.24,1.22,Matches
165,Evan Ferguson,ie IRL,FW,West Ham,20-125,2004,0.5,18,18,0,0,0,0,0,0,0,0,0,0,14,0,0,Matches
166,Evan Ferguson,ie IRL,FW,Brighton,20-125,2004,2.7,21.5,19.3,1.85,0,0,0,0,0,0,0,0,0,15.9,0.37,0.37,Matches
167,Bruno Fernandes,pt POR,MF,Manchester Utd,30-166,1994,22.4,64.7,57.7,6.43,2.72,0.58,0.58,5.36,0.58,2.41,1.29,0.45,0.13,48.3,0.54,1.56,Matches
168,Mateus Fernandes,pt POR,MF,Southampton,20-226,2004,20.3,43.6,38,5.62,1.97,0.39,0.25,4.04,0.3,2.07,1.43,0.59,0,34.5,0,1.13,Matches
169,Enzo Fernandez,ar ARG,MF,Chelsea,24-035,2001,19.8,63,58,4.6,1.97,0.51,0.91,2.83,0.15,2.42,1.82,0,0,51.1,0.35,1.26,Matches
170,Mark Flekken,nl NED,GK,Brentford,31-253,1993,23.4,49,39.5,9.23,3.72,0,0.21,0,0,0,0,0,0,35.9,0.26,0,Matches
171,Phil Foden,eng ENG,"MF,FW",Manchester City,24-269,2000,16,48.7,44.3,4.31,1.13,0.44,0.13,4,0.25,2.31,1.44,0.44,0,41.4,0.13,1.25,Matches
172,Wesley Fofana,fr FRA,DF,Chelsea,24-066,2000,11.3,62.2,58.9,3.19,1.86,0,0,0.09,1.24,0,0,0,0,55.8,0.09,0.35,Matches
173,Carlos Forbs,pt POR,"MF,FW",Wolves,20-339,2004,2.6,33.5,32.7,0.77,0,0,0,3.46,0.77,0,0,0,0,21.5,0,3.46,Matches
174,Fraser Forster,eng ENG,GK,Tottenham,36-341,1988,7,28.3,17.9,10.3,2.29,0,0.14,0,0,0,0,0,0,24,0.14,0,Matches
175,Ryan Fraser,sct SCO,"FW,DF",Southampton,30-363,1994,3.4,30.3,28.5,1.47,0,0,0,3.53,0.88,0.59,0.59,0,0,22.6,0.29,0.59,Matches
176,Niclas Fullkrug,de GER,FW,West Ham,32-012,1993,4.1,18.8,17.1,1.71,0,0,0.24,0,0,0,0,0,0,12.9,0,0.49,Matches
177,Cody Gakpo,nl NED,FW,Liverpool,25-290,1999,15.2,30.7,29.8,0.72,0.13,0.13,0.26,3.55,0.53,0.07,0,0,0,23.3,0.13,0.59,Matches
178,Idrissa Gana Gueye,sn SEN,MF,Everton,35-148,1989,21.4,41.7,40.3,1.12,0.23,0.09,0.19,0.23,0.28,0,0,0,0,35.7,0.28,0.79,Matches
179,Andres Garcia,es ESP,DF,Aston Villa,22-014,2003,2.2,59.5,55,4.55,0,0,0,6.82,4.55,0,0,0,0,50.5,0,1.82,Matches
180,Alejandro Garnacho,ar ARG,"FW,MF",Manchester Utd,20-235,2004,15.7,32.2,31.3,0.83,0.13,0.06,0.51,1.85,0.64,0.06,0.06,0,0,25.2,0.06,2.04,Matches
181,James Garner,eng ENG,"MF,DF",Everton,23-345,2001,5.8,40,32.6,7.07,0.69,0.34,0.17,3.62,4.14,1.21,0.34,0.69,0.17,26.6,0.34,2.24,Matches
182,Tyrique George,eng ENG,FW,Chelsea,19-017,2006,0.4,45,42.5,2.5,0,0,0,5,2.5,0,0,0,0,37.5,0,0,Matches
183,Morgan Gibbs-White,eng ENG,MF,Nott'ham Forest,25-025,2000,18.4,43,42.2,0.43,0.22,0.71,0.38,1.2,0.05,0,0,0,0,34.1,0.38,0.82,Matches
184,Billy Gilmour,sct SCO,MF,Brighton,23-255,2001,1.1,60.9,59.1,1.82,0.91,0.91,1.82,0.91,0,0.91,0.91,0,0,52.7,0,0,Matches
185,Ben Godfrey,eng ENG,DF,Ipswich Town,27-037,1998,0.7,62.9,55.7,7.14,1.43,0,0,0,5.71,0,0,0,0,52.9,0,0,Matches
186,Martial Godo,eng ENG,FW,Fulham,21-344,2003,0.2,25,25,0,0,0,0,5,0,0,0,0,0,15,0,0,Matches
187,Joao Gomes,br BRA,MF,Wolves,24-009,2001,21.5,46.8,44.8,1.91,0.93,0.14,0.23,0.84,0.51,0,0,0,0,39.7,0.09,0.7,Matches
188,Rodrigo Gomes,pt POR,"DF,FW",Wolves,21-229,2003,6.3,34.3,31.1,3.17,0.16,0.16,0,2.86,2.86,0.16,0,0.16,0,22.4,0,1.11,Matches
189,Toti Gomes,pt POR,DF,Wolves,26-036,1999,16,54.8,50.8,3.94,1.38,0,0.06,0.44,1.69,0,0,0,0,45.9,0.06,0.63,Matches
190,Diego Gómez,py PAR,MF,Brighton,21-331,2003,0.7,67.1,67.1,0,0,0,0,1.43,0,0,0,0,0,51.4,0,2.86,Matches
191,Joe Gomez,eng ENG,DF,Liverpool,27-274,1997,5.8,73.3,70,3.1,2.07,0.17,0.86,0.34,1.03,0,0,0,0,65,0.17,0.34,Matches
192,Nicolas Gonzalez,es ESP,MF,Manchester City,23-049,2002,1,103,99,4,4,0,0,0,0,0,0,0,0,100,0,1,Matches
193,Anthony Gordon,eng ENG,FW,Newcastle Utd,23-363,2001,21.4,35.9,31.2,4.44,0.93,0.42,0.14,4.86,1.31,2.01,1.26,0.33,0,25.9,0.33,1.4,Matches
194,Ryan Gravenberch,nl NED,MF,Liverpool,22-281,2002,24.7,55.7,54.7,0.97,0.57,0.28,0.12,0.2,0.24,0,0,0,0,49.8,0.04,0.53,Matches
195,Archie Gray,eng ENG,DF,Tottenham,18-346,2006,10.8,68.1,63.1,4.91,2.13,0,0,0.46,2.13,0,0,0,0,60.4,0.09,1.2,Matches
196,Jack Grealish,eng ENG,"FW,MF",Manchester City,29-164,1995,6.8,54.3,51.9,2.35,0.44,0,0,2.94,0.59,1.32,0.59,0,0,47.2,0,1.47,Matches
197,Jacob Greaves,eng ENG,DF,Ipswich Town,24-162,2000,15,45.4,42.3,3,1.6,0,0,0,0.2,0,0,0,0,39.3,0.13,0.2,Matches
198,Brajan Gruda,de GER,"FW,MF",Brighton,20-266,2004,4.1,33.9,29.5,4.39,1.22,0,0.24,3.17,1.71,1.22,0.24,0.98,0,24.6,0,0.24,Matches
199,Albert Gronbaek,dk DEN,MF,Southampton,23-274,2001,0.8,12.5,12.5,0,0,0,0,0,0,0,0,0,0,11.3,0,1.25,Matches
200,Gonçalo Guedes,pt POR,"MF,FW",Wolves,28-084,1996,8.2,29.4,26.3,2.8,0,0,0.49,1.95,0.85,0.12,0.12,0,0,21.6,0.24,0.61,Matches
201,Marc Guehi,eng ENG,DF,Crystal Palace,24-223,2000,24,54,51,2.83,2.46,0.21,0.46,0.42,0.13,0,0,0,0,44.5,0.21,0.25,Matches
202,Luis Guilherme,br BRA,"MF,FW",West Ham,19-012,2006,0.6,45,41.7,3.33,0,0,0,8.33,0,3.33,0,3.33,0,36.7,0,1.67,Matches
203,Bruno Guimaraes,br BRA,MF,Newcastle Utd,27-097,1997,24,49.8,47,2.63,2.42,0.83,0.38,0.63,0.08,0.08,0.04,0,0,41.2,0.17,1.25,Matches
204,Marc Guiu,es ESP,FW,Chelsea,19-048,2006,0.8,20,17.5,2.5,0,0,0,0,0,0,0,0,0,13.8,0,0,Matches
205,Ilkay Gundogan,de GER,MF,Manchester City,34-120,1990,15.9,72.6,67.9,4.59,1.38,0.44,0.19,2.83,0.13,2.26,1.51,0.19,0,65,0.19,0.94,Matches
206,Malo Gusto,fr FRA,DF,Chelsea,21-278,2003,15.2,68,59.5,8.42,1.97,0.07,0.2,2.43,6.45,0,0,0,0,58.8,0.07,1.38,Matches
207,Josko Gvardiol,hr CRO,DF,Manchester City,23-029,2002,23.4,73.8,68.1,5.51,1.07,0.04,0.13,0.81,4.44,0,0,0,0,66.8,0.21,0.9,Matches
208,Erling Haaland,no NOR,FW,Manchester City,24-215,2000,24.6,12.1,11.8,0.24,0,0.04,0,0.12,0.04,0,0,0,0,7.85,0.04,0.28,Matches
209,Lewis Hall,eng ENG,DF,Newcastle Utd,20-166,2004,22.3,65.8,54,11.6,2.83,0.13,0.09,4.57,6.37,2.38,1.93,0.09,0,53.8,0.22,1.08,Matches
210,Ali Al Hamadi,iq IRQ,FW,Ipswich Town,22-357,2002,1.5,20,20,0,0,0,0,0,0,0,0,0,0,16.7,0,0.67,Matches
211,Marcus Harness,eng ENG,MF,Ipswich Town,28-363,1996,0.5,32,32,0,0,0,0,0,0,0,0,0,0,20,0,2,Matches
212,Jack Harrison,eng ENG,FW,Everton,28-093,1996,12.8,26.4,24.8,1.17,0.47,0.23,0,3.75,0.23,0.39,0.31,0,0.08,17,0.47,1.48,Matches
213,Taylor Harwood-Bellis,eng ENG,DF,Southampton,23-022,2002,21.1,74,71.4,2.61,2.23,0.14,0.33,0.43,0.28,0,0,0,0,65.2,0.05,0.38,Matches
214,Kai Havertz,de GER,"FW,MF",Arsenal,25-255,1999,20.4,25,24.7,0.29,0.05,0.05,0,0.54,0.25,0,0,0,0,19.7,0.1,0.54,Matches
215,Jan Paul van Hecke,nl NED,DF,Brighton,24-258,2000,21.9,73,68.4,4.57,3.42,0.14,0.59,0.46,0.32,0,0,0,0,65.1,0.05,0.18,Matches
216,Hwang Hee-chan,kr KOR,"MF,FW",Wolves,29-026,1996,6.9,27,24.9,1.88,0.29,0.14,0,1.16,0.87,0,0,0,0,21.9,0.14,1.16,Matches
217,Dean Henderson,eng ENG,GK,Crystal Palace,27-346,1997,25,32.2,22.3,9.88,2.44,0,0,0,0,0,0,0,0,19.7,0.04,0,Matches
218,Rico Henry,eng ENG,DF,Brentford,27-228,1997,0,5,3,2,0,0,0,0,2,0,0,0,0,2,0,0,Matches
219,Mads Hermansen,dk DEN,GK,Leicester City,24-225,2000,17.5,39.3,30.1,9.03,3.31,0,0.06,0,0,0,0,0,0,24.6,0.17,0,Matches
220,Son Heung-min,kr KOR,FW,Tottenham,32-228,1992,18.6,39.6,36.8,2.74,0.54,0.22,0.16,3.12,0.48,1.45,1.08,0,0,31.6,0.05,1.24,Matches
221,James Hill,eng ENG,"DF,MF",Bournemouth,23-042,2002,2,46.5,37,9.5,0.5,0,0,3,9,0,0,0,0,27.5,0,2,Matches
222,Jack Hinshelwood,eng ENG,"MF,DF",Brighton,19-316,2005,10.8,53,46.7,6.2,1.94,0,0.65,1.94,2.78,0.74,0.37,0.09,0.09,44.3,0.09,0.46,Matches
223,George Hirst,eng ENG,FW,Ipswich Town,26-006,1999,2.6,20,20,0,0,0,0,0.38,0,0,0,0,0,10.8,0,0.77,Matches
224,Mason Holgate,eng ENG,"FW,DF",Everton,28-122,1996,0.1,20,0,20,0,0,0,0,20,0,0,0,0,20,0,0,Matches
225,Callum Hudson-Odoi,eng ENG,"FW,MF",Nott'ham Forest,24-106,2000,17.2,35.9,34.8,0.87,0.06,0.12,0.17,3.26,0.17,0.23,0.17,0.06,0,29.7,0.17,0.76,Matches
226,Will Hughes,eng ENG,MF,Crystal Palace,29-310,1995,16.6,43.4,38.6,4.52,1.45,0.06,0.12,3.13,0,2.29,1.51,0.12,0,33.4,0.3,0.42,Matches
227,Dean Huijsen,es ESP,DF,Bournemouth,19-313,2005,14.8,56.2,54.3,1.82,1.28,0.07,0.68,0.41,0.14,0,0,0,0,47,0.14,0.41,Matches
228,Omari Hutchinson,eng ENG,"MF,FW",Ipswich Town,21-114,2003,21.7,28.5,26.2,2.12,0,0.18,0.09,2.17,0.14,0,0,0,0,22,0.23,1.47,Matches
229,Rasmus Hojlund,dk DEN,FW,Manchester Utd,22-017,2003,13.3,15.2,14,1.13,0,0.15,0,0.3,0,0,0,0,0,11.7,0.08,0.38,Matches
230,Igor,br BRA,DF,Brighton,27-014,1998,10,68.2,63.4,4.6,1.2,0.3,0.3,0.2,0.9,0,0,0,0,62.8,0.2,0.5,Matches
231,Danny Ings,eng ENG,"FW,MF",West Ham,32-213,1992,3.1,28.7,26.8,1.61,0,0.32,0,0.97,0,0,0,0,0,19.4,0.32,1.29,Matches
232,Tim Iroegbunam,eng ENG,MF,Everton,21-236,2003,4.6,26.1,25.7,0,0,0,0,0,0,0,0,0,0,18.3,0.43,0.87,Matches
233,Andy Irving,sct SCO,MF,West Ham,24-284,2000,1.8,67.2,65,1.11,1.11,0.56,0,1.11,0,0,0,0,0,58.9,1.11,0.56,Matches
234,Alexander Isak,se SWE,FW,Newcastle Utd,25-153,1999,21,23.1,20.1,2.71,0,0.24,0.1,0.52,0.38,0.14,0,0,0,17,0.24,0.76,Matches
235,Alex Iwobi,ng NGA,"FW,MF",Fulham,28-294,1996,23.4,46.4,44.9,1.28,0.26,0.47,0.64,3.5,0.81,0.09,0,0.04,0,35,0.21,1.54,Matches
236,Nicolas Jackson,sn SEN,FW,Chelsea,23-246,2001,19.3,16,15.4,0.47,0.05,0.05,0,0.16,0.1,0,0,0,0,12,0.1,0.62,Matches
237,Reece James,eng ENG,DF,Chelsea,25-075,1999,5.7,82.8,69.5,13,3.68,0.53,0.18,4.91,6.84,2.46,1.93,0.18,0.18,69.6,0.35,0.53,Matches
238,Vitaly Janelt,de GER,MF,Brentford,26-287,1998,19.9,42.2,41.1,0.8,0.5,0.15,0.3,1.31,0.3,0,0,0,0,34.7,0.25,0.5,Matches
239,Vitezslav Jaros,cz CZE,GK,Liverpool,23-213,2001,0.1,80,70,10,0,0,0,0,0,0,0,0,0,60,0,0,Matches
240,Daniel Jebbison,eng ENG,"FW,MF",Bournemouth,21-192,2003,0.7,35.7,35.7,0,0,0,0,1.43,0,0,0,0,0,30,0,0,Matches
241,Mathias Jensen,dk DEN,MF,Brentford,29-051,1996,8,49,41,7.63,1.25,0.13,0.38,3.63,4.13,1.63,1.25,0,0,36.5,0.38,0.75,Matches
242,Gabriel Jesus,br BRA,FW,Arsenal,27-324,1997,6.8,29.9,29,0.44,0,0.15,0,1.03,0.44,0,0,0,0,22.9,0.44,1.76,Matches
243,Raul Jimenez,mx MEX,FW,Fulham,33-292,1991,17.7,23.6,23.3,0.23,0.11,0.17,0.06,0.85,0.11,0,0,0,0,16.6,0.06,1.24,Matches
244,Kim Jisoo,kr KOR,DF,Brentford,20-059,2004,0.3,90,86.7,3.33,3.33,0,0,0,0,0,0,0,0,80,0,0,Matches
245,Joao Pedro,br BRA,"FW,MF",Brighton,23-148,2001,15.1,30.7,29.3,1.32,0.33,0.4,0.07,1.19,0.33,0.26,0,0,0,22.7,0.07,0.79,Matches
246,Joelinton,br BRA,"MF,FW",Newcastle Utd,28-191,1996,21.3,39.4,38.2,1.08,0.42,0.33,0.05,0.66,0.61,0,0,0,0,32.8,0.09,0.8,Matches
247,Ben Johnson,eng ENG,"DF,FW",Ipswich Town,25-028,2000,10.2,29.6,23.2,6.37,0.69,0.1,0.29,1.47,5.39,0.29,0.29,0,0,22.2,0,1.47,Matches
248,Brennan Johnson,wls WAL,FW,Tottenham,23-274,2001,16.9,26.9,26.3,0.41,0,0,0,2.31,0.41,0,0,0,0,19.1,0.12,1.89,Matches
249,Sam Johnstone,eng ENG,GK,Wolves,31-333,1993,7,39.7,32.9,6.71,3.14,0,0,0,0,0,0,0,0,26.3,0.14,0.29,Matches
250,Curtis Jones,eng ENG,MF,Liverpool,24-022,2001,11.6,52.4,49.9,2.41,0.34,0.09,0.09,0.34,0.86,0.09,0,0,0,49.2,0.09,0.52,Matches
251,Jorginho,it ITA,MF,Arsenal,33-063,1991,5.3,58.9,58.1,0.75,0.57,0.38,0.19,0,0,0,0,0,0,50.6,0,0.75,Matches
252,Diogo Jota,pt POR,FW,Liverpool,28-079,1996,8.4,25,24.5,0.36,0,0,0.24,0.83,0.12,0,0,0,0,17.6,0.12,1.31,Matches
253,James Justin,eng ENG,DF,Leicester City,26-364,1998,22.4,47.2,38.4,8.66,0.71,0.04,0.09,1.65,7.95,0,0,0,0,36.7,0.09,1.12,Matches
254,Filip Jorgensen,dk DEN,GK,Chelsea,22-311,2002,4,31.8,27.8,4,0.25,0,0,0,0,0,0,0,0,27.5,0,0,Matches
255,Ferdi Kadioglu,tr TUR,"DF,MF",Brighton,25-137,1999,4.3,40.7,36.5,3.95,0.47,0.23,0,2.09,3.49,0,0,0,0,33.5,0.23,0.23,Matches
256,Daichi Kamada,jp JPN,MF,Crystal Palace,28-200,1996,10.4,44.5,42.5,1.92,0.77,0.29,0.38,1.92,0.19,0.87,0.48,0.1,0,35.3,0.1,1.06,Matches
257,Boubacar Kamara,fr FRA,"MF,DF",Aston Villa,25-090,1999,11.7,52.6,50.8,1.79,1.62,0.09,0,0.09,0,0,0,0,0,47.4,0,0.43,Matches
258,Michael Kayode,it ITA,DF,Brentford,20-226,2004,0.2,80,60,20,0,0,0,15,20,0,0,0,0,40,0,0,Matches
259,Michael Keane,eng ENG,DF,Everton,32-041,1993,9,34.3,33.8,0.11,0.11,0,1.22,0.11,0,0,0,0,0,28.1,0.44,0.56,Matches
260,Caoimhin Kelleher,ie IRL,GK,Liverpool,26-090,1998,8,37,33.1,3.88,2,0,0,0,0,0,0,0,0,27.6,0,0.13,Matches
261,Lloyd Kelly,eng ENG,DF,Newcastle Utd,26-138,1998,3.4,53.2,46.8,6.47,2.06,0,0,0.29,4.41,0,0,0,0,42.9,0,1.47,Matches
262,Milos Kerkez,hu HUN,DF,Bournemouth,21-106,2003,24.2,45,37,7.81,0.41,0.08,0.04,3.02,7.4,0,0,0,0,34.6,0.17,1.28,Matches
263,Bilal El Khannouss,ma MAR,MF,Leicester City,20-287,2004,13.2,44.8,38.9,5.83,1.14,0.38,0.38,3.11,0.76,1.06,0.68,0.23,0.08,33.7,0.08,1.36,Matches
264,Abdukodir Khusanov,uz UZB,DF,Manchester City,20-358,2004,1.6,71.9,71.3,0.63,0,0,0,0,0,0,0,0,0,65,0,0.63,Matches
265,Max Kilman,eng ENG,DF,West Ham,27-274,1997,24.2,51.4,50.2,1.07,0.74,0,0.45,0,0.04,0,0,0,0,44,0.12,0.21,Matches
266,Joshua King,eng ENG,"MF,FW",Fulham,18-049,2007,0.9,41.1,41.1,0,0,0,0,1.11,0,0,0,0,0,35.6,0,0,Matches
267,Antonin Kinsky,cz CZE,GK,Tottenham,21-345,2003,4,36.3,30.8,5.5,0.75,0,0,0,0,0,0,0,0,29,0,0.25,Matches
268,Jakub Kiwior,pl POL,DF,Arsenal,25-006,2000,3.6,48.6,46.4,1.94,0.56,0,0.28,0,0.56,0,0,0,0,40.8,0.28,0,Matches
269,Justin Kluivert,nl NED,"MF,FW",Bournemouth,25-292,1999,17.8,27.2,24,2.87,0.17,0.11,0.22,2.87,0.34,0.9,0.79,0,0,19.6,0.34,0.79,Matches
270,Ibrahima Konaté,fr FRA,DF,Liverpool,25-272,1999,18,67.5,65.6,1.89,1.72,0,0.17,0,0.17,0,0,0,0,60.7,0.06,0.33,Matches
271,Ezri Konsa,eng ENG,DF,Aston Villa,27-121,1997,21.1,51.6,47,4.6,2.7,0.28,0,0.24,1.61,0,0,0,0,47.4,0.05,0.85,Matches
272,Mateo Kovacic,hr CRO,MF,Manchester City,30-291,1994,17.2,76.5,74.9,1.4,1.34,0.47,0.23,0,0,0,0,0,0,71.3,0.17,0.58,Matches
273,Caleb Kporha,eng ENG,DF,Crystal Palace,18-221,2006,0.1,70,60,10,0,0,0,20,10,0,0,0,0,50,0,0,Matches
274,Emil Krafth,se SWE,DF,Newcastle Utd,30-203,1994,2.7,28.1,26.7,1.48,1.11,0,0,0,0.37,0,0,0,0,22.6,0,0.37,Matches
275,Mohammed Kudus,gh GHA,"MF,FW",West Ham,24-203,2000,18.4,29.8,29.3,0.38,0.11,0.11,0.43,2.72,0.11,0.05,0,0,0,24.9,0.11,1.09,Matches
276,Dejan Kulusevski,se SWE,"MF,FW",Tottenham,24-302,2000,22.7,34.8,31.2,3.44,0.13,0.44,0.04,3.88,0.26,2.73,1.15,0,0,25.5,0.22,1.72,Matches
277,Maxence Lacroix,fr FRA,DF,Crystal Palace,24-321,2000,21.9,45.8,44.3,1.42,1.23,0.09,0.18,0.23,0.09,0,0,0,0,37.4,0,0.41,Matches
278,Adam Lallana,eng ENG,MF,Southampton,36-287,1988,3.8,65,63.7,1.05,0.79,0.26,0,1.05,0,0,0,0,0,56.1,0.26,0.79,Matches
279,Tariq Lamptey,gh GHA,DF,Brighton,24-144,2000,6.8,45.3,38.8,6.32,0.44,0,0.15,2.79,5.74,0.15,0.15,0,0,37.8,0.15,0.29,Matches
280,Will Lankshear,eng ENG,"FW,MF",Tottenham,19-307,2005,0.1,10,10,0,0,0,0,0,0,0,0,0,0,0,0,0,Matches
281,Romeo Lavia,be BEL,MF,Chelsea,21-046,2004,5.9,48.3,47.8,0.34,0.34,0.51,0.34,0,0,0,0,0,0,44.2,0.17,0.17,Matches
282,Mario Lemina,ga GAB,"MF,DF",Wolves,31-173,1993,15.2,40.3,38.3,1.71,0.59,0.39,0.26,0.66,0.59,0,0,0,0,32.4,0.33,0.46,Matches
283,Bernd Leno,de GER,GK,Fulham,32-354,1992,25,37.5,31.1,6.36,2.2,0,0,0,0,0,0,0,0,30.6,0.04,0.04,Matches
284,Jefferson Lerma,co COL,MF,Crystal Palace,30-119,1994,14.9,46.2,43.6,2.28,0.67,0.27,0.2,0.34,1.61,0,0,0,0,35,0.4,0.74,Matches
285,Rico Lewis,eng ENG,"DF,MF",Manchester City,20-092,2004,16.6,58.6,53,5.54,1.2,0.18,0,0.12,4.34,0,0,0,0,54,0,0.84,Matches
286,Keane Lewis-Potter,eng ENG,"DF,FW",Brentford,23-365,2001,22.3,34.4,30.5,3.63,0.31,0.04,0.18,2.2,3.23,0.04,0,0,0,27.1,0.27,0.85,Matches
287,Myles Lewis-Skelly,eng ENG,DF,Arsenal,18-148,2006,7,51.6,42.4,8.57,0.57,0.43,0.14,0.43,8,0,0,0,0,47,0.57,0,Matches
288,Matthijs de Ligt,nl NED,DF,Manchester Utd,25-193,1999,18.2,61.3,59.9,1.21,0.82,0,0.38,0.27,0,0,0,0,0,55.5,0.16,0.44,Matches
289,Pedro Lima,br BRA,DF,Wolves,18-235,2006,0.7,41.4,32.9,8.57,0,0,0,7.14,8.57,0,0,0,0,30,0,1.43,Matches
290,Victor Lindelof,se SWE,"DF,MF",Manchester Utd,30-219,1994,0.7,54.3,51.4,2.86,1.43,0,0,1.43,1.43,0,0,0,0,50,0,0,Matches
291,Jesper Lindstrom,dk DEN,FW,Everton,24-358,2000,11.4,31.5,27.6,3.6,0.96,0.09,0,5.79,0.44,2.19,1.05,0.7,0.18,21.5,0.26,1.32,Matches
292,Valentino Livramento,eng ENG,DF,Newcastle Utd,22-101,2002,18.8,52.6,43.2,9.26,0.59,0,0,1.6,8.62,0.05,0,0,0,44.3,0.16,0.85,Matches
293,Sean Longstaff,eng ENG,MF,Newcastle Utd,27-114,1997,8.2,38.7,38.2,0.37,0.12,0.24,0.37,0.61,0,0.12,0,0,0.12,32.7,0.12,1.34,Matches
294,Sasa Lukic,rs SRB,MF,Fulham,28-192,1996,17.6,50.4,46.9,3.47,1.59,0.06,0.17,2.33,0.06,1.76,0.63,0.8,0,44.5,0.06,0.8,Matches
295,Joe Lumley,eng ENG,GK,Southampton,30-006,1995,3,50.3,42.7,7.33,2.33,0,0,0,0,0,0,0,0,35.3,0.33,0,Matches
296,Massimo Luongo,au AUS,MF,Ipswich Town,32-149,1992,2,26.5,25.5,0.5,0.5,0,0,0.5,0,0,0,0,0,19.5,0.5,0.5,Matches
297,Ian Maatsen,nl NED,DF,Aston Villa,22-348,2002,5.7,67.2,57.7,9.47,1.23,0.18,0,5.44,7.54,0.7,0.35,0,0,54.2,0,2.98,Matches
298,Alexis Mac Allister,ar ARG,MF,Liverpool,26-059,1998,21,54,51,2.71,1.05,0.19,0.14,1.71,0.38,1.29,0.57,0.43,0,46,0.19,1.19,Matches
299,James Maddison,eng ENG,MF,Tottenham,28-090,1996,15.1,63.4,57,6.16,2.25,0.66,0.33,5.17,0.2,3.31,2.05,0.4,0,51.3,0.33,0.53,Matches
300,Noni Madueke,eng ENG,FW,Chelsea,22-348,2002,16.1,30.2,28.9,0.99,0,0.06,0.25,2.86,0.93,0.06,0,0,0,23.6,0.25,0.62,Matches
301,Gabriel Magalhaes,br BRA,DF,Arsenal,27-064,1997,22.1,62.1,59.2,2.9,1.95,0.05,0.36,0.36,0.09,0,0,0,0,55.7,0.05,0.32,Matches
302,Edmond-Paris Maghoma,eng ENG,MF,Brentford,23-289,2001,0.9,55.6,54.4,1.11,1.11,0,0,1.11,0,0,0,0,0,51.1,0,0,Matches
303,Harry Maguire,eng ENG,DF,Manchester Utd,31-353,1993,13.1,58.9,56.1,2.44,1.3,0,0.53,0.15,0.08,0,0,0,0,50.8,0.31,0.23,Matches
304,Kobbie Mainoo,eng ENG,MF,Manchester Utd,19-308,2005,14.3,47,45.4,1.33,0.77,0.14,0.21,0.28,0.35,0,0,0,0,40.6,0.28,0.91,Matches
305,Tyrell Malacia,nl NED,DF,Manchester Utd,25-188,1999,1.1,50,44.5,5.45,0,0,0,0.91,5.45,0,0,0,0,44.5,0,1.82,Matches
306,Donyell Malen,nl NED,FW,Aston Villa,26-043,1999,1.7,22.9,20,2.35,0,0,0,1.76,0.59,0,0,0,0,16.5,0.59,1.18,Matches
307,Orel Mangala,be BEL,MF,Everton,26-340,1998,14,35,34.6,0.29,0.21,0,0.07,0.43,0,0,0,0,0,31.2,0.07,0.71,Matches
308,Ryan Manning,ie IRL,DF,Southampton,28-252,1996,8.5,47.6,37.9,9.06,2.47,0.12,0.24,4.94,4.59,2,1.65,0,0,38.2,0.71,1.41,Matches
309,Solly March,eng ENG,"MF,DF",Brighton,30-216,1994,0.3,50,43.3,6.67,0,0,0,10,0,6.67,6.67,0,0,23.3,0,0,Matches
310,Omar Marmoush,eg EGY,"FW,MF",Manchester City,26-014,1999,2.4,25.4,22.1,3.33,0.83,0.42,0,3.75,0,2.5,2.08,0.42,0,20.4,0,0.42,Matches
311,Gabriel Martinelli,br BRA,"FW,MF",Arsenal,23-248,2001,16.2,27.3,26.7,0.56,0,0.19,0.12,3.46,0.37,0.19,0.19,0,0,19,0.12,1.48,Matches
312,Emiliano Martinez,ar ARG,GK,Aston Villa,32-172,1992,25.5,37.7,30.2,7.25,2.47,0,0.08,0,0,0,0,0,0,30.7,0.24,0,Matches
313,Lisandro Martinez,ar ARG,DF,Manchester Utd,27-034,1998,19.5,68.8,65.9,2.77,0.77,0.26,0.15,0.46,0.82,0,0,0,0,61.5,0.15,0.36,Matches
314,Pape Matar Sarr,sn SEN,MF,Tottenham,22-160,2002,14.2,54.3,53.3,0.85,0.35,0,0.21,0.49,0.42,0,0,0,0,47.3,0.14,1.13,Matches
315,Jean-Philippe Mateta,fr FRA,FW,Crystal Palace,27-238,1997,21.7,15.3,15.1,0.18,0,0.32,0,0.97,0,0,0,0,0,9.86,0,0.51,Matches
316,Stephy Mavididi,eng ENG,FW,Leicester City,26-266,1998,14.5,33.4,32.1,1.1,0.14,0.41,0,3.66,0.55,0.41,0.21,0.14,0,25.1,0.28,1.24,Matches
317,Konstantinos Mavropanos,gr GRE,DF,West Ham,27-072,1997,16.6,54.4,51.6,2.59,1.75,0.06,1.08,0.12,0.72,0,0,0,0,46.4,0.24,0.48,Matches
318,Noussair Mazraoui,ma MAR,DF,Manchester Utd,27-099,1997,21.4,58.6,51.4,7.1,0.84,0.19,0.19,0.75,6.17,0,0,0,0,49.9,0.05,1.4,Matches
319,Bryan Mbeumo,cm CMR,FW,Brentford,25-198,1999,24.9,35,30.6,4.18,1.16,0.4,0.12,5.22,0.48,2.33,1.81,0.08,0,23.5,0.2,1.41,Matches
320,James Mcatee,eng ENG,"MF,FW",Manchester City,22-126,2002,1.2,43.3,42.5,0.83,0,0.83,0,1.67,0,0.83,0.83,0,0,36.7,0,0.83,Matches
321,Kasey McAteer,ie IRL,"FW,MF",Leicester City,23-091,2001,4.3,30.5,28.8,1.16,0,0,0,2.56,1.16,0,0,0,0,21.2,0.47,2.09,Matches
322,Alex McCarthy,eng ENG,GK,Southampton,35-080,1989,5,31.2,25.2,5.8,1.2,0,0.2,0,0,0,0,0,0,23.4,0.2,0.2,Matches
323,John McGinn,sct SCO,"MF,FW",Aston Villa,30-126,1994,17.1,33.6,31.6,1.99,0.82,0.35,0.06,2.51,0.18,0.58,0.23,0.18,0,27.8,0,0.53,Matches
324,Dwight McNeil,eng ENG,"MF,FW",Everton,25-091,1999,12.7,40.5,33.2,6.93,2.2,0.63,0.39,7.17,0.31,3.07,2.05,0.39,0.31,29.7,0.31,1.18,Matches
325,Scott McTominay,sct SCO,MF,Manchester Utd,28-075,1996,0.2,50,40,10,0,0,0,0,5,0,0,0,0,50,0,0,Matches
326,Ben Mee,eng ENG,DF,Brentford,35-153,1989,2,60,54,6,2.5,0,0.5,0,2,0,0,0,0,46.5,0,0.5,Matches
327,Jayden Meghoma,eng ENG,DF,Brentford,18-238,2006,0.1,30,30,0,0,0,0,0,0,0,0,0,0,30,0,0,Matches
328,Mikel Merino,es ESP,MF,Arsenal,28-244,1996,8.8,41.6,41,0.34,0.34,0.34,0.11,1.14,0,0,0,0,0,32.4,0.23,1.25,Matches
329,Nikola Milenkovic,rs SRB,DF,Nott'ham Forest,27-132,1997,24,27.3,26,1,1,0,0.04,0,0,0,0,0,0,22.5,0.29,0.08,Matches
330,Lewis Miley,eng ENG,MF,Newcastle Utd,18-296,2006,0.9,67.8,67.8,0,0,0,0,0,0,0,0,0,0,63.3,0,1.11,Matches
331,James Milner,eng ENG,MF,Brighton,39-048,1986,1.9,38.4,32.6,5.79,2.11,1.05,0,4.21,0,3.16,1.05,1.58,0,28.9,0,0.53,Matches
332,Tyrone Mings,eng ENG,DF,Aston Villa,31-345,1993,7,60.3,57.3,3,1.71,0,0.43,0,0,0,0,0,0,53,0,0.57,Matches
333,Yankuba Minteh,gm GAM,"FW,MF",Brighton,20-214,2004,10.3,27.4,24.5,2.72,0.68,0.1,0.29,5.34,0.97,1.07,0.49,0.39,0,16.6,0.19,2.23,Matches
334,Tyrick Mitchell,eng ENG,DF,Crystal Palace,25-173,1999,23.9,41.3,34.4,6.78,0.21,0,0.04,3.22,6.57,0,0,0,0,29.8,0.08,1.72,Matches
335,Kaoru Mitoma,jp JPN,"FW,MF",Brighton,27-277,1997,22,34.1,33.6,0.41,0,0.27,0.05,2.59,0.41,0,0,0,0,25.9,0.09,1.45,Matches
336,Jakub Moder,pl POL,MF,Brighton,25-320,1999,0.1,220,220,0,0,0,0,10,0,0,0,0,0,180,0,0,Matches
337,Mikey Moore,eng ENG,"FW,MF",Tottenham,17-194,2007,2.1,31.9,29,2.86,0,0,0,5.71,0.48,2.38,0.95,0,0,22.9,0,1.43,Matches
338,Morato,br BRA,DF,Nott'ham Forest,23-236,2001,6.7,30.1,28.2,1.64,1.19,0,0,0,0.15,0,0,0,0,21.9,0.3,1.34,Matches
339,Alex Moreno,es ESP,DF,Nott'ham Forest,31-258,1993,9,40,31.7,7.89,0.11,0.22,0.11,1.67,7.78,0,0,0,0,28.6,0.44,1,Matches
340,Sam Morsy,eg EGY,MF,Ipswich Town,33-164,1991,21.1,49.7,48,1.47,1.42,0.05,0.09,0.43,0,0,0,0,0,43.4,0.24,0.85,Matches
341,Yerson Mosquera,co COL,DF,Wolves,23-295,2001,4.9,49,46.9,1.84,0.82,0,0.2,0.41,0,0,0,0,0,41.8,0.2,0.61,Matches
342,Mason Mount,eng ENG,"MF,FW",Manchester Utd,26-042,1999,2.7,35.2,32.2,2.96,1.85,0,0,2.22,0,1.11,1.11,0,0,28.1,0,1.11,Matches
343,Divin Mubama,eng ENG,FW,Manchester City,20-119,2004,0.3,10,10,0,0,0,0,0,0,0,0,0,0,6.67,0,3.33,Matches
344,Mykhailo Mudryk,ua UKR,FW,Chelsea,24-047,2001,1.7,24.7,23.5,1.18,0,0.59,0,4.12,0,1.18,0,0,0,16.5,0,0.59,Matches
345,Marshall Munetsi,zw ZIM,FW,Wolves,28-244,1996,0.5,8,6,2,0,0,0,0,0,0,0,0,0,6,0,0,Matches
346,Rodrigo Muniz,br BRA,FW,Fulham,23-293,2001,7.6,13.4,12.5,0.79,0.13,0.26,0.26,0.13,0,0,0,0,0,8.68,0.13,0.39,Matches
347,Daniel Munoz,co COL,DF,Crystal Palace,28-271,1996,23,42.9,34.3,8.52,0.83,0.04,0.09,1.96,7.61,0.09,0,0,0,32.3,0.13,1.13,Matches
348,Arijanet Muric,xk KVX,GK,Ipswich Town,26-106,1998,18,35.2,26.9,7.94,2.72,0,0.17,0,0,0,0,0,0,25.2,0.28,0,Matches
349,Murillo,br BRA,DF,Nott'ham Forest,22-232,2002,23.5,38.7,33.5,4.89,3.06,0.3,0.6,0.26,0.04,0,0,0,0,30.6,0.34,0.17,Matches
350,Jacob Murphy,eng ENG,FW,Newcastle Utd,29-363,1995,15.9,36.3,34.3,1.64,0.19,0.19,0.38,3.71,0.82,0.63,0.06,0,0,25.5,0.38,1.45,Matches
351,Vitaliy Mykolenko,ua UKR,DF,Everton,25-268,1999,22.2,38.1,29.6,8.33,0.5,0.05,0.05,2.57,7.84,0,0,0,0,27.9,0.14,0.77,Matches
352,Iliman Ndiaye,sn SEN,FW,Everton,24-352,2000,20.9,27,26.1,0.91,0.19,0.05,0.1,1.53,0.14,0.43,0.19,0,0.1,21.9,0,0.81,Matches
353,Wilfred Ndidi,ng NGA,MF,Leicester City,28-067,1996,14.4,38.8,37.9,0.76,0.42,0.28,0.07,0.9,0.35,0,0,0,0,30.8,0.07,0.76,Matches
354,Kosta Nedeljkovic,rs SRB,DF,Aston Villa,19-067,2005,1.4,37.9,29.3,8.57,0.71,0,0,0.71,7.86,0,0,0,0,33.6,0,0,Matches
355,Reiss Nelson,eng ENG,FW,Arsenal,25-073,1999,0,0,0,0,0,0,0,0,0,0,0,0,0,0,0,0,Matches
356,Reiss Nelson,eng ENG,FW,Fulham,25-073,1999,5.4,49.6,48.3,1.11,0,0.37,0.37,4.26,0.19,0.93,0.56,0.19,0,43,0.19,0.37,Matches
357,Neto,br BRA,GK,Bournemouth,35-217,1989,2,31,21,9.5,2,0,0,0,0,0,0,0,0,20,0.5,0,Matches
358,Pedro Neto,pt POR,FW,Chelsea,24-349,2000,13.3,35,32.9,2.03,0.38,0,0.23,4.81,0.6,1.05,0.3,0.23,0.08,27.1,0.08,1.05,Matches
359,Eddie Nketiah,eng ENG,"MF,FW",Crystal Palace,25-267,1999,7,24.3,23.7,0.57,0,0,0,0.71,0.14,0,0,0,0,17.6,0,1.71,Matches
360,Christopher Nkunku,fr FRA,FW,Chelsea,27-099,1997,6.1,35.6,34.4,1.15,0.16,0.16,0.16,0.33,0,0.33,0,0,0,31.6,0,0.33,Matches
361,Matheus Nunes,pt POR,"DF,MF",Manchester City,26-178,1998,9.9,60.9,54.8,5.96,0.3,0.2,0.2,3.03,4.85,0.71,0.51,0,0,51.1,0.1,1.52,Matches
362,Darwin Nunez,uy URU,FW,Liverpool,25-242,1999,10,17,16.5,0.4,0,0.1,0.5,0.2,0.2,0,0,0,0,11.7,0.1,1,Matches
363,Ethan Nwaneri,eng ENG,"FW,MF",Arsenal,17-337,2007,4.2,41.7,37.9,3.33,0.24,0.24,0,6.67,0,3.1,2.86,0,0,32.9,0.48,0.95,Matches
364,Christian Norgaard,dk DEN,MF,Brentford,30-348,1994,19.8,46.3,44.9,1.11,0.61,0.15,0.05,0.56,0.45,0,0,0,0,37.8,0.25,0.96,Matches
365,Jake O'Brien,ie IRL,DF,Everton,23-282,2001,5.5,43.6,34.2,9.09,0,0,0,0.36,9.09,0,0,0,0,32.4,0.36,1.09,Matches
366,Matt O'Riley,dk DEN,MF,Brighton,24-092,2000,5.3,43.4,36.4,6.79,1.51,0.19,0.38,4.34,0,4.15,2.83,0.75,0,34.5,0.19,0.75,Matches
367,Dara O'Shea,ie IRL,DF,Ipswich Town,25-354,1999,21.7,48.5,45.7,2.63,0.88,0,0.46,0.18,1.43,0,0,0,0,37.6,0.18,0.41,Matches
368,Chidozie Obi-Martin,dk DEN,MF,Manchester Utd,17-084,2007,0,0,0,0,0,0,0,0,0,0,0,0,0,0,0,0,Matches
369,Wilson Odobert,fr FRA,FW,Tottenham,20-085,2004,1.8,43.9,41.7,0.56,0,0,0,2.78,0.56,0,0,0,0,33.3,1.67,2.22,Matches
370,Chiedozie Ogbene,ie IRL,FW,Ipswich Town,27-296,1997,2.6,16.5,16.5,0,0,0,0,1.54,0,0,0,0,0,12.3,0,1.92,Matches
371,Caleb Okoli,it ITA,DF,Leicester City,23-223,2001,10.2,53.1,48.9,4.22,1.86,0.1,0.29,0.1,0,0,0,0,0,45.9,0,0.49,Matches
372,Robin Olsen,se SWE,GK,Aston Villa,35-044,1990,0.5,42,36,6,2,0,0,0,0,0,0,0,0,32,0,0,Matches
373,Amadou Onana,be BEL,MF,Aston Villa,23-189,2001,12,43.8,43.6,0.17,0.17,0.08,0,0.08,0,0,0,0,0,38.7,0.08,0.75,Matches
374,Andre Onana,cm CMR,GK,Manchester Utd,28-325,1996,25,39.6,33.4,6.04,2.16,0.04,0.08,0,0,0,0,0,0,29.5,0.16,0,Matches
375,Paul Onuachu,ng NGA,FW,Southampton,30-269,1994,7,24.4,24.3,0,0,0,0.29,0,0,0,0,0,0,15.3,0.14,0.43,Matches
376,Frank Onyeka,ng NGA,MF,Brentford,27-051,1998,0.3,23.3,23.3,0,0,0,0,0,0,0,0,0,0,20,0,0,Matches
377,Lewis Orford,eng ENG,MF,West Ham,19-003,2006,0.5,76,72,4,4,0,0,2,0,0,0,0,0,66,0,0,Matches
378,Stefan Ortega,de GER,GK,Manchester City,32-107,1992,9,37,30,6.89,1.89,0,0.11,0,0,0,0,0,0,31.1,0.11,0.11,Matches
379,William Osula,dk DEN,"FW,MF",Newcastle Utd,21-201,2003,0.5,12,8,4,0,0,0,0,0,0,0,0,0,6,0,0,Matches
380,Dango Ouattara,bf BFA,FW,Bournemouth,23-010,2002,14.8,27.4,25.7,1.62,0,0.27,0.2,4.05,1.42,0.14,0,0,0,16.7,0,0.95,Matches
381,Nico O’Reilly,eng ENG,"MF,DF",Manchester City,19-337,2005,0.3,60,53.3,6.67,3.33,0,0,0,3.33,0,0,0,0,56.7,0,0,Matches
382,Alex Palmer,eng ENG,GK,Ipswich Town,28-195,1996,1,37,24,13,3,0,0,0,0,0,0,0,0,22,0,0,Matches
383,Cole Palmer,eng ENG,MF,Chelsea,22-291,2002,24.3,42.6,35.5,6.83,1.65,0.7,0.37,4.69,0.49,2.8,1.98,0.21,0,32.1,0.25,1.48,Matches
384,Emerson Palmieri,it ITA,DF,West Ham,30-202,1994,18.6,45.8,37.3,8.28,0.86,0.05,0.11,2.96,6.13,1.29,0.32,0.81,0,36,0.27,0.91,Matches
385,Lucas Paqueta,br BRA,"MF,FW",West Ham,27-178,1997,18.9,50.2,46.5,3.44,1.48,0.53,0.48,1.16,0.32,0.21,0.05,0.16,0,38.6,0.21,0.85,Matches
386,Thomas Partey,gh GHA,"MF,DF",Arsenal,31-253,1993,21.4,61.4,57.6,3.6,0.84,0.23,0.09,0.37,2.48,0,0,0,0,53.7,0.23,0.51,Matches
387,Nathan Patterson,sct SCO,"DF,FW",Everton,23-128,2001,1.4,58.6,43.6,15,0,0.71,0,4.29,15,0,0,0,0,42.9,0,0,Matches
388,Andreas Pereira,br BRA,MF,Fulham,29-051,1996,14.3,47.8,38,9.58,2.52,0.14,0.56,7.48,0.42,4.9,2.17,2.17,0,33.6,0.21,0.91,Matches
389,Ricardo Pereira,pt POR,DF,Leicester City,31-138,1993,1.6,55,46.3,8.75,1.25,0,0,0.63,7.5,0,0,0,0,47.5,0,0.63,Matches
390,Kalvin Phillips,eng ENG,MF,Ipswich Town,29-081,1995,10.6,39.8,37,2.74,1.6,0.09,0.47,1.42,0.09,1.04,0.75,0.19,0.09,31.8,0.09,0.57,Matches
391,Jaden Philogene Bidace,eng ENG,"FW,MF",Aston Villa,23-013,2002,3.7,23.2,23,0.27,0,0.27,0,1.08,0.27,0,0,0,0,17,0,2.43,Matches
392,Jaden Philogene Bidace,eng ENG,"FW,MF",Ipswich Town,23-013,2002,1.5,27.3,26.7,0.67,0,0,0.67,3.33,0.67,0,0,0,0,20,0,0.67,Matches
393,Jordan Pickford,eng ENG,GK,Everton,30-351,1994,25,41.8,29,12.5,5.68,0,0.16,0,0,0,0,0,0,26.9,0.36,0,Matches
394,Ethan Pinnock,jm JAM,DF,Brentford,31-268,1993,16.3,52.2,46,6.2,0.55,0,0,0.49,2.39,0,0,0,0,43.9,0,0.43,Matches
395,Daniel Podence,pt POR,"MF,FW",Wolves,29-123,1995,0.5,32,30,2,2,0,0,2,0,0,0,0,0,22,0,4,Matches
396,Alfie Pond,eng ENG,DF,Wolves,20-357,2004,0,1,1,0,0,0,0,0,0,0,0,0,0,1,0,0,Matches
397,Nick Pope,eng ENG,GK,Newcastle Utd,32-308,1992,15,29.4,19.4,10,2.53,0,0,0,0,0,0,0,0,20.9,0,0,Matches
398,Pedro Porro,es ESP,DF,Tottenham,25-161,1999,23.1,63.9,52.3,11.3,1.6,0.17,0.48,6.15,8.18,1.56,0.09,1.3,0,46.8,0.26,2.34,Matches
399,Jarell Quansah,eng ENG,DF,Liverpool,22-023,2003,3.1,64.8,59.4,5.48,2.26,0,0.32,0.65,3.23,0,0,0,0,58.7,0,0.32,Matches
400,Hakon Rafn Valdimarsson,is ISL,GK,Brentford,23-131,2001,1.6,43.8,31.3,12.5,2.5,0,0,0,0,0,0,0,0,28.8,0,0,Matches
401,Aaron Ramsdale,eng ENG,GK,Southampton,26-283,1998,17,42.7,34.2,8.29,2.88,0,0.18,0,0,0,0,0,0,28.4,0.24,0,Matches
402,Jacob Ramsey,eng ENG,"FW,MF",Aston Villa,23-269,2001,11.9,34.4,34.2,0.08,0,0.17,0.17,0.5,0.08,0,0,0,0,29.4,0.08,0.76,Matches
403,Marcus Rashford,eng ENG,"FW,MF",Manchester Utd,27-113,1997,10.9,31.5,30.6,0.83,0.09,0.55,0.46,2.48,0.37,0.09,0.09,0,0,23.2,0,0.92,Matches
404,Marcus Rashford,eng ENG,FW,Aston Villa,27-113,1997,1.2,60.8,50.8,9.17,0.83,0.83,0,10.8,0.83,7.5,5,0,0,40.8,0.83,3.33,Matches
405,David Raya,es ESP,GK,Arsenal,29-159,1995,25,36.4,30,6.32,2.36,0,0.04,0,0,0,0,0,0,26.5,0.12,0,Matches
406,Harrison Reed,eng ENG,MF,Fulham,30-025,1995,0.8,56.3,48.8,6.25,3.75,0,0,6.25,0,1.25,0,1.25,0,40,1.25,3.75,Matches
407,Remy Rees-Dottin,eng ENG,FW,Bournemouth,18-352,2006,0,0,0,0,0,0,0,0,0,0,0,0,0,0,0,0,Matches
408,Sergio Reguilon,es ESP,DF,Tottenham,28-067,1996,1.4,75,62.9,11.4,0.71,0,0,7.14,9.29,1.43,0.71,0.71,0,52.1,0.71,2.86,Matches
409,Bobby Reid,jm JAM,"FW,MF",Leicester City,32-019,1993,5.8,26.4,25.5,0.86,0.17,0,0,1.72,0.52,0,0,0,0,18.8,0,1.72,Matches
410,Chadi Riad,ma MAR,DF,Crystal Palace,21-249,2003,1,82,82,0,0,0,1,0,0,0,0,0,0,70,0,2,Matches
411,Declan Rice,eng ENG,MF,Arsenal,26-038,1999,20.3,55.1,47.3,7.54,2.96,0.1,0.74,5.91,0.1,3.4,3.15,0.15,0,45.8,0.2,0.34,Matches
412,Chris Richards,us USA,DF,Crystal Palace,24-330,2000,11.9,44.2,42.6,1.43,1.01,0.08,0.17,0.08,0.42,0,0,0,0,35.6,0.17,0.67,Matches
413,Richarlison,br BRA,FW,Tottenham,27-287,1997,3.1,24.2,23.5,0.65,0.32,0,0.32,2.26,0,0,0,0,0,15.8,0,0.97,Matches
414,Andrew Robertson,sct SCO,DF,Liverpool,30-347,1994,21.1,71.3,60,11.1,1.9,0.19,0.24,5.64,6.64,2.61,1.75,0.52,0,59.5,0.19,1.14,Matches
415,Antonee Robinson,us USA,DF,Fulham,27-197,1997,25,61.4,52.3,8.96,0.48,0,0.08,4.96,8.48,0,0,0,0,47.1,0.16,1.36,Matches
416,Rodri,es ESP,MF,Manchester City,28-244,1996,0.7,87.1,85.7,1.43,1.43,0,0,0,0,0,0,0,0,81.4,0,0,Matches
417,Guido Rodriguez,ar ARG,MF,West Ham,30-315,1994,11.3,44.1,42.8,1.24,1.15,0.09,0.44,0.35,0.09,0,0,0,0,37.1,0,1.06,Matches
418,Mads Roerslev,dk DEN,DF,Brentford,25-242,1999,12.2,43.9,38.6,5.16,0.16,0,0.08,2.54,5,0,0,0,0,34.6,0.16,0.9,Matches
419,Morgan Rogers,eng ENG,"MF,FW",Aston Villa,22-210,2002,23.1,27.3,25.5,1.73,0.09,0.61,0.13,0.69,0.26,0,0,0,0,20,0.09,1.39,Matches
420,Cristian Romero,ar ARG,DF,Tottenham,26-300,1998,10.8,81.5,74.6,6.67,5.19,0.37,0.09,0.28,0.19,0,0,0,0,73.4,0.19,0.46,Matches
421,Georginio Rutter,fr FRA,"FW,MF",Brighton,22-307,2002,14.9,19.7,19.1,0.54,0,0.67,0,0.6,0,0,0,0,0,13.3,0.07,0.87,Matches
422,Jose Sa,pt POR,GK,Wolves,32-035,1993,18,32.3,24.4,7.94,2.5,0.06,0,0,0,0,0,0,0,19.9,0,0.06,Matches
423,Bukayo Saka,eng ENG,"FW,MF",Arsenal,23-169,2001,14.1,38.7,33.8,4.75,0.5,0.28,0.14,7.02,0.71,3.55,3.33,0,0.14,28.8,0.21,1.28,Matches
424,Mohamed Salah,eg EGY,FW,Liverpool,32-251,1992,25.5,33.4,32.5,0.67,0.2,0.43,0.08,1.92,0.47,0,0,0,0,23.5,0.24,1.53,Matches
425,William Saliba,fr FRA,DF,Arsenal,23-334,2001,22.3,71.6,70.1,1.3,1.08,0,0.4,0.04,0.09,0,0,0,0,67.2,0.13,0.13,Matches
426,Robert Sanchez,es ESP,GK,Chelsea,27-095,1997,21,40.8,35.8,4.76,2.33,0,0.24,0,0,0,0,0,0,29.9,0.24,0.05,Matches
427,Jadon Sancho,eng ENG,FW,Chelsea,24-333,2000,13.1,40.8,39.9,0.76,0.08,0.46,0,1.15,0.69,0,0,0,0,33.7,0.08,1.07,Matches
428,Ibrahim Sangare,ci CIV,MF,Nott'ham Forest,27-081,1997,2.8,49.3,46.8,2.5,2.5,0,0,0,0,0,0,0,0,38.2,0,2.14,Matches
429,Pablo Sarabia,es ESP,"MF,FW",Wolves,32-286,1992,5.2,40.4,32.7,6.15,2.12,0.77,0,4.42,0.77,2.31,2.12,0.19,0,26.2,1.54,1.73,Matches
430,Jeremy Sarmiento,ec ECU,MF,Brighton,22-250,2002,0.1,60,60,0,0,0,0,0,0,0,0,0,0,60,0,0,Matches
431,Ismaila Sarr,sn SEN,"MF,FW",Crystal Palace,26-362,1998,18.7,25.1,24.8,0.11,0,0.48,0,1.93,0.11,0,0,0,0,16.7,0.16,0.86,Matches
432,Savio,br BRA,"FW,MF",Manchester City,20-317,2004,14,44.1,42.4,1.71,0.21,0.36,0.43,4.64,0.36,1.07,0.64,0.14,0,35.5,0,1.64,Matches
433,Oliver Scarles,eng ENG,DF,West Ham,19-071,2005,1.8,51.1,43.9,6.67,0.56,0,0,2.78,6.11,0,0,0,0,37.8,0.56,0,Matches
434,Dane Scarlett,eng ENG,FW,Tottenham,20-334,2004,0.1,20,20,0,0,0,0,0,0,0,0,0,0,10,0,10,Matches
435,Kevin Schade,de GER,FW,Brentford,23-086,2001,13.8,20.9,19.1,1.74,0,0.07,0.07,1.45,1.52,0,0,0,0,12.4,0.07,1.01,Matches
436,Fabian Schar,ch SUI,DF,Newcastle Utd,33-063,1991,19.8,62.6,59.8,2.47,2.27,0.15,1.11,0.3,0.2,0,0,0,0,52.3,0.35,0.3,Matches
437,Jeffrey Schlupp,gh GHA,"MF,DF",Crystal Palace,32-060,1992,1.1,45.5,42.7,2.73,0,0,0,3.64,2.73,0,0,0,0,35.5,0,0,Matches
438,Alex Scott,eng ENG,MF,Bournemouth,21-184,2003,3.1,46.8,45.5,0.97,0.65,0.32,0.32,0,0,0,0,0,0,41.6,0.32,1.29,Matches
439,Matz Sels,be BEL,GK,Nott'ham Forest,32-361,1992,25,26.2,16.4,9.52,2.68,0,0,0,0,0,0,0,0,13.5,0.28,0,Matches
440,Nelson Semedo,pt POR,DF,Wolves,31-097,1993,19.9,41.3,35,6.08,0.4,0.05,0.15,1.76,5.68,0,0,0,0,33,0.2,1.06,Matches
441,Antoine Semenyo,gh GHA,FW,Bournemouth,25-045,2000,23.4,31.2,29.4,1.45,0.09,0.26,0.21,1.79,1.32,0.04,0,0,0,22.3,0.3,1.2,Matches
442,Marcos Senesi,ar ARG,DF,Bournemouth,27-287,1997,10.2,56.7,53.6,2.55,1.96,0,0.1,0.69,0.49,0,0,0,0,43.1,0.49,0.1,Matches
443,Ryan Sessegnon,eng ENG,"MF,FW",Fulham,24-279,2000,0.2,40,40,0,0,0,0,5,0,0,0,0,0,15,0,0,Matches
444,Luke Shaw,eng ENG,DF,Manchester Utd,29-224,1995,0.8,126.3,126.3,0,0,0,1.25,0,0,0,0,0,0,111.3,0,1.25,Matches
445,Zain Silcott-Duberry,ms MSR,FW,Bournemouth,19-227,2005,0,2,2,0,0,0,0,0,0,0,0,0,0,1,0,1,Matches
446,Bernardo Silva,pt POR,"MF,FW",Manchester City,30-195,1994,21.3,56.5,51.9,4.51,1.78,0.14,0.19,2.11,1.6,0.52,0.09,0,0,48.7,0.05,1.17,Matches
447,Jota Silva,pt POR,"FW,MF",Nott'ham Forest,25-204,1999,7.9,20.8,20.4,0.13,0,0.13,0.13,2.41,0,0.13,0,0,0,12.5,0.25,1.52,Matches
448,Eric da Silva Moreira,de GER,"MF,DF",Nott'ham Forest,18-294,2006,0.3,26.7,20,6.67,0,0,0,0,6.67,0,0,0,0,23.3,0,0,Matches
449,Jahmai Simpson-Pusey,eng ENG,DF,Manchester City,19-109,2005,1.1,104.5,100,4.55,2.73,0,0,0,0.91,0,0,0,0,97.3,0,0,Matches
450,Luis Sinisterra,co COL,"FW,MF",Bournemouth,25-249,1999,2.3,32.6,32.2,0,0,0,0.43,2.17,0,0,0,0,0,25.7,0.43,1.3,Matches
451,Oliver Skipp,eng ENG,MF,Leicester City,24-158,2000,8.5,40.7,40.1,0.47,0.35,0.24,0,0.24,0.12,0,0,0,0,34.5,0.12,1.06,Matches
452,William Smallbone,ie IRL,MF,Southampton,25-000,2000,4.2,47.1,38.1,8.81,1.67,0,0,5.24,0.95,3.81,1.9,1.19,0,35,0.24,1.43,Matches
453,Adam Smith,eng ENG,DF,Bournemouth,33-298,1991,11.5,35.4,28.4,6.96,0.35,0,0.17,1.57,6.61,0,0,0,0,27.1,0,0.7,Matches
454,Emile Smith Rowe,eng ENG,MF,Fulham,24-208,2000,16.8,45.4,43.9,1.37,0.24,0.12,0.12,0.65,0.06,0.06,0,0,0,40.8,0.12,0.95,Matches
455,Dominic Solanke,eng ENG,FW,Tottenham,27-160,1997,17.8,15.9,13.7,2.13,0,0.17,0.06,0.22,0.11,0,0,0,0,11.2,0.06,0.62,Matches
456,Carlos Soler,es ESP,"MF,FW",West Ham,28-050,1997,11.5,41.8,37.6,4.09,1.83,0.35,0.43,2.17,0.09,1.39,0.78,0.35,0,35.1,0.17,0.52,Matches
457,Ramon Sosa,py PAR,"FW,MF",Nott'ham Forest,25-174,1999,2.7,29.3,25.9,2.96,0.74,0,0.37,2.59,0.74,1.48,0.74,0.37,0,20,0.37,0.74,Matches
458,Tomas Soucek,cz CZE,MF,West Ham,29-360,1995,19.4,35.1,34.4,0.67,0.62,0,0.41,0.41,0.05,0,0,0,0,26.1,0.05,0.77,Matches
459,Boubakary Soumare,fr FRA,MF,Leicester City,25-360,1999,14.3,54.1,53.2,0.63,0.42,0.14,0.07,0.49,0.21,0,0,0,0,46.4,0.21,0.63,Matches
460,Djed Spence,eng ENG,DF,Tottenham,24-196,2000,8.6,64.7,56.2,8.26,1.4,0.23,0.23,1.63,6.86,0,0,0,0,55.7,0.23,1.51,Matches
461,Jay Stansfield,eng ENG,MF,Fulham,22-089,2002,0,0,0,0,0,0,0,0,0,0,0,0,0,0,0,0,Matches
462,Jason Steele,eng ENG,GK,Brighton,34-187,1990,2,56,52,4,3,0,0,0,0,0,0,0,0,50.5,0,0,Matches
463,Jack Stephens,eng ENG,DF,Southampton,31-025,1994,8.9,70,66.1,3.93,1.91,0,0.11,0,1.12,0,0,0,0,65.1,0,0.22,Matches
464,Raheem Sterling,eng ENG,"FW,MF",Arsenal,30-075,1994,3.2,38.1,37.5,0,0,0,0.31,2.19,0,0,0,0,0,29.4,0.63,0.94,Matches
465,Ross Stewart,sct SCO,"FW,MF",Southampton,28-225,1996,1.5,30,29.3,0.67,0.67,0,0,0,0,0,0,0,0,24,0,0.67,Matches
466,Jakub Stolarczyk,pl POL,GK,Leicester City,24-064,2000,6,37.3,28,9.33,3.83,0,0,0,0,0,0,0,0,25.3,0,0,Matches
467,John Stones,eng ENG,"DF,MF",Manchester City,30-269,1994,6.1,66.1,63.8,2.13,1.15,0,0.49,0,0,0,0,0,0,60.2,0.16,0.33,Matches
468,Jorgen Strand Larsen,no NOR,FW,Wolves,25-015,2000,20.4,14.4,13.9,0.49,0,0,0.05,0.2,0,0,0,0,0,8.92,0,0.54,Matches
469,Yukinari Sugawara,jp JPN,DF,Southampton,24-238,2000,13.5,54,46.6,7.33,1.11,0,0.44,4.52,5.56,0.67,0.3,0.37,0,43.4,0.07,1.41,Matches
470,Kamaldeen Sulemana,gh GHA,"FW,MF",Southampton,23-006,2002,4.3,30,29.3,0.47,0,0,0.23,1.86,0.47,0,0,0,0,23.7,0.23,0.7,Matches
471,Crysencio Summerville,nl NED,"FW,MF",West Ham,23-114,2001,8.7,29.2,27.7,1.49,0.23,0.34,0,2.41,0.23,0.92,0.69,0,0,22.3,0,1.49,Matches
472,Sammie Szmodics,ie IRL,"FW,MF",Ipswich Town,29-150,1995,10.9,17.7,16.8,0.92,0.09,0,0,1.19,0,0.55,0.55,0,0,13.1,0,1.1,Matches
473,Dominik Szoboszlai,hu HUN,MF,Liverpool,24-119,2000,19.2,49.5,45.3,4.17,0.78,0.21,0.63,1.51,1.25,0.57,0.42,0.1,0,41.8,0.05,0.89,Matches
474,Matt Targett,eng ENG,DF,Newcastle Utd,29-156,1995,0.1,70,70,0,0,0,0,0,0,0,0,0,0,70,0,0,Matches
475,James Tarkowski,eng ENG,DF,Everton,32-094,1992,24.9,39.6,37.2,2.13,1.49,0.04,0.48,0,0.04,0,0,0,0,32.1,0.28,0.44,Matches
476,Marcus Tavernier,eng ENG,"FW,MF",Bournemouth,25-336,1999,13.3,40.5,34,6.32,1.73,0.23,0.3,5.56,0.98,2.71,2.11,0.15,0,29.1,0.23,1.05,Matches
477,Charlie Taylor,eng ENG,DF,Southampton,31-156,1993,3,59,48.7,10,2.33,0,0,3,7,0.67,0.33,0.33,0,51.3,0.33,1,Matches
478,Jack Taylor,ie IRL,MF,Ipswich Town,26-243,1998,4.7,52.6,51.3,1.28,0.43,0.43,0.43,1.06,0,0.64,0.64,0,0,43.8,0,0.43,Matches
479,Mathys Tel,fr FRA,FW,Tottenham,19-300,2005,1,23,23,0,0,0,0,2,0,0,0,0,0,16,0,0,Matches
480,Kenny Tete,nl NED,DF,Fulham,29-135,1995,14,50.4,41.8,8.43,0.21,0.07,0.14,1.36,8.21,0,0,0,0,41.1,0.21,1.36,Matches
481,Thiago,br BRA,FW,Brentford,23-240,2001,1.5,26,25.3,0.67,0,0,0,0.67,0,0,0,0,0,18.7,0,0,Matches
482,Luke Thomas,eng ENG,DF,Leicester City,23-256,2001,2,54.5,45,9,1,0,0,1.5,7.5,0.5,0.5,0,0,42.5,0.5,1.5,Matches
483,Youri Tielemans,be BEL,MF,Aston Villa,27-290,1997,24.7,61.2,54.7,6.15,2.79,0.69,0.2,4.05,0.08,2.87,2.19,0.24,0.04,50.1,0.28,1.01,Matches
484,Kieran Tierney,sct SCO,"FW,DF",Arsenal,27-261,1997,0.2,35,35,0,0,0,0,5,0,0,0,0,0,25,0,0,Matches
485,Jurrien Timber,nl NED,DF,Arsenal,23-249,2001,20.5,48.7,41,7.56,0.73,0.1,0.05,0.98,6.83,0,0,0,0,41.3,0.15,0.78,Matches
486,Jean-Clair Todibo,fr FRA,DF,West Ham,25-053,1999,9.6,48.4,46.5,1.67,1.46,0,0.1,0.1,0.21,0,0,0,0,42.9,0.31,0.21,Matches
487,Harry Toffolo,eng ENG,DF,Nott'ham Forest,29-186,1995,0.5,68,46,22,0,0,0,6,20,2,2,0,0,50,0,4,Matches
488,Takehiro Tomiyasu,jp JPN,DF,Arsenal,26-108,1998,0.1,40,40,0,0,0,0,0,0,0,0,0,0,30,0,0,Matches
489,Sandro Tonali,it ITA,MF,Newcastle Utd,24-289,2000,17.2,51.1,49.4,1.51,0.87,0.41,0.23,1.4,0.23,0.41,0.29,0.06,0,42.4,0.23,0.87,Matches
490,Pau Torres,es ESP,DF,Aston Villa,28-036,1997,17.2,61.7,56.1,5.47,3.2,0.23,0.47,0.06,0.17,0,0,0,0,54.4,0.17,0.17,Matches
491,Conor Townsend,eng ENG,DF,Ipswich Town,31-354,1993,1.5,38,29.3,8,0,0.67,0,3.33,7.33,0.67,0.67,0,0,24.7,0.67,0,Matches
492,Adama Traore,es ESP,FW,Fulham,29-027,1996,13.6,31.3,31.2,0,0,0.22,0.15,5.51,0,0,0,0,0,22.3,0.07,0.88,Matches
493,Mark Travers,ie IRL,GK,Bournemouth,25-279,1999,5,28.4,19,9.4,1.6,0,0,0,0,0,0,0,0,20,0,0,Matches
494,Ryan Trevitt,eng ENG,MF,Brentford,21-346,2003,0,7,6,0,0,0,0,0,0,0,0,0,0,4,1,1,Matches
495,Kieran Trippier,eng ENG,DF,Newcastle Utd,34-155,1990,6.5,92.9,75.8,16.6,3.54,0.31,0.15,5.54,9.38,3.54,2.46,0.46,0.15,77.2,0.46,0.77,Matches
496,Leandro Trossard,be BEL,FW,Arsenal,30-079,1994,17.1,32,30.5,1.17,0.18,0.29,0.12,3.45,0.29,0.53,0.47,0,0,23.1,0.35,1.4,Matches
497,Kostas Tsimikas,gr GRE,DF,Liverpool,28-285,1996,4.1,74.9,60.5,14.4,1.46,0.24,0.24,6.83,7.56,5.37,4.39,0.73,0,63.9,0,0.98,Matches
498,Axel Tuanzebe,cd COD,DF,Ipswich Town,27-099,1997,11.3,41.5,33.8,7.7,1.77,0,0.09,0.35,5.93,0,0,0,0,35,0,0.62,Matches
499,Destiny Udogie,it ITA,DF,Tottenham,22-085,2002,15.9,54.6,46.3,8.24,1.45,0,0,1.07,6.79,0,0,0,0,47.9,0.06,1.7,Matches
500,Manuel Ugarte Ribeiro,uy URU,MF,Manchester Utd,23-316,2001,12,45.4,43.5,1.67,0.42,0.17,0.17,0.08,0.08,0,0,0,0,40.6,0.25,0.5,Matches
501,Lesley Ugochukwu,fr FRA,MF,Southampton,20-332,2004,8.8,42,41.4,0.68,0.68,0.11,0,0.57,0,0,0,0,0,35.9,0,1.14,Matches
502,Enes Unal,tr TUR,"FW,MF",Bournemouth,27-287,1997,3.8,26.1,25.3,0.53,0.26,0.26,0.26,1.05,0,0,0,0,0,16.6,0.26,1.58,Matches
503,Virgil van Dijk,nl NED,DF,Liverpool,33-228,1991,26,78,72.2,5.73,2.15,0.04,0.62,0.04,0.15,0,0,0,0,71.2,0.04,0.19,Matches
504,Jamie Vardy,eng ENG,FW,Leicester City,38-041,1987,20.7,12.4,10.9,1.3,0,0.05,0.05,0.34,0,0,0,0,0,8.26,0.24,0.48,Matches
505,Renato Veiga,pt POR,"DF,MF",Chelsea,21-207,2003,2,69.5,63.5,6,2.5,0,0,0,3.5,0,0,0,0,59,0,0.5,Matches
506,Joel Veltman,nl NED,DF,Brighton,33-037,1992,18.3,48.9,39.6,9.18,2.3,0.11,0.16,1.26,6.89,0,0,0,0,39.1,0.16,1.15,Matches
507,Micky van de Ven,nl NED,DF,Tottenham,23-308,2001,8.8,73.3,69.4,3.75,1.82,0,0.11,0,0.34,0,0,0,0,66.9,0.11,0.57,Matches
508,Bart Verbruggen,nl NED,GK,Brighton,22-187,2002,23,37.7,33.3,4.26,1.78,0,0,0,0,0,0,0,0,29.7,0.13,0.04,Matches
509,Jannik Vestergaard,dk DEN,DF,Leicester City,32-202,1992,14,62.5,58.1,4.36,1.57,0,0.07,0,0,0,0,0,0,56.6,0.07,0.21,Matches
510,Guglielmo Vicario,it ITA,GK,Tottenham,28-137,1996,13,37.5,33.5,4,0.85,0,0,0,0,0,0,0,0,34.4,0,0.08,Matches
511,Carlos Vinicius,br BRA,MF,Fulham,29-333,1995,0,1,1,0,0,0,0,0,0,0,0,0,0,0,0,0,Matches
512,Kyle Walker,eng ENG,DF,Manchester City,34-269,1990,10.8,76.5,67.3,9.17,1.67,0.19,0.65,1.3,7.5,0,0,0,0,67,0,0.74,Matches
513,Kyle Walker-Peters,eng ENG,DF,Southampton,27-314,1997,22.8,55.5,48.6,6.75,1.27,0.18,0,1.84,5.04,0.13,0,0,0,48.9,0.09,1.14,Matches
514,Christian Walton,eng ENG,GK,Ipswich Town,29-104,1995,6,37.7,26.5,11.2,2.83,0,0,0,0,0,0,0,0,25.3,0,0,Matches
515,Aaron Wan-Bissaka,eng ENG,DF,West Ham,27-087,1997,23,49.8,43.5,6.17,0.26,0.13,0.04,2.09,5.91,0,0,0,0,39.9,0.17,1.61,Matches
516,Danny Ward,wls WAL,GK,Leicester City,31-244,1993,1.5,35.3,30.7,4.67,0,0,0,0,0,0,0,0,0,27.3,0,0,Matches
517,James Ward-Prowse,eng ENG,MF,West Ham,30-112,1994,0.7,91.4,72.9,17.1,4.29,0,0,14.3,0,12.9,4.29,8.57,0,71.4,1.43,0,Matches
518,James Ward-Prowse,eng ENG,MF,Nott'ham Forest,30-112,1994,4.4,41.4,35.7,5.45,3.41,0,0.23,4.32,0,1.82,0.68,1.14,0,33,0.23,0.23,Matches
519,Ollie Watkins,eng ENG,FW,Aston Villa,29-053,1995,20.2,14.3,13.9,0.3,0,0,0,0.35,0,0,0,0,0,10.8,0.1,0.45,Matches
520,Adam Webster,eng ENG,DF,Brighton,30-048,1995,2.9,82.1,78.3,3.79,3.1,0,0,0.34,0,0,0,0,0,71.7,0,0.69,Matches
521,Danny Welbeck,eng ENG,FW,Brighton,34-087,1990,16,20.4,19.4,1,0.13,0,0,0.19,0.06,0,0,0,0,17,0,0.81,Matches
522,Welington,br BRA,DF,Southampton,24-002,2001,1.4,31.4,25.7,5.71,0.71,0,0,6.43,5,0,0,0,0,25,0,2.14,Matches
523,Timo Werner,de GER,"FW,MF",Tottenham,28-352,1996,5.6,41.6,39.1,2.14,0.36,0.36,0.36,5,1.43,0.36,0.18,0,0,27.7,0.36,2.68,Matches
524,Adam Wharton,eng ENG,MF,Crystal Palace,20-264,2004,7.4,54.7,51.6,2.84,1.08,0.27,0.14,2.3,0,1.76,1.08,0.14,0,42.8,0.27,0.95,Matches
525,Ben White,eng ENG,DF,Arsenal,27-136,1997,7.7,45.7,37.9,7.53,1.56,0.13,0.65,0.91,5.45,0,0,0,0,38.2,0.26,0.26,Matches
526,Mats Wieffer,nl NED,MF,Brighton,25-097,1999,5.2,64.2,63.1,1.15,0.77,0,0.19,0.19,0.38,0,0,0,0,55.4,0,1.73,Matches
527,Neco Williams,wls WAL,DF,Nott'ham Forest,23-314,2001,15.8,35.3,28.7,6.46,0.7,0.06,0,1.52,5.76,0,0,0,0,26.6,0.19,1.08,Matches
528,Willian,br BRA,MF,Fulham,36-196,1988,0,7,7,0,0,0,1,0,0,0,0,0,0,7,0,0,Matches
529,Joe Willock,eng ENG,"MF,FW",Newcastle Utd,25-185,1999,7.4,30.4,30,0.14,0,0,0.27,1.35,0.14,0,0,0,0,24.7,0.27,0.54,Matches
530,Callum Wilson,eng ENG,"FW,MF",Newcastle Utd,32-360,1992,0.9,11.1,6.67,3.33,0,0,0,0,0,0,0,0,0,8.89,1.11,1.11,Matches
531,Harry Wilson,wls WAL,"FW,MF",Fulham,27-336,1997,9.3,36,31.9,3.98,1.29,0.11,0.43,3.23,0.43,2.04,0.97,0.65,0,26.8,0.11,0.32,Matches
532,Harry Winks,eng ENG,MF,Leicester City,29-019,1996,16.2,58.9,55,3.7,2.16,0.25,0.12,1.98,0.25,0.99,0.68,0.19,0,51.3,0.19,0.62,Matches
533,Ben Winterburn,eng ENG,MF,Bournemouth,20-170,2004,0.1,20,20,0,0,0,0,0,0,0,0,0,0,10,0,0,Matches
534,Yoane Wissa,cd COD,FW,Brentford,28-171,1996,19.4,19.9,18.6,1.24,0.1,0.15,0,0.77,0.05,0.05,0,0,0,15.4,0.1,0.77,Matches
535,Chris Wood,nz NZL,FW,Nott'ham Forest,33-076,1991,22.3,15.4,15.2,0,0,0,0.04,0.04,0,0,0,0,0,10,0.18,0.22,Matches
536,Nathan Wood-Gordon,eng ENG,DF,Southampton,22-266,2002,6.9,56.7,55.2,1.3,0.43,0,0,0.43,0.14,0,0,0,0,52.6,0.14,0.14,Matches
537,Luke Woolfenden,eng ENG,DF,Ipswich Town,26-123,1998,8.7,42.1,40.6,1.26,0.92,0,0.23,0,0.11,0,0,0,0,37.1,0.23,0.11,Matches
538,Yehor Yarmoliuk,ua UKR,"MF,FW",Brentford,20-357,2004,7.1,48.6,47.9,0.56,0.28,0.42,0.42,1.55,0.28,0,0,0,0,40.3,0.14,0.99,Matches
539,Ryan Yates,eng ENG,MF,Nott'ham Forest,27-092,1997,16.2,35.8,32.8,2.78,1.11,0,0,0.19,0,0.06,0,0,0,29.9,0.19,0.86,Matches
540,Leny Yoro,fr FRA,DF,Manchester Utd,19-100,2005,6.1,57,55.7,1.15,0.82,0,0.16,0,0.33,0,0,0,0,52.8,0.16,0.49,Matches
541,Ashley Young,eng ENG,DF,Everton,39-227,1985,16.7,48.9,37.4,11.3,0.96,0.12,0.18,3.35,9.46,0.72,0.36,0.36,0,34.8,0.3,1.02,Matches
542,Illia Zabarnyi,ua UKR,DF,Bournemouth,22-173,2002,25,48.3,47.2,1,0.88,0.16,0.2,0.16,0,0,0,0,0,39.2,0.08,0.2,Matches
543,Oleksandr Zinchenko,ua UKR,"DF,MF",Arsenal,28-068,1996,2.7,77.4,65.6,11.5,2.96,0.37,1.11,1.85,8.15,0,0,0,0,62.6,0.37,0.74,Matches
544,Joshua Zirkzee,nl NED,"FW,MF",Manchester Utd,23-275,2001,10.8,26.9,26.4,0.46,0,0.28,0.19,0.37,0,0,0,0,0,19.4,0.09,1.2,Matches
545,Martin Odegaard,no NOR,MF,Arsenal,26-066,1998,15.3,55.1,50.8,3.73,1.18,0.98,0.07,3.14,0.46,1.18,0.98,0,0,45.8,0.52,0.98,Matches
