Rk,Player,Nation,Pos,Squad,Age,Born,90s,Touches,Def Pen,Def 3rd,Mid 3rd,Att 3rd,Att Pen,Live,Att,Succ,Succ%,Tkld,Tkld%,Carries,TotDist,PrgDist,PrgC,01-Mar,CPA,Mis,Dis,Rec,PrgR,Matches
1,Max Aarons,eng ENG,DF,Bournemouth,25-048,2000,1,73,2,19,40,15,0,73,2,0,0,1,50,41,152,68,1,0,0,1,0,40,3,Matches
2,Joshua Acheampong,eng ENG,DF,Chelsea,18-292,2006,1.8,68.9,3.89,23.9,41.7,3.33,1.67,68.9,1.11,0.56,50,0,0,53.3,361.1,209.4,0,1.11,0,1.11,0,55.6,0,Matches
3,Tyler Adams,us USA,MF,Bournemouth,26-007,1999,10.6,57.5,2.55,15,32.4,10.7,0.85,57.5,0.85,0.19,22.2,0.47,55.6,27.6,123.4,53.1,0.66,1.23,0.09,1.32,0.66,30.1,0.47,Matches
4,Tosin Adarabioyo,eng ENG,DF,Chelsea,27-150,1997,9.1,90.1,11.5,44.8,44,1.43,0.99,90.1,0.22,0.22,100,0,0,57.3,236.5,136.4,0.55,0.11,0,0.11,0,70.4,0.11,Matches
5,Simon Adingra,ci CIV,"FW,MF",Brighton,23-051,2002,6.7,45.8,0.75,7.46,14,25.1,5.37,45.8,4.63,1.94,41.9,2.69,58.1,30.6,201.8,93.6,3.28,2.09,1.64,3.88,0.9,31,11.3,Matches
6,Emmanuel Agbadou,ci CIV,DF,Wolves,27-249,1997,4.7,65.7,12.3,38.3,26,2.13,0,65.7,1.49,1.28,85.7,0.21,14.3,38.1,206.2,96.4,0.21,0.43,0,0.43,0.21,38.5,0,Matches
7,Asher Agbinone,eng ENG,MF,Crystal Palace,19-146,2005,0.1,80,0,0,20,60,0,80,20,0,0,10,50,50,530,230,20,0,0,0,10,50,10,Matches
8,Ola Aina,ng NGA,DF,Nott'ham Forest,28-136,1996,24.1,52.7,4.69,19.3,22,12.3,0.75,52.7,2.2,1.12,50.9,0.71,32.1,23,150.4,89,1.99,1.37,0.37,1.29,0.71,25.1,1.95,Matches
9,Rayan Ait-Nouri,dz ALG,DF,Wolves,23-260,2001,22.7,59.7,3.08,17,25.7,17.8,2.33,59.7,3.39,1.67,49.4,1.15,33.8,31.6,181,98,2.42,1.72,0.75,1.15,1.19,36.4,4.98,Matches
10,Kristoffer Ajer,no NOR,DF,Brentford,26-310,1998,9.8,52.1,3.57,18.5,24,10.2,2.35,52.1,1.22,0.51,41.7,0.61,50,27.7,160.4,93.6,2.04,0.71,0.1,1.22,1.12,34.2,2.55,Matches
11,Manuel Akanji,ch SUI,DF,Manchester City,29-217,1995,19,83.7,5.68,24.8,40.7,18.3,0.58,83.7,0.11,0.11,100,0,0,54.8,289.6,172.9,2,2.74,0,0.21,0.26,66.2,0.32,Matches
12,Nathan Ake,nl NED,DF,Manchester City,30-003,1995,6.7,77.5,7.01,27.8,41.3,8.51,0.6,77.5,0.15,0.15,100,0,0,51.3,285.4,188.5,1.64,1.64,0.15,0.3,0.45,57.2,0.3,Matches
13,Carlos Alcaraz,ar ARG,MF,Southampton,22-083,2002,0.1,170,0,10,80,90,20,170,20,0,0,20,100,120,1120,980,40,10,0,0,0,120,10,Matches
14,Carlos Alcaraz,ar ARG,MF,Everton,22-083,2002,1.1,42.7,1.82,11.8,17.3,14.5,1.82,42.7,1.82,0.91,50,0.91,50,25.5,122.7,80.9,2.73,3.64,0,0.91,0.91,30,5.45,Matches
15,Trent Alexander-Arnold,eng ENG,DF,Liverpool,26-137,1998,21,84.5,3.33,21.6,36.7,26.7,1.67,84.5,1.14,0.43,37.5,0.67,58.3,44.1,207.1,108.2,2.1,1.52,0.38,0.86,0.71,52.9,3.81,Matches
16,Alisson,br BRA,GK,Liverpool,32-142,1992,17.9,32,23,31.4,0.61,0,0,32,0.06,0.06,100,0,0,21,82.4,50.8,0,0,0,0,0,19.3,0,Matches
17,Miguel Almiron,py PAR,FW,Newcastle Utd,31-011,1994,1.7,47.6,0.59,5.88,20.6,21.2,5.29,47.6,1.18,0.59,50,0.59,50,31.8,167.1,54.7,1.76,1.76,1.18,0,1.18,34.7,10.6,Matches
18,Edson Alvarez,mx MEX,MF,West Ham,27-120,1997,14.7,61.3,3.74,18.9,33.5,9.32,0.61,61.3,1.63,0.75,45.8,0.61,37.5,34,186.9,85.3,1.09,0.95,0.14,1.29,0.75,40.7,1.09,Matches
19,Will Alves,eng ENG,FW,Leicester City,20-018,2005,0,1,0,0,0,1,0,1,0,0,,0,,1,5,5,0,0,0,0,0,1,1,Matches
20,Samuel Amo-Ameyaw,eng ENG,"FW,DF",Southampton,18-218,2006,0.3,53.3,0,16.7,16.7,23.3,3.33,53.3,13.3,0,0,10,75,36.7,326.7,226.7,3.33,0,3.33,0,6.67,36.7,10,Matches
21,Joachim Andersen,dk DEN,DF,Crystal Palace,28-266,1996,1,93,14,38,50,5,0,93,0,0,,0,,49,189,103,1,1,0,0,1,67,1,Matches
22,Joachim Andersen,dk DEN,DF,Fulham,28-266,1996,15.7,81.3,10.6,42,36.6,3.25,0.76,81.3,0.19,0.19,100,0,0,48.3,206.4,101,0.57,0.45,0.06,0.19,0.06,56.9,0.06,Matches
23,Elliot Anderson,eng ENG,MF,Nott'ham Forest,22-107,2002,18.2,59,3.24,14.3,26.7,19.1,2.64,59,3.02,1.54,50.9,1.15,38.2,30.2,167.9,81.2,1.76,1.37,0.71,2.2,1.26,34.6,3.35,Matches
24,Andre,br BRA,MF,Wolves,23-220,2001,15.6,52.6,4.29,15.9,32.2,4.87,0.06,52.6,0.96,0.45,46.7,0.32,33.3,27.2,114.3,52.4,0.32,0.64,0,0.9,0.71,34.3,0.32,Matches
25,Michail Antonio,jm JAM,FW,West Ham,34-330,1990,9.3,31.8,0.32,2.8,13.3,16.2,3.87,31.8,2.9,0.97,33.3,1.4,48.1,18.6,126.6,74.7,3.12,1.4,0.97,3.76,2.04,23.8,6.34,Matches
26,Antony,br BRA,"DF,MF",Manchester Utd,24-363,2000,1.6,63.1,1.25,13.8,16.3,33.8,5,63.1,6.88,2.5,36.4,3.75,54.5,37.5,198.1,113.8,3.13,3.75,0.63,3.13,0.63,43.1,4.38,Matches
27,Julian Araujo,mx MEX,DF,Bournemouth,23-192,2001,3.9,51.3,3.85,17.4,26.4,8.21,0.26,51.3,0,0,,0,,21.5,74.4,35.4,0.51,0,0,1.03,0.51,25.6,2.82,Matches
28,Cameron Archer,eng ENG,FW,Southampton,23-215,2001,11.7,24.2,0.94,4.1,10.4,9.91,3.76,24.1,2.22,0.94,42.3,1.2,53.8,13.7,70.3,31.5,1.28,0.43,1.03,2.31,1.62,16.5,4.02,Matches
29,Alphonse Areola,fr FRA,GK,West Ham,31-360,1993,13.1,42.9,35,42.5,0.38,0,0,42.9,0,0,,0,,23.8,98.9,52.9,0,0,0,0,0,22.1,0,Matches
30,Joe Aribo,ng NGA,MF,Southampton,28-215,1996,17.2,54.8,1.86,12.1,29,14.4,2.27,54.8,2.44,0.93,38.1,1.22,50,31,166,87,1.8,1.28,0.64,1.16,0.76,39.8,3.26,Matches
31,Adam Armstrong,eng ENG,"FW,MF",Southampton,28-011,1997,13.9,27.1,0.79,3.17,10.3,13.8,3.53,27.1,1.01,0.43,42.9,0.58,57.1,16.9,95.3,43.1,1.8,0.94,0.43,0.79,1.29,20.6,5.68,Matches
32,Harrison Armstrong,eng ENG,MF,Everton,18-033,2007,0.5,40,0,6,24,14,4,40,2,2,100,0,0,30,220,86,2,4,0,4,6,28,0,Matches
33,Kepa Arrizabalaga,es ESP,GK,Bournemouth,30-141,1994,18,34.1,26.4,33.7,0.44,0,0,34.1,0,0,,0,,19.7,99.1,55.7,0,0,0,0,0,14.4,0,Matches
34,Marco Asensio,es ESP,"MF,FW",Aston Villa,29-031,1996,1,58,0,3,19,36,6,58,2,2,100,0,0,40,209,95,3,5,1,1,0,40,3,Matches
35,Brandon Austin,eng ENG,GK,Tottenham,26-044,1999,1,36,30,36,0,0,0,36,0,0,,0,,22,104,46,0,0,0,0,0,16,0,Matches
36,Taiwo Awoniyi,ng NGA,FW,Nott'ham Forest,27-193,1997,2.9,40,1.03,3.79,17.6,19,6.9,40,1.72,0.69,40,1.03,60,21,96.6,47.2,1.72,1.38,0.69,5.52,3.45,25.9,4.48,Matches
37,Yasin Ayari,se SWE,MF,Brighton,21-138,2003,14.2,56.8,2.75,13,28.6,16.1,2.39,56.8,2.54,1.06,41.7,0.92,36.1,29.3,146,64.9,1.41,0.92,0.35,1.83,1.27,36.5,3.59,Matches
38,Jordan Ayew,gh GHA,"FW,MF",Crystal Palace,33-163,1991,0.2,60,0,0,35,25,5,60,0,0,,0,,30,125,60,0,0,0,0,5,45,5,Matches
39,Jordan Ayew,gh GHA,"FW,MF",Leicester City,33-163,1991,13.8,43.6,1.23,6.23,22.4,16.2,3.26,43.5,3.55,1.3,36.7,1.88,53.1,26.2,174,77.5,2.17,1.96,0.51,3.26,2.25,29.3,4.57,Matches
40,Benoit Badiashile,fr FRA,DF,Chelsea,23-332,2001,2.8,87.5,5.71,35.4,48.6,3.93,0,87.5,0.36,0,0,0.36,100,50,183.6,102.9,1.07,1.43,0,0.36,0,63.6,0.71,Matches
41,Leon Bailey,jm JAM,"FW,MF",Aston Villa,27-196,1997,11.5,42.8,1.22,5.91,12.3,25.4,5.39,42.8,4.61,1.65,35.8,2,43.4,27.6,203.5,104.3,4.43,1.91,2.43,2.61,2.09,30.8,9.3,Matches
42,Carlos Baleba,cm CMR,MF,Brighton,21-049,2004,17.8,54,2.7,12.4,31.8,11.5,0.39,54,2.08,1.12,54.1,0.84,40.5,29.7,173.8,87.1,1.57,1.35,0.11,1.4,1.35,31.9,0.96,Matches
43,Ross Barkley,eng ENG,MF,Aston Villa,31-078,1993,6.2,69.2,2.58,11,41.1,18.1,2.74,69.2,1.61,1.29,80,0.32,20,41,222.1,103.2,2.26,2.1,0.32,0.81,1.29,48.7,1.29,Matches
44,Harvey Barnes,eng ENG,FW,Newcastle Utd,27-074,1997,8.7,43,0.92,5.63,14.7,22.6,6.55,43,3.22,1.38,42.9,1.26,39.3,31.5,231.1,125.1,4.83,2.41,2.64,1.84,1.15,35.1,9.43,Matches
45,Calvin Bassey,ng NGA,DF,Fulham,25-052,1999,24,72.6,9.79,35.7,33.7,3.92,0.58,72.6,0.83,0.33,40,0.29,35,46.3,226.5,123.8,0.79,0.54,0.13,0.92,0.25,50.6,0.46,Matches
46,Jan Bednarek,pl POL,DF,Southampton,28-315,1996,20.8,80.2,14.1,41.8,37.1,1.73,0.63,80.2,0.14,0.14,100,0,0,40.8,147.7,70,0.19,0.24,0.05,0.43,0.14,52.1,0.05,Matches
47,Jean-Ricner Bellegarde,fr FRA,"MF,FW",Wolves,26-239,1998,11,41.1,1.55,7.55,17.4,17,2.64,41.1,3.55,0.64,17.9,1.82,51.3,25.8,163.7,72.9,2.36,1.73,0.64,1.73,1.36,28.2,4.91,Matches
48,Rodrigo Bentancur,uy URU,MF,Tottenham,27-241,1997,10.5,75,3.81,17.2,45.3,13,1.14,75,1.05,0.48,45.5,0.48,45.5,44.6,200,85,1.43,1.14,0.29,0.76,1.24,50.1,1.33,Matches
49,Sander Berge,no NOR,MF,Fulham,27-007,1998,14.6,57.1,4.04,15.9,33.4,8.15,0.62,57.1,0.68,0.34,50,0.27,40,31.8,161.7,68.9,0.96,0.82,0.14,0.21,0.62,34.5,0.07,Matches
50,Lucas Bergvall,se SWE,MF,Tottenham,19-019,2006,7.4,75.3,3.38,16.1,40.7,19.9,1.35,75.3,3.38,1.62,48,1.22,36,45.1,283.4,129.7,2.16,1.62,0.14,1.89,1.49,51.9,2.16,Matches
51,Victor Bernth Kristiansen,dk DEN,DF,Leicester City,22-067,2002,21.5,62.5,4.56,23.4,27.8,11.7,0.56,62.5,0.7,0.28,40,0.37,53.3,31.7,147.3,68,1.4,0.7,0.19,0.42,0.56,34.3,2.6,Matches
52,Beto,gw GNB,FW,Everton,27-021,1998,6.5,32.8,1.38,3.08,14,16.2,5.38,32.8,3.38,1.85,54.5,1.38,40.9,18.5,104.5,39.2,1.23,0.62,0.46,4.46,2.31,24.5,4.92,Matches
53,Philip Billing,dk DEN,MF,Bournemouth,28-255,1996,2,74,2.5,10,36,28.5,6,74,1.5,0.5,33.3,0,0,29,127,81.5,1.5,0.5,0.5,3.5,2,37.5,6.5,Matches
54,Yves Bissouma,ml MLI,MF,Tottenham,28-175,1996,11.7,68,4.53,18.9,38.5,11.1,0.34,68,1.54,0.51,33.3,1.03,66.7,40.1,244.3,113.8,1.28,1.45,0,1.71,0.77,46.2,0.26,Matches
55,Lamare Bogarde,nl NED,"DF,MF",Aston Villa,21-047,2004,3.9,61.3,2.31,14.1,38.2,9.23,0.77,61.3,1.03,0.51,50,0.26,25,34.4,193.3,114.6,2.56,1.54,0.26,1.28,1.79,40,2.05,Matches
56,Willy Boly,ci CIV,DF,Nott'ham Forest,34-018,1991,1.5,57.3,13.3,38.7,17.3,1.33,0.67,57.3,0,0,,0,,22,76.7,23.3,0,0,0,0.67,0,27.3,0,Matches
57,Sven Botman,nl NED,DF,Newcastle Utd,25-040,2000,2.5,62.4,9.6,25.2,35.6,2,2,62.4,1.2,0.4,33.3,0.4,33.3,32.8,140,68.4,0,0,0,0.4,0,40.4,0,Matches
58,Jarrod Bowen,eng ENG,"FW,MF",West Ham,28-063,1996,20.4,39.4,0.93,4.71,14.1,21.5,5.59,39.4,4.26,1.72,40.2,2.21,51.7,23.1,174.5,86.9,3.63,1.52,2.01,2.21,2.21,24.8,6.13,Matches
59,Conor Bradley,nir NIR,DF,Liverpool,21-227,2003,4.1,83.7,3.66,25.6,35.9,23.4,4.88,83.7,1.71,0.73,42.9,0.98,57.1,45.4,267.6,144.9,4.15,2.2,1.22,1.95,0.24,51.5,4.39,Matches
60,Jarrad Branthwaite,eng ENG,DF,Everton,22-239,2002,16.1,53.7,7.27,28.6,22.9,2.36,0.93,53.7,0.25,0.12,50,0.06,25,24.5,132,80.3,0.37,0.68,0.12,0.37,0.12,30.9,0.06,Matches
61,James Bree,eng ENG,DF,Southampton,27-133,1997,8.4,61.8,4.29,18.8,27.1,16.4,1.19,61.8,0.71,0.36,50,0.12,16.7,31.8,146,74.9,1.07,1.19,0,0.6,0.48,39.9,3.69,Matches
62,Ben Brereton,cl CHI,FW,Southampton,25-309,1999,5,41.2,0.8,3.8,15.2,22.4,4,41.2,0.8,0.2,25,0.4,50,27.2,158.2,78.8,2.4,2.6,0.8,1.8,0.8,34.2,8.4,Matches
63,Nathan Broadhead,wls WAL,"FW,MF",Ipswich Town,26-322,1998,4.2,41.7,1.43,6.67,20.5,16.4,3.1,41.7,5.48,3.1,56.5,2.14,39.1,21.9,176.7,92.6,2.86,2.14,0.48,1.9,1.9,28.8,4.52,Matches
64,Armando Broja,al ALB,FW,Everton,23-164,2001,1.8,36.1,1.67,5,10.6,22.8,6.11,36.1,6.11,2.78,45.5,2.78,45.5,17.8,223.9,112.2,4.44,2.78,1.67,3.89,3.89,25.6,8.33,Matches
65,David Brooks,wls WAL,FW,Bournemouth,27-228,1997,7.1,46.5,1.27,5.92,16.6,24.9,3.94,46.5,3.66,1.13,30.8,2.11,57.7,28.7,197.7,88.5,3.1,2.25,1.13,2.54,0.99,30.7,8.59,Matches
66,Emi Buendia,ar ARG,"MF,FW",Aston Villa,28-058,1996,1.1,74.5,0,15.5,31.8,28.2,2.73,74.5,1.82,0,0,1.82,100,48.2,168.2,108.2,2.73,4.55,0,3.64,2.73,58.2,5.45,Matches
67,Santiago Bueno,uy URU,DF,Wolves,26-104,1998,15.2,54.5,8.55,27.4,26.1,1.18,0.39,54.5,0.13,0,0,0.13,100,29.4,149.3,77.2,0.07,0.13,0,0.13,0.13,35.6,0.07,Matches
68,Facundo Buonanotte,ar ARG,"FW,MF",Leicester City,20-060,2004,12.8,51.5,1.56,7.89,25.9,18.6,2.19,51.5,5.16,1.72,33.3,3.13,60.6,28.5,174.5,81.9,2.58,1.72,0.55,3.05,2.27,31.3,4.22,Matches
69,Cameron Burgess,au AUS,DF,Ipswich Town,29-123,1995,10,61.8,13.6,36,22.2,3.6,1.9,61.8,0,0,,0,,30.7,145.4,75.6,0.2,0.3,0,0.2,0,37.2,0.3,Matches
70,Dan Burn,eng ENG,DF,Newcastle Utd,32-288,1992,24,62.6,11.1,36.6,23.2,2.88,1.33,62.6,0.08,0.08,100,0,0,37.1,162,65.9,0.13,0.08,0,0.38,0.08,42.9,0.25,Matches
71,Wes Burns,wls WAL,"FW,DF",Ipswich Town,30-090,1994,10.3,34,2.04,6.7,12.5,15.5,1.75,34,2.33,0.87,37.5,1.36,58.3,21,141.6,67.6,3.69,1.26,0.97,1.65,1.26,21.4,6.31,Matches
72,Moises Caicedo,ec ECU,MF,Chelsea,23-111,2001,24.3,72.1,2.51,15.4,44,13.3,0.41,72.1,1.44,0.58,40,0.53,37.1,41,185.6,89.7,1.11,0.86,0.08,0.99,0.66,51.2,1.11,Matches
73,Tom Cairney,sct SCO,MF,Fulham,34-032,1991,4.4,108.4,1.14,14.1,58.6,37.3,1.59,108.4,2.5,0.91,36.4,0.68,27.3,74.8,361.6,174.1,2.73,3.41,0.68,0.68,0.68,90.2,4.55,Matches
74,Jens Cajuste,se SWE,MF,Ipswich Town,25-195,1999,12.5,46.2,2.88,13.9,23.6,9.44,0.48,46.2,1.84,1.04,56.5,0.48,26.1,21,115.9,61.8,1.28,1.2,0.24,1.04,0.56,26.8,0.64,Matches
75,Riccardo Calafiori,it ITA,DF,Arsenal,22-278,2002,8.5,61.5,3.29,17.8,23.6,20.6,2.71,61.5,1.29,0.94,72.7,0.24,18.2,27.9,145.9,73.4,1.53,1.06,0.35,1.18,0.47,35.6,2.59,Matches
76,Dominic Calvert-Lewin,eng ENG,FW,Everton,27-342,1997,17.5,28.1,1.2,2.17,11.7,14.5,4.69,28.1,1.43,0.57,40,0.74,52,15.3,79.8,25.4,1.26,0.46,0.91,4.06,1.83,23,6,Matches
77,Diego Carlos,br BRA,DF,Aston Villa,31-343,1993,9.2,73.3,9.35,36,35.9,1.63,0.65,73.3,0.22,0.22,100,0,0,45.5,231.8,126.3,0.33,0.33,0,0.11,0.22,52.3,0,Matches
78,Fabio Carvalho,pt POR,"FW,MF",Brentford,22-175,2002,4.8,49.4,0.83,8.75,17.7,23.1,4.38,49.4,2.92,0.42,14.3,2.08,71.4,27.5,141.5,73.5,1.88,0.63,0,2.71,1.67,28.8,4.58,Matches
79,Casemiro,br BRA,MF,Manchester Utd,32-364,1992,10.3,77.5,5.15,21.1,40.7,16.1,2.91,77.5,0.49,0.29,60,0.19,40,41.3,129.1,59.8,0.29,0.68,0,0.78,0.87,51.5,2.14,Matches
80,Kaelan Casey,eng ENG,DF,West Ham,20-116,2004,0,1,1,1,0,0,0,1,0,0,,0,,0,0,0,0,0,0,0,0,0,0,Matches
81,Matty Cash,pl POL,DF,Aston Villa,27-198,1997,14.2,52.2,3.45,18.9,21.7,12.3,2.11,52.2,1.83,0.92,50,0.77,42.3,26.1,170.7,86.5,2.39,2.11,0.28,0.77,0.28,30.1,3.31,Matches
82,Timothy Castagne,be BEL,DF,Fulham,29-078,1995,11,67.5,5.09,26,27.9,13.8,1.91,67.5,0.64,0.36,57.1,0.09,14.3,34.4,139.7,71.2,1.18,0.55,0.09,0.55,0.45,41.1,3.64,Matches
83,Trevoh Chalobah,eng ENG,DF,Crystal Palace,25-231,1999,11.8,50.3,5.59,23.3,23.4,4.32,1.19,50.3,0.85,0.51,60,0.17,20,23.6,102.8,56,0.93,0.76,0.08,0.34,0.59,26.9,0.51,Matches
84,Trevoh Chalobah,eng ENG,DF,Chelsea,25-231,1999,3,90,6.67,40.3,44.3,6.67,1.33,90,0.33,0.33,100,0,0,48.3,191.7,87.7,0.67,0.67,0,0,0,69,0,Matches
85,Conor Chaplin,eng ENG,"MF,FW",Ipswich Town,28-005,1997,6.8,41.3,0.88,6.76,20.7,14.6,1.76,41.3,0.88,0.44,50,0.44,50,20.3,102.5,55.9,1.47,1.03,0,1.32,0.44,28.2,2.94,Matches
86,Federico Chiesa,it ITA,FW,Liverpool,27-119,1997,0.3,76.7,0,6.67,36.7,33.3,10,76.7,3.33,0,0,3.33,100,60,223.3,113.3,6.67,0,3.33,3.33,10,60,13.3,Matches
87,Ben Chilwell,eng ENG,DF,Crystal Palace,28-062,1996,0.3,110,10,36.7,36.7,36.7,3.33,110,6.67,0,0,3.33,50,43.3,283.3,216.7,0,0,0,0,0,56.7,13.3,Matches
88,Chiquinho,pt POR,MF,Wolves,25-016,2000,0.1,30,0,0,10,20,10,30,0,0,,0,,10,130,50,0,0,0,0,0,20,0,Matches
89,Hamza Choudhury,eng ENG,"MF,DF",Leicester City,27-143,1997,1.5,66.7,2.67,12.7,40.7,13.3,2,66.7,2.67,2,75,0.67,25,42,164,86.7,2.67,1.33,1.33,0.67,0,47.3,4,Matches
90,Ryan Christie,sct SCO,MF,Bournemouth,29-365,1995,20.4,57.9,3.28,11,32.5,15.4,1.91,57.9,2.01,0.88,43.9,0.98,48.8,30.6,158.1,73.5,1.37,1.72,0.25,1.91,1.03,33.1,1.96,Matches
91,Harry Clarke,eng ENG,DF,Ipswich Town,23-356,2001,4.2,63.8,4.29,23.8,29,11.2,0.48,63.8,0.48,0.24,50,0.24,50,28.1,132.1,52.9,1.19,1.67,0,0.95,0.48,38.8,0.48,Matches
92,Jack Clarke,eng ENG,"FW,MF",Ipswich Town,24-090,2000,7.1,42,0.99,9.86,18.3,15.2,2.54,42,3.8,2.54,66.7,0.85,22.2,23.9,174.9,84.8,2.25,1.41,0.56,2.11,1.55,26.2,4.08,Matches
93,Nathaniel Clyne,eng ENG,"DF,MF",Crystal Palace,33-322,1991,4.4,45.7,3.64,17.5,20.7,7.5,0.45,45.7,0.23,0,0,0.23,100,24.3,105.2,56.6,1.14,0.45,0.45,0.91,0.45,27.7,1.59,Matches
94,Conor Coady,eng ENG,DF,Leicester City,31-362,1993,8,62.9,10.5,33.4,28.4,1.13,0.38,62.9,0.13,0.13,100,0,0,43.5,164.8,84.6,0,0.25,0.13,0.5,0,46.9,0,Matches
95,Seamus Coleman,ie IRL,DF,Everton,36-133,1988,2.2,45.5,5,17.7,19.5,8.64,0.91,45.5,2.27,1.82,80,0.45,20,19.5,102.3,49.5,0.45,0.45,0,0.45,0.45,23.2,0.91,Matches
96,Nathan Collins,ie IRL,DF,Brentford,23-297,2001,25,66.5,10.5,35.3,26.4,5.12,2,66.5,0.36,0.2,55.6,0.12,33.3,35.4,190.8,111.4,0.8,0.32,0,0.4,0.28,41.2,0.64,Matches
97,Toby Collyer,eng ENG,MF,Manchester Utd,21-049,2004,1.4,60,2.14,18.6,28.6,12.9,0.71,60,0.71,0.71,100,0,0,32.9,130.7,34.3,0,0,0,4.29,0.71,37.9,1.43,Matches
98,Levi Colwill,eng ENG,DF,Chelsea,21-361,2003,23,86.6,10.7,39.7,43.6,3.48,0.83,86.6,0.26,0.13,50,0.13,50,50.6,235.3,135.7,0.39,0.39,0,0.39,0.22,63.7,0.26,Matches
99,Lewis Cook,eng ENG,"MF,DF",Bournemouth,28-018,1997,22.6,58.7,2.57,13.2,31.4,14.9,0.62,58.7,0.53,0.31,58.3,0.22,41.7,26.5,135.9,74.7,1.19,0.97,0.13,0.97,0.58,29.8,1.46,Matches
100,Maxwel Cornet,ci CIV,FW,Southampton,28-147,1996,0.8,42.5,1.25,10,17.5,16.3,2.5,42.5,1.25,0,0,1.25,100,20,91.3,32.5,1.25,0,1.25,3.75,0,28.8,6.25,Matches
101,Vladimir Coufal,cz CZE,DF,West Ham,32-183,1992,8.2,59,5.85,22.9,23.3,12.9,0.98,59,0.85,0.24,28.6,0.24,28.6,23.2,113.7,51.8,1.34,0.49,0.12,0.98,0.61,30.7,2.56,Matches
102,Woyo Coulibaly,fr FRA,DF,Leicester City,25-277,1999,0.7,61.4,7.14,28.6,30,5.71,1.43,61.4,1.43,0,0,1.43,100,37.1,287.1,202.9,5.71,2.86,1.43,4.29,0,22.9,1.43,Matches
103,Aaron Cresswell,eng ENG,DF,West Ham,35-068,1989,3.3,63.3,4.55,23,29.4,11.8,0.3,63.3,0,0,,0,,27,100,42.4,0.91,1.52,0,0.3,0,36.7,0.61,Matches
104,Marc Cucurella,es ESP,DF,Chelsea,26-214,1998,21,68.2,3.29,20,33.5,15,2.14,68.2,0.43,0.14,33.3,0.29,66.7,29.6,123.6,73,1.1,0.52,0.05,0.9,0.19,43.3,3.67,Matches
105,Jorge Cuenca,es ESP,DF,Fulham,25-096,1999,1,52,15,35,17,1,0,52,0,0,,0,,13,47,29,0,0,0,0,0,22,0,Matches
106,Matheus Cunha,br BRA,"MF,FW",Wolves,25-270,1999,21.8,52.9,0.92,7.06,24.1,23.7,4.59,52.8,4.91,2.11,43,2.29,46.7,29.9,233.8,116.7,4.04,3.07,1.38,2.84,1.61,34.7,5.78,Matches
107,Patson Daka,zm ZAM,"FW,MF",Leicester City,26-135,1998,3.5,30.6,1.71,4.29,13.1,14,4.29,30.6,1.43,0.29,20,0.57,40,16.3,74.9,30.6,0.86,1.14,0.29,1.14,2,18.9,4.86,Matches
108,Diogo Dalot,pt POR,DF,Manchester Utd,25-340,1999,23.6,64.7,3.94,21.7,26.1,17.4,1.95,64.7,1.31,0.59,45.2,0.64,48.4,36.1,156.9,84.9,1.82,1.31,0.42,1.14,0.47,38.9,5.08,Matches
109,Mikkel Damsgaard,dk DEN,"MF,FW",Brentford,24-233,2000,20.9,58.4,1.29,10.9,26.8,21.6,2.25,58.4,3.21,1.63,50.7,1.2,37.3,33.6,193,99.1,2.49,1.63,0.33,1.82,1.67,38.6,4.02,Matches
110,Danilo,br BRA,MF,Nott'ham Forest,23-298,2001,1.6,46.9,3.13,16.9,29.4,1.25,0,46.9,2.5,0.63,25,1.88,75,15.6,81.3,22.5,0.63,0,0,2.5,0,26.9,0,Matches
111,Jayden Danns,eng ENG,MF,Liverpool,19-036,2006,0.1,20,0,0,0,20,0,20,0,0,,0,,10,20,10,0,0,0,0,10,10,0,Matches
112,Kevin Danso,at AUT,DF,Tottenham,26-155,1998,0.9,77.8,7.78,27.8,45.6,4.44,2.22,77.8,0,0,,0,,57.8,297.8,117.8,1.11,0,0,0,0,58.9,0,Matches
113,Ben Davies,wls WAL,DF,Tottenham,31-303,1993,7,84.4,15,43.6,37,3.86,0.86,84.4,0,0,,0,,47.7,237.4,139,0.71,0.71,0,0.14,0,56.6,0.57,Matches
114,Leif Davis,eng ENG,DF,Ipswich Town,25-040,2000,23.5,50.6,4.17,18.3,16.2,16.8,1.49,50.6,1.45,0.47,32.4,0.72,50,22.8,124.2,66.5,1.66,0.89,0.43,1.32,0.43,26.3,4.21,Matches
115,Craig Dawson,eng ENG,DF,Wolves,34-291,1990,10.8,62.1,12,36.7,23.1,2.59,1.3,62.1,0.46,0.09,20,0.19,40,36.1,168.4,86.9,0.56,0.09,0,0.19,0,41,0.46,Matches
116,Kevin De Bruyne,be BEL,MF,Manchester City,33-238,1991,11.2,78,0.8,4.55,26.3,47.7,4.46,78,1.88,0.8,42.9,0.89,47.6,44.4,221.5,119.6,3.13,3.04,1.25,1.43,1.79,59.1,8.84,Matches
117,Liam Delap,eng ENG,FW,Ipswich Town,22-013,2003,20.5,22.1,0.98,2.54,9.41,10.7,3.12,22,2.98,1.37,45.9,1.32,44.3,14.6,112.4,53.8,2.15,1.56,1.02,3.71,2.24,17.5,3.66,Matches
118,Sepp van den Berg,nl NED,DF,Brentford,23-063,2001,19.5,55.7,10.3,28.3,21,6.56,1.49,55.7,0.36,0.21,57.1,0.15,42.9,23.4,110.9,55.8,0.31,0.46,0,0.56,0.26,30.9,1.18,Matches
119,Justin Devenny,nir NIR,MF,Crystal Palace,21-133,2003,3.5,50.9,1.14,9.43,25.1,17.7,1.43,50.9,1.14,0.57,50,0.57,50,22.9,120.3,56,0.86,1.14,0.29,2.57,0.57,31.1,2.57,Matches
120,Kiernan Dewsbury-Hall,eng ENG,MF,Chelsea,26-168,1998,1.8,60.6,1.11,9.44,32.8,18.3,2.78,60.6,1.67,0.56,33.3,1.11,66.7,31.7,177.2,86.1,2.22,0,0,0.56,1.67,48.3,4.44,Matches
121,Amad Diallo,ci CIV,"FW,MF",Manchester Utd,22-225,2002,17.7,57.2,0.73,8.47,21.1,28.5,6.16,57.2,4.07,2.03,50,1.81,44.4,37.1,253.2,129.6,5.2,2.6,2.94,1.98,1.81,40.3,8.98,Matches
122,Ruben Dias,pt POR,DF,Manchester City,27-283,1997,13.1,100.2,9.24,32.4,52.4,15.6,1.15,100.2,0.08,0,0,0.08,100,70.2,399.2,236.2,1.45,2.9,0.08,0.23,0.08,81.5,0.38,Matches
123,Luis Diaz,co COL,FW,Liverpool,28-039,1997,17.7,43.6,0.68,3.39,15.7,25.3,6.1,43.6,4.58,1.86,40.7,2.09,45.7,28.5,208.1,106.5,3.67,2.03,1.92,2.15,1.98,34,9.72,Matches
124,Tyler Dibling,eng ENG,"FW,MF",Southampton,18-346,2006,14.1,41.6,1.06,4.61,18.9,19,2.27,41.6,5.53,2.13,38.5,2.2,39.7,27.1,229.5,120.3,3.76,2.77,1.49,2.27,2.48,31.6,4.96,Matches
125,Lucas Digne,fr FRA,DF,Aston Villa,31-216,1993,21,61.6,3.76,21,18.7,22.4,1.14,61.6,0.81,0.43,52.9,0.33,41.2,29.1,128.5,57.4,0.9,0.62,0.14,0.67,0.67,33.9,5.76,Matches
126,Issa Diop,fr FRA,DF,Fulham,28-043,1997,11.9,61.8,8.99,33.6,26.7,1.51,0.92,61.8,0.08,0.08,100,0,0,37.1,168.2,85.7,0.34,0.17,0,0.59,0.08,42.8,0.08,Matches
127,Axel Disasi,fr FRA,DF,Aston Villa,26-347,1998,2,80.5,7.5,30.5,46.5,4,1.5,80.5,2,1.5,75,0.5,25,62,351.5,158,2.5,1,1,0,0.5,62.5,2,Matches
128,Axel Disasi,fr FRA,DF,Chelsea,26-347,1998,4,80.8,4.25,27.5,43.8,10,0.5,80.8,0.25,0.25,100,0,0,49,238.3,129.8,1.5,0.75,0,0.25,0.75,60.5,0.5,Matches
129,Roman Dixon,eng ENG,DF,Everton,20-057,2004,1,36,8,19,14,4,0,36,3,0,0,3,100,16,107,48,0,0,0,2,0,13,1,Matches
130,Matt Doherty,ie IRL,DF,Wolves,33-036,1992,13.9,64.6,5.32,25,30.4,9.78,1.51,64.6,0.94,0.5,53.8,0.29,30.8,33.7,151.2,85.1,1.22,0.65,0.22,0.65,0.22,40.4,2.3,Matches
131,Jeremy Doku,be BEL,"FW,MF",Manchester City,22-270,2002,8.9,61.6,0.34,3.15,13.6,46.2,8.76,61.6,10.2,5.17,50.5,3.15,30.8,46.6,428.4,271.5,11.9,5.84,5.51,3.48,3.71,50.8,16.5,Matches
132,Nicolas Dominguez,ar ARG,"MF,FW",Nott'ham Forest,26-238,1998,12.5,58.6,3.2,14.2,30.3,14.6,1.28,58.6,0.4,0.08,20,0.24,60,23.3,86.1,39.2,0.72,0.56,0.16,0.88,0.64,33,1.28,Matches
133,Patrick Dorgu,dk DEN,DF,Manchester Utd,20-118,2004,1,52,1,16,16,20,2,52,0,0,,0,,31,186,140,4,1,1,1,0,33,8,Matches
134,Alfie Dorrington,eng ENG,DF,Tottenham,19-307,2005,0.2,80,0,55,25,0,0,80,0,0,,0,,60,305,130,0,0,0,0,0,65,0,Matches
135,Abdoulaye Doucoure,ml MLI,MF,Everton,32-051,1993,19.7,41.6,1.32,8.93,19.2,14,1.68,41.6,1.27,0.71,56,0.56,44,21.9,109.5,51.1,1.47,0.91,0.15,1.22,1.27,27.3,3.25,Matches
136,Cheick Doucoure,ml MLI,MF,Crystal Palace,25-044,2000,5,52.6,2.2,11.2,33,9,0.8,52.6,1,0.4,40,0.4,40,26.6,116.2,56,0.4,1.4,0.2,0.8,1.4,32,1.4,Matches
137,Flynn Downes,eng ENG,MF,Southampton,26-032,1999,15.9,59.6,4.21,18.4,31.1,10.4,1.13,59.6,0.69,0.19,27.3,0.44,63.6,27.6,149.6,78.7,1.13,0.88,0.25,0.75,0.88,42.8,1.45,Matches
138,Tommy Doyle,eng ENG,MF,Wolves,23-127,2001,5.2,82.9,3.85,23.5,46,14,0.58,82.9,1.54,0.77,50,0.19,12.5,46.5,252.5,104.4,1.15,0.58,0,1.35,0.77,54.4,0.38,Matches
139,Radu Dragusin,ro ROU,DF,Tottenham,23-018,2002,13.9,69.1,10.6,36.7,30.9,2.16,0.86,69.1,0.14,0,0,0,0,44.8,240.9,119.9,0.5,0.22,0,0.58,0.14,48.1,0.14,Matches
140,Martin Dúbravka,sk SVK,GK,Newcastle Utd,36-037,1989,10,35,26.2,33.7,1.4,0,0,35,0,0,,0,,20.2,104.3,64.3,0,0,0,0,0,17.5,0,Matches
141,Lewis Dunk,eng ENG,DF,Brighton,33-092,1991,17.4,92,11.8,44.7,43,4.83,0.86,92,0.06,0,0,0.06,100,56.8,269.7,148,0.98,0.86,0,0.23,0.17,66.8,0.11,Matches
142,Jader Duran,co COL,FW,Aston Villa,21-070,2003,7.1,37,1.83,5.07,15.5,17.2,6.62,37,1.97,0.42,21.4,1.27,64.3,18.7,75.4,37.6,0.99,0.99,0.28,2.25,2.11,27,6.2,Matches
143,Ederson,br BRA,GK,Manchester City,31-188,1993,16,40.1,27.6,39.5,0.56,0,0,40.1,0,0,,0,,26.3,117.9,73.9,0,0,0,0.06,0,26.3,0,Matches
144,George Edmundson,eng ENG,DF,Ipswich Town,27-174,1997,0,3,1,3,0,0,0,3,0,0,,0,,1,2,0,0,0,0,0,0,1,0,Matches
145,Odsonne Edouard,fr FRA,"MF,FW",Crystal Palace,27-036,1998,1.3,34.6,0.77,3.08,17.7,13.8,6.15,34.6,0.77,0,0,0.77,100,17.7,82.3,38.5,1.54,0.77,1.54,3.08,0.77,20,5.38,Matches
146,Odsonne Edouard,fr FRA,FW,Leicester City,27-036,1998,0.3,66.7,3.33,6.67,23.3,36.7,20,66.7,6.67,3.33,50,3.33,50,36.7,83.3,6.67,0,0,3.33,23.3,6.67,43.3,6.67,Matches
147,Samuel Edozie,eng ENG,"DF,FW",Southampton,22-024,2003,0.7,61.4,0,0,10,51.4,14.3,61.4,5.71,2.86,50,2.86,50,48.6,480,281.4,8.57,2.86,5.71,5.71,0,55.7,32.9,Matches
148,Ronnie Edwards,eng ENG,DF,Southampton,21-330,2003,0.1,60,30,40,20,0,0,60,0,0,,0,,30,100,0,0,0,0,0,0,50,0,Matches
149,Anthony Elanga,se SWE,"FW,MF",Nott'ham Forest,22-300,2002,17.2,40.5,1.51,5.93,11.5,23.7,3.95,40.5,2.91,0.81,28,1.22,42,21.3,162.2,93,3.6,1.8,1.69,2.79,1.63,26.5,7.27,Matches
150,Harvey Elliott,eng ENG,"MF,FW",Liverpool,21-323,2003,0.9,122.2,1.11,12.2,41.1,68.9,5.56,122.2,2.22,0,0,2.22,100,70,341.1,171.1,3.33,2.22,2.22,1.11,1.11,86.7,8.89,Matches
151,Yunus Emre Konak,tr TUR,"MF,FW",Brentford,19-042,2006,0.2,115,0,25,50,40,0,115,5,0,0,5,100,45,255,170,5,0,5,10,15,65,5,Matches
152,Julio Enciso,py PAR,"MF,FW",Ipswich Town,21-029,2004,1.3,64.6,0.77,8.46,30.8,26.9,1.54,64.6,8.46,5.38,63.6,3.08,36.4,33.8,290.8,160,3.08,5.38,0.77,0.77,4.62,50,6.15,Matches
153,Julio Enciso,py PAR,"MF,FW",Brighton,21-029,2004,3.3,61.2,0.61,5.15,21.8,35.2,6.06,61.2,6.36,3.03,47.6,2.42,38.1,34.5,205.5,117,3.33,3.03,1.21,2.12,2.73,42.7,5.15,Matches
154,Wataru Endo,jp JPN,MF,Liverpool,32-012,1993,1.2,67.5,1.67,12.5,42.5,13.3,1.67,67.5,0.83,0.83,100,0,0,32.5,120.8,36.7,0,0,0.83,4.17,1.67,45,0.83,Matches
155,Christian Eriksen,dk DEN,MF,Manchester Utd,33-007,1992,7.1,71,2.39,14.5,36.8,20.3,1.27,71,0.14,0,0,0.14,100,39,135.5,51.5,0.7,0.85,0,0.42,0.42,46.5,2.68,Matches
156,Romain Esse,eng ENG,MF,Crystal Palace,19-284,2005,0.1,60,0,10,20,30,20,60,0,0,,0,,30,170,10,0,0,0,0,0,40,20,Matches
157,Pervis Estupinan,ec ECU,DF,Brighton,27-031,1998,15.7,72.5,2.99,17.7,36.2,19.4,1.21,72.5,1.34,0.64,47.6,0.64,47.6,38.9,192.7,105.2,2.48,1.85,0.45,1.34,1.27,44.5,4.84,Matches
158,Evanilson,br BRA,FW,Bournemouth,25-138,1999,15.2,22.1,0.86,1.51,8.62,12.1,5.2,22,1.25,0.39,31.6,0.46,36.8,13.6,71.5,33.1,1.25,0.66,0.72,1.84,1.18,16.1,4.01,Matches
159,Jonny Evans,nir NIR,DF,Manchester Utd,37-049,1988,3.2,69.7,9.38,39.1,28.4,3.44,0.63,69.7,0.31,0.31,100,0,0,40,155.6,57.2,0.31,0,0,0.31,0,42.8,0.63,Matches
160,Eberechi Eze,eng ENG,"MF,FW",Crystal Palace,26-237,1998,18.4,53.2,0.6,6.96,24.9,22.7,3.53,53.2,4.84,2.17,44.9,2.45,50.6,31.6,187.5,87.1,2.61,1.63,0.87,1.79,1.79,35.1,6.03,Matches
161,Lukasz Fabianski,pl POL,GK,West Ham,39-309,1985,11.9,41,32.1,40.6,0.42,0,0,41,0.17,0.17,100,0,0,21.7,115.2,71,0,0,0,0,0,19.1,0,Matches
162,Wout Faes,be BEL,DF,Leicester City,26-324,1998,19.3,60.3,10.3,29.1,29.1,2.38,0.93,60.3,0.21,0.16,75,0.05,25,34.6,161.9,96.2,0.41,0.41,0.05,0.57,0.16,39.4,0.05,Matches
163,Abdul Fatawu Issahaku,gh GHA,FW,Leicester City,20-350,2004,6.4,50.9,2.97,11.4,17.8,24.5,4.06,50.9,10.8,4.53,42,4.38,40.6,33.9,292,164.8,6.56,3.75,2.34,2.81,1.88,33.8,9.38,Matches
164,Joao Felix,pt POR,"FW,MF",Chelsea,25-103,1999,4.1,66.1,0.49,6.34,31.2,30.2,7.07,66.1,7.56,2.44,32.3,3.41,45.2,46.8,302.4,173.2,5.12,3.17,1.22,1.46,0.98,52.9,7.07,Matches
165,Evan Ferguson,ie IRL,FW,West Ham,20-125,2004,0.5,32,0,0,6,26,8,32,6,4,66.7,2,33.3,20,124,46,2,0,2,2,4,24,4,Matches
166,Evan Ferguson,ie IRL,FW,Brighton,20-125,2004,2.7,32.6,2.59,4.81,18.5,9.63,3.33,32.6,0.74,0.37,50,0.37,50,15.6,67.8,20.7,0.74,0.37,0.74,1.85,2.22,19.3,3.33,Matches
167,Bruno Fernandes,pt POR,MF,Manchester Utd,30-166,1994,22.4,76.5,1.7,11.5,36.6,29.2,2.72,76.3,1.88,0.71,38.1,0.94,50,44.6,210.2,111.2,2.32,1.83,0.36,1.29,1.12,55,4.55,Matches
168,Mateus Fernandes,pt POR,MF,Southampton,20-226,2004,20.3,55.9,2.22,11.9,27,18.1,1.87,55.9,3.79,1.72,45.5,1.72,45.5,27.9,180.9,97.5,2.76,2.17,0.39,1.63,1.08,34.3,3.3,Matches
169,Enzo Fernandez,ar ARG,MF,Chelsea,24-035,2001,19.8,72.9,1.16,11.8,37.6,23.8,2.47,72.9,1.52,0.81,53.3,0.45,30,38.9,163.1,75.7,1.36,1.36,0.15,0.86,1.06,53.3,3.43,Matches
170,Mark Flekken,nl NED,GK,Brentford,31-253,1993,23.4,52.3,40.9,50.8,1.67,0,0,52.3,0.04,0.04,100,0,0,32.4,161.5,89.1,0,0,0,0.09,0,29.9,0,Matches
171,Phil Foden,eng ENG,"MF,FW",Manchester City,24-269,2000,16,58.9,0.75,4.31,20.5,34.6,4.44,58.9,2.06,0.69,33.3,1.06,51.5,36.6,190.3,92.8,2.56,1.5,0.75,1.88,1.5,45.8,6.44,Matches
172,Wesley Fofana,fr FRA,DF,Chelsea,24-066,2000,11.3,72.7,6.73,30.2,39.9,3.81,0.8,72.7,1.15,0.62,53.8,0.27,23.1,44.4,237.3,119.7,1.24,0.88,0.09,1.33,0.35,51.4,0.35,Matches
173,Carlos Forbs,pt POR,"MF,FW",Wolves,20-339,2004,2.6,45,1.15,7.69,14.6,23.1,5,45,4.62,2.69,58.3,1.92,41.7,27.7,167.3,114.2,3.46,1.15,3.08,2.69,1.54,31.5,10.8,Matches
174,Fraser Forster,eng ENG,GK,Tottenham,36-341,1988,7,32.6,30.3,32.6,0,0,0,32.6,0.14,0.14,100,0,0,16.1,71.6,37.7,0,0,0,0.14,0,13.4,0,Matches
175,Ryan Fraser,sct SCO,"FW,DF",Southampton,30-363,1994,3.4,38.5,3.53,13.2,14.7,10.9,0.88,38.5,0.88,0.59,66.7,0.29,33.3,21.8,144.7,74.1,2.94,1.47,0.59,1.18,0.59,27.6,5.29,Matches
176,Niclas Fullkrug,de GER,FW,West Ham,32-012,1993,4.1,27.1,1.71,1.95,14.6,10.5,4.88,27.1,0.73,0,0,0.73,100,9.76,35.6,18,0.73,0.49,0.49,2.44,0.49,19,1.95,Matches
177,Cody Gakpo,nl NED,FW,Liverpool,25-290,1999,15.2,42.5,1.18,4.01,12.2,27.2,4.87,42.5,2.76,1.64,59.5,0.86,31,28.7,199.1,99,2.5,1.51,1.12,2.04,0.92,32.2,13.6,Matches
178,Idrissa Gana Gueye,sn SEN,MF,Everton,35-148,1989,21.4,52.8,2.2,12.9,30,10,0.65,52.8,1.17,0.56,48,0.56,48,24.7,115.6,49.1,0.75,0.79,0.14,0.98,1.26,30.6,0.75,Matches
179,Andres Garcia,es ESP,DF,Aston Villa,22-014,2003,2.2,75.5,2.27,12.3,30,33.6,0.45,75.5,5,1.82,36.4,2.73,54.5,47.7,377.3,212.3,8.64,4.55,0.45,2.73,1.36,49.1,7.27,Matches
180,Alejandro Garnacho,ar ARG,"FW,MF",Manchester Utd,20-235,2004,15.7,46.7,0.57,5.54,15.3,26.6,7.13,46.7,3.69,0.96,25.9,2.42,65.5,32.9,238,113.6,5.16,2.55,2.87,2.68,2.1,35.2,12.2,Matches
181,James Garner,eng ENG,"MF,DF",Everton,23-345,2001,5.8,50.3,3.1,14.5,25.2,11.4,1.03,50.3,1.03,0.52,50,0.52,50,22.1,83.4,26.6,0.34,0.69,0,1.38,0.52,23.4,1.38,Matches
182,Tyrique George,eng ENG,FW,Chelsea,19-017,2006,0.4,57.5,0,17.5,17.5,25,5,57.5,5,5,100,0,0,37.5,315,167.5,7.5,0,2.5,2.5,0,45,17.5,Matches
183,Morgan Gibbs-White,eng ENG,MF,Nott'ham Forest,25-025,2000,18.4,55.2,1.14,7.12,27.2,21.9,3.53,55.2,3.1,1.3,42.1,1.41,45.6,32,179.7,93.4,2.66,1.74,0.49,2.39,1.47,42.2,4.46,Matches
184,Billy Gilmour,sct SCO,MF,Brighton,23-255,2001,1.1,66.4,1.82,12.7,41.8,11.8,0,66.4,1.82,0.91,50,0.91,50,40,190.9,106.4,1.82,0,0,0,0,52.7,1.82,Matches
185,Ben Godfrey,eng ENG,DF,Ipswich Town,27-037,1998,0.7,70,2.86,27.1,34.3,8.57,1.43,70,0,0,,0,,41.4,242.9,75.7,1.43,2.86,0,2.86,1.43,48.6,0,Matches
186,Martial Godo,eng ENG,FW,Fulham,21-344,2003,0.2,55,0,5,20,30,15,55,10,0,0,10,100,40,240,90,0,0,0,0,0,30,15,Matches
187,Joao Gomes,br BRA,MF,Wolves,24-009,2001,21.5,58,2.28,13.6,31.8,13.2,0.98,58,1.49,0.7,46.9,0.56,37.5,29.8,176.7,86.3,1.67,1.44,0.19,1.07,1.53,37.6,2.19,Matches
188,Rodrigo Gomes,pt POR,"DF,FW",Wolves,21-229,2003,6.3,47.1,3.49,11.1,16.7,19.8,3.49,47.1,1.75,0.48,27.3,0.95,54.5,23.3,155.9,93,2.7,1.75,1.11,2.22,0.95,27.5,9.05,Matches
189,Toti Gomes,pt POR,DF,Wolves,26-036,1999,16,64.7,8.88,32.9,29.3,3.44,0.56,64.7,1.06,0.75,70.6,0.19,17.6,35.8,181.5,97.1,0.63,0.69,0,0.81,0.56,42.1,0.44,Matches
190,Diego Gómez,py PAR,MF,Brighton,21-331,2003,0.7,88.6,4.29,17.1,52.9,18.6,0,88.6,1.43,1.43,100,0,0,54.3,175.7,42.9,0,0,0,1.43,1.43,51.4,0,Matches
191,Joe Gomez,eng ENG,DF,Liverpool,27-274,1997,5.8,82.9,9.31,31.6,45.5,6.38,0.86,82.9,0,0,,0,,52.2,282.4,163.3,0.86,0.34,0.17,0.17,0.34,57.8,0.34,Matches
192,Nicolas Gonzalez,es ESP,MF,Manchester City,23-049,2002,1,112,2,20,74,19,0,112,0,0,,0,,65,224,89,1,2,0,3,0,93,3,Matches
193,Anthony Gordon,eng ENG,FW,Newcastle Utd,23-363,2001,21.4,47,0.7,4.86,17.3,25.6,5.28,46.9,4.02,1.54,38.4,1.73,43,30.8,227.4,123.5,4.58,2.38,2.34,1.26,1.36,33.4,8.36,Matches
194,Ryan Gravenberch,nl NED,MF,Liverpool,22-281,2002,24.7,66.8,3.32,13.8,39.4,14.5,0.73,66.8,1.98,0.97,49,0.69,34.7,40.3,212.7,110.5,2.02,2.19,0.24,1.38,0.61,47.7,1.58,Matches
195,Archie Gray,eng ENG,DF,Tottenham,18-346,2006,10.8,75.7,9.91,37.7,34.3,4.63,0.09,75.7,0.65,0.37,57.1,0.19,28.6,51.9,230.8,95.3,0.28,0.46,0,0.28,0.65,56.3,0.65,Matches
196,Jack Grealish,eng ENG,"FW,MF",Manchester City,29-164,1995,6.8,64.4,1.76,5,19.4,40.6,9.56,64.4,3.68,1.91,52,1.18,32,47.5,376.5,234,9.71,2.65,6.62,1.18,1.76,52.6,16.3,Matches
197,Jacob Greaves,eng ENG,DF,Ipswich Town,24-162,2000,15,56.1,12.6,32.1,21.7,2.4,0.87,56.1,0.13,0.07,50,0.07,50,25.4,96.1,36.7,0.13,0.07,0,0.4,0.13,34.9,0.27,Matches
198,Brajan Gruda,de GER,"FW,MF",Brighton,20-266,2004,4.1,46.8,0.98,6.34,15.6,25.1,5.37,46.8,4.15,1.46,35.3,1.71,41.2,28,197.1,97.3,3.41,3.9,1.95,1.46,3.9,30.5,9.51,Matches
199,Albert Gronbaek,dk DEN,MF,Southampton,23-274,2001,0.8,27.5,0,3.75,10,13.8,2.5,27.5,2.5,0,0,2.5,100,13.8,42.5,8.75,1.25,0,1.25,2.5,1.25,15,1.25,Matches
200,Gonçalo Guedes,pt POR,"MF,FW",Wolves,28-084,1996,8.2,42.7,0.49,4.76,18.8,20.6,3.05,42.7,2.44,0.61,25,1.34,55,25.4,187.6,92.9,3.41,2.07,0.49,4.02,1.59,28.4,6.59,Matches
201,Marc Guehi,eng ENG,DF,Crystal Palace,24-223,2000,24,64.6,10.3,34.1,27,3.92,0.96,64.6,0.54,0.46,84.6,0.08,15.4,34.4,173.5,89.4,0.5,0.54,0.04,0.54,0.42,40.2,0.29,Matches
202,Luis Guilherme,br BRA,"MF,FW",West Ham,19-012,2006,0.6,73.3,5,20,18.3,35,3.33,73.3,6.67,0,0,3.33,50,31.7,253.3,121.7,1.67,3.33,1.67,1.67,0,43.3,10,Matches
203,Bruno Guimaraes,br BRA,MF,Newcastle Utd,27-097,1997,24,61.5,2.38,13.7,32,16.5,1.63,61.5,2.42,1,41.4,0.75,31,41.4,227.2,96.5,1.33,1.17,0.21,1.54,2.63,46.1,2.42,Matches
204,Marc Guiu,es ESP,FW,Chelsea,19-048,2006,0.8,27.5,0,2.5,10,15,3.75,27.5,1.25,0,0,1.25,100,15,37.5,10,0,0,0,2.5,0,15,3.75,Matches
205,Ilkay Gundogan,de GER,MF,Manchester City,34-120,1990,15.9,80,2.01,12.6,38.6,29.9,2.7,80,1.51,0.82,54.2,0.38,25,47.5,267.7,125.3,2.39,2.45,0.44,1.13,0.94,63.5,3.71,Matches
206,Malo Gusto,fr FRA,DF,Chelsea,21-278,2003,15.2,78,2.43,19.1,37.8,21.6,2.24,78,0.66,0.2,30,0.46,70,42,206.4,104.3,2.24,1.84,0.2,0.53,0.72,52.1,4.41,Matches
207,Josko Gvardiol,hr CRO,DF,Manchester City,23-029,2002,23.4,84.3,3.55,19.8,38.3,26.9,3.12,84.3,1.41,0.85,60.6,0.47,33.3,53.4,276.1,153.8,2.44,3.16,0.51,0.73,0.56,61.5,3.72,Matches
208,Erling Haaland,no NOR,FW,Manchester City,24-215,2000,24.6,20.9,0.81,1.38,6.71,12.9,6.42,20.8,1.1,0.41,37,0.61,55.6,9.88,49.1,18,0.69,0.53,0.69,1.5,0.81,15.8,3.98,Matches
209,Lewis Hall,eng ENG,DF,Newcastle Utd,20-166,2004,22.3,74.9,3.68,25.7,32.6,17.4,2.02,74.9,0.72,0.36,50,0.27,37.5,40.2,184.6,99.8,1.66,0.99,0.49,1.35,0.81,45.6,3.23,Matches
210,Ali Al Hamadi,iq IRQ,FW,Ipswich Town,22-357,2002,1.5,35.3,1.33,4,13.3,20,6,35.3,4.67,2.67,57.1,2,42.9,19.3,124.7,74,2.67,2,2.67,4.67,2.67,24,9.33,Matches
211,Marcus Harness,eng ENG,MF,Ipswich Town,28-363,1996,0.5,44,8,14,4,26,6,44,2,0,0,2,100,18,98,28,0,0,0,0,0,18,2,Matches
212,Jack Harrison,eng ENG,FW,Everton,28-093,1996,12.8,40.5,1.48,7.42,14.3,19.1,3.36,40.5,4.06,1.25,30.8,2.34,57.7,23.5,122.5,60.7,2.27,1.09,0.78,2.66,2.34,27.3,5.39,Matches
213,Taylor Harwood-Bellis,eng ENG,DF,Southampton,23-022,2002,21.1,84.1,11.4,39.3,39,6.21,1.33,84.1,0.14,0.14,100,0,0,47.5,211.7,122.1,0.9,1.09,0,0.47,0.24,61.5,0.33,Matches
214,Kai Havertz,de GER,"FW,MF",Arsenal,25-255,1999,20.4,37.6,1.52,4.31,13.8,19.8,5.05,37.6,1.86,0.44,23.7,1.18,63.2,20.1,95.9,45.2,1.67,1.13,0.88,2.06,1.08,28.2,5.39,Matches
215,Jan Paul van Hecke,nl NED,DF,Brighton,24-258,2000,21.9,81.8,8.13,34.7,42.1,5.66,0.96,81.8,0.37,0.14,37.5,0.18,50,55.3,339.8,231.8,1.78,1.69,0,0.41,0.23,58.4,0.23,Matches
216,Hwang Hee-chan,kr KOR,"MF,FW",Wolves,29-026,1996,6.9,35.9,1.3,5.65,13.8,16.8,3.19,35.9,1.59,0.14,9.1,1.45,90.9,20.4,129.4,60,2.03,0.72,1.01,1.74,1.01,23.3,5.51,Matches
217,Dean Henderson,eng ENG,GK,Crystal Palace,27-346,1997,25,34.9,28.1,34.8,0.08,0.04,0.04,34.9,0,0,,0,,20.1,120,53.6,0,0,0,0.08,0,15.6,0,Matches
218,Rico Henry,eng ENG,DF,Brentford,27-228,1997,0,6,0,4,1,1,0,6,0,0,,0,,2,5,0,0,0,0,0,0,2,1,Matches
219,Mads Hermansen,dk DEN,GK,Leicester City,24-225,2000,17.5,42.2,31.1,40.5,1.83,0,0,42.2,0.06,0.06,100,0,0,27,132.7,69.3,0,0,0,0,0,22.1,0,Matches
220,Son Heung-min,kr KOR,FW,Tottenham,32-228,1992,18.6,48.8,0.65,4.78,15.4,29,5.11,48.7,3.55,1.45,40.9,1.72,48.5,32.1,194.2,100,3.82,2.15,1.67,1.24,1.18,37.5,11.2,Matches
221,James Hill,eng ENG,"DF,MF",Bournemouth,23-042,2002,2,58,3.5,14.5,30,13.5,0,58,1,0.5,50,0.5,50,26.5,70,37.5,0,1,0,1,0,29.5,2.5,Matches
222,Jack Hinshelwood,eng ENG,"MF,DF",Brighton,19-316,2005,10.8,61,2.87,18.1,29.4,14,1.2,61,0.65,0.09,14.3,0.56,85.7,29.1,123.6,61.4,0.93,0.65,0.09,1.11,0.09,39.5,2.59,Matches
223,George Hirst,eng ENG,FW,Ipswich Town,26-006,1999,2.6,32.3,1.92,5.38,10,17.3,4.62,32.3,0.38,0,0,0.38,100,17.3,84.6,25.4,1.15,0.38,1.15,5,2.69,27.3,6.54,Matches
224,Mason Holgate,eng ENG,"FW,DF",Everton,28-122,1996,0.1,30,0,0,20,10,0,30,0,0,,0,,10,0,0,0,0,0,10,0,10,0,Matches
225,Callum Hudson-Odoi,eng ENG,"FW,MF",Nott'ham Forest,24-106,2000,17.2,43.6,0.58,4.42,13.8,26.4,3.08,43.6,2.67,1.57,58.7,0.76,28.3,27.4,223.4,146.1,5.52,2.67,1.86,1.92,1.1,33.5,8.14,Matches
226,Will Hughes,eng ENG,MF,Crystal Palace,29-310,1995,16.6,53,1.75,11.4,28,14.2,0.72,53,0.6,0.18,30,0.3,50,24.2,129.9,58.9,1.02,1.14,0.06,0.96,1.27,30.4,1.45,Matches
227,Dean Huijsen,es ESP,DF,Bournemouth,19-313,2005,14.8,70,9.32,33,33.5,4.05,1.28,70,0.27,0.14,50,0.14,50,38.5,224.7,141.5,1.55,0.61,0,0.61,0,42.5,0.2,Matches
228,Omari Hutchinson,eng ENG,"MF,FW",Ipswich Town,21-114,2003,21.7,41.6,0.55,7.1,17.5,17.8,3,41.6,4.79,1.94,40.4,2.21,46.2,25.2,192.9,90.8,2.76,1.43,1.2,2.76,2.26,29.1,4.88,Matches
229,Rasmus Hojlund,dk DEN,FW,Manchester Utd,22-017,2003,13.3,24.1,0.3,1.28,12,11.1,2.86,24.1,1.65,0.45,27.3,1.05,63.6,14.9,73.5,30.7,1.43,0.75,0.68,3.61,1.43,19.2,4.59,Matches
230,Igor,br BRA,DF,Brighton,27-014,1998,10,76.4,10.9,37.7,35.3,3.8,0.1,76.4,0.4,0.3,75,0.1,25,49.7,283.7,178.2,0.9,1.4,0,0.1,0,56.8,0,Matches
231,Danny Ings,eng ENG,"FW,MF",West Ham,32-213,1992,3.1,43.5,0.65,4.84,16.1,22.6,8.39,43.5,2.26,1.29,57.1,0.65,28.6,19.4,103.9,37.4,1.94,0,0.65,1.61,1.94,30,8.39,Matches
232,Tim Iroegbunam,eng ENG,MF,Everton,21-236,2003,4.6,41.5,2.83,12.4,20.2,10,2.61,41.5,3.26,1.52,46.7,1.09,33.3,20.2,114.6,57.6,1.09,1.52,0.43,1.3,2.17,18.7,1.96,Matches
233,Andy Irving,sct SCO,MF,West Ham,24-284,2000,1.8,81.7,3.89,20.6,48.3,12.8,0,81.7,0.56,0.56,100,0,0,40,168.9,76.1,0,0.56,0,0.56,1.67,57.2,2.22,Matches
234,Alexander Isak,se SWE,FW,Newcastle Utd,25-153,1999,21,34.6,0.67,2.05,13.1,19.9,6.19,34.6,3.38,1.57,46.5,1.76,52.1,20.8,126.2,66.4,2.95,1.57,1.62,2.29,1.81,24.2,6.95,Matches
235,Alex Iwobi,ng NGA,"FW,MF",Fulham,28-294,1996,23.4,56.4,1.15,7.61,22.1,27.6,3.76,56.4,2.91,1.5,51.5,1.28,44.1,40.8,242.3,135.6,4.49,3.5,1.32,1.97,1.32,44.9,7.39,Matches
236,Nicolas Jackson,sn SEN,FW,Chelsea,23-246,2001,19.3,28.2,0.98,2.12,11.7,14.8,5.96,28.2,2.59,0.88,34,1.3,50,16.8,107.2,57.8,2.12,1.09,1.35,2.69,1.71,20.5,4.87,Matches
237,Reece James,eng ENG,DF,Chelsea,25-075,1999,5.7,91.4,3.51,27.7,49.3,15.1,0.35,91.4,1.4,0.88,62.5,0.35,25,48.2,200.5,97.4,0.7,0.53,0,0.7,0.35,57.4,0.88,Matches
238,Vitaly Janelt,de GER,MF,Brentford,26-287,1998,19.9,51.6,4.97,16.8,23.2,12,1.21,51.6,0.55,0.15,27.3,0.3,54.5,26.7,124.2,49.2,0.55,0.7,0.1,0.75,0.5,32.7,1.51,Matches
239,Vitezslav Jaros,cz CZE,GK,Liverpool,23-213,2001,0.1,80,50,80,0,0,0,80,0,0,,0,,70,290,80,0,0,0,0,0,50,0,Matches
240,Daniel Jebbison,eng ENG,"FW,MF",Bournemouth,21-192,2003,0.7,61.4,2.86,5.71,24.3,31.4,11.4,61.4,5.71,4.29,75,1.43,25,37.1,240,112.9,2.86,1.43,4.29,11.4,2.86,42.9,11.4,Matches
241,Mathias Jensen,dk DEN,MF,Brentford,29-051,1996,8,56.9,2.38,12.9,23.5,20.6,1.13,56.9,1.63,0.88,53.8,0.5,30.8,31.1,134.8,63.5,0.75,1,0,0.88,0.75,35.8,3,Matches
242,Gabriel Jesus,br BRA,FW,Arsenal,27-324,1997,6.8,44,1.32,4.12,15.9,24.3,7.06,44,3.24,1.32,40.9,1.47,45.5,26.3,140.1,63.5,2.21,0.88,1.62,1.91,1.91,31.9,8.38,Matches
243,Raul Jimenez,mx MEX,FW,Fulham,33-292,1991,17.7,36.8,1.07,3.67,16,17.5,6.67,36.6,2.09,0.9,43.2,1.02,48.6,20.6,88.1,39.9,1.41,0.68,0.62,2.54,1.53,27,4.92,Matches
244,Kim Jisoo,kr KOR,DF,Brentford,20-059,2004,0.3,96.7,3.33,46.7,40,10,0,96.7,0,0,,0,,50,190,73.3,0,0,0,0,3.33,73.3,0,Matches
245,Joao Pedro,br BRA,"FW,MF",Brighton,23-148,2001,15.1,42.6,0.53,2.72,17.6,22.9,5.56,42.5,3.44,1.39,40.4,1.72,50,29.2,184.5,87.7,3.38,1.92,1.59,3.25,1.79,34.4,6.29,Matches
246,Joelinton,br BRA,"MF,FW",Newcastle Utd,28-191,1996,21.3,51.9,2.58,10.1,25.4,16.9,3.29,51.9,1.92,0.56,29.3,1.22,63.4,28.5,142.1,68.4,1.55,0.85,0.33,1.46,2.21,35.6,4.51,Matches
247,Ben Johnson,eng ENG,"DF,FW",Ipswich Town,25-028,2000,10.2,42.9,4.12,17.6,15.2,10.3,0.59,42.9,1.76,0.69,38.9,0.88,50,17.9,96.9,37.5,0.98,0.88,0.2,1.57,1.08,20,1.86,Matches
248,Brennan Johnson,wls WAL,FW,Tottenham,23-274,2001,16.9,36.4,0.71,3.49,11.3,22.1,5.98,36.4,1.66,0.83,50,0.65,39.3,22.2,126.3,66.2,2.84,0.89,1.6,1.12,0.59,26.2,9.11,Matches
249,Sam Johnstone,eng ENG,GK,Wolves,31-333,1993,7,43.7,32.7,43.4,0.29,0,0,43.7,0,0,,0,,28,174.4,108,0,0,0,0,0,25.6,0,Matches
250,Curtis Jones,eng ENG,MF,Liverpool,24-022,2001,11.6,63,1.55,9.4,33.5,20.5,3.36,63,1.21,0.78,64.3,0.34,28.6,38.4,182.2,80.4,1.12,0.69,0.26,1.47,2.24,48.4,4.31,Matches
251,Jorginho,it ITA,MF,Arsenal,33-063,1991,5.3,65.3,1.13,13.2,38.7,14.2,0.19,65.3,0.38,0.19,50,0,0,37.5,188.9,108.7,1.51,1.32,0,1.51,1.32,47.5,0.38,Matches
252,Diogo Jota,pt POR,FW,Liverpool,28-079,1996,8.4,38.5,0.48,2.86,15,21.4,8.21,38.5,2.86,1.07,37.5,1.67,58.3,20.7,134,69.2,3.45,2.38,2.02,2.74,1.9,26.4,7.14,Matches
253,James Justin,eng ENG,DF,Leicester City,26-364,1998,22.4,59.9,4.69,21.4,26.4,12.5,1.47,59.9,1.07,0.31,29.2,0.45,41.7,26.7,111.9,56.6,1.43,0.94,0.18,1.07,0.4,32.8,2.86,Matches
254,Filip Jorgensen,dk DEN,GK,Chelsea,22-311,2002,4,33.8,28.3,33.5,0.25,0,0,33.8,0,0,,0,,24.5,110.5,64.5,0,0,0,0,0,22.5,0,Matches
255,Ferdi Kadioglu,tr TUR,"DF,MF",Brighton,25-137,1999,4.3,53.7,3.02,16.5,21.2,16.7,2.09,53.7,1.63,0.7,42.9,0.7,42.9,28.8,111.4,42.6,0.23,0,0,1.4,0.47,33.5,6.28,Matches
256,Daichi Kamada,jp JPN,MF,Crystal Palace,28-200,1996,10.4,55.3,1.25,10.1,30,15.5,1.83,55.3,0.77,0.38,50,0.38,50,27.4,134.3,64.3,1.54,1.06,0.29,0.87,1.54,35.5,3.75,Matches
257,Boubacar Kamara,fr FRA,"MF,DF",Aston Villa,25-090,1999,11.7,62.6,5.98,19.7,35.8,7.52,0.51,62.6,1.71,0.68,40,0.6,35,32.7,158.1,73.1,0.94,0.68,0.09,0.43,0.68,42,0.26,Matches
258,Michael Kayode,it ITA,DF,Brentford,20-226,2004,0.2,80,0,25,15,40,5,80,0,0,,0,,30,150,35,5,0,5,0,0,30,15,Matches
259,Michael Keane,eng ENG,DF,Everton,32-041,1993,9,45.4,8.67,25.1,18.6,2,1.56,45.4,0.11,0,0,0.11,100,20.8,81.8,26,0.11,0.11,0,0,0.22,26.2,0.33,Matches
260,Caoimhin Kelleher,ie IRL,GK,Liverpool,26-090,1998,8,38.6,28.8,38.5,0.13,0,0,38.6,0.13,0.13,100,0,0,29,106.4,56.6,0,0,0,0.13,0,26.1,0,Matches
261,Lloyd Kelly,eng ENG,DF,Newcastle Utd,26-138,1998,3.4,63.2,7.65,30.9,27.6,5.59,1.18,63.2,0.88,0.59,66.7,0.29,33.3,35.3,139.4,59.4,0,0.59,0,0.88,0.59,37.9,1.47,Matches
262,Milos Kerkez,hu HUN,DF,Bournemouth,21-106,2003,24.2,55.2,3.31,14.1,23.1,18.6,1.65,55.2,1.28,0.54,41.9,0.41,32.3,27.9,155.8,93.6,2.56,1.57,0.41,1.36,0.45,29.7,4.92,Matches
263,Bilal El Khannouss,ma MAR,MF,Leicester City,20-287,2004,13.2,53.4,0.53,7.05,28.8,18,1.36,53.4,2.42,1.67,68.8,0.76,31.3,30.7,173.3,77.8,2.42,1.52,0.38,1.59,1.36,35.4,3.11,Matches
264,Abdukodir Khusanov,uz UZB,DF,Manchester City,20-358,2004,1.6,79.4,10,43.1,36.3,1.25,0.63,79.4,0.63,0,0,0.63,100,50,234.4,83.8,0,0,0,1.25,0,63.8,0,Matches
265,Max Kilman,eng ENG,DF,West Ham,27-274,1997,24.2,62.6,12.3,34.9,25.4,2.77,0.99,62.6,0.7,0.5,70.6,0.04,5.9,33.6,149.3,87.6,0.87,0.25,0.08,0.41,0.04,41.4,0.12,Matches
266,Joshua King,eng ENG,"MF,FW",Fulham,18-049,2007,0.9,60,2.22,8.89,21.1,31.1,7.78,60,7.78,4.44,57.1,3.33,42.9,24.4,195.6,77.8,1.11,3.33,0,1.11,3.33,40,10,Matches
267,Antonin Kinsky,cz CZE,GK,Tottenham,21-345,2003,4,39,33.5,38.5,0.5,0,0,39,0,0,,0,,24.3,111,66.8,0.25,0,0,0,0,24.5,0,Matches
268,Jakub Kiwior,pl POL,DF,Arsenal,25-006,2000,3.6,56.1,8.61,25.3,28.6,2.22,0,56.1,0.56,0.28,50,0.28,50,26.1,92.5,42.5,0.28,0,0,0,0,38.3,0,Matches
269,Justin Kluivert,nl NED,"MF,FW",Bournemouth,25-292,1999,17.8,39.3,1.07,4.27,13.3,22.9,5.39,39,3.15,1.24,39.3,1.52,48.2,22.4,147.5,83.3,2.75,1.91,1.52,1.97,0.9,24.7,6.07,Matches
270,Ibrahima Konaté,fr FRA,DF,Liverpool,25-272,1999,18,77.7,8.22,32.9,39.8,5.17,0.83,77.7,0.17,0.11,66.7,0.06,33.3,46.1,215.1,122.9,0.89,0.61,0,0.33,0.11,54.8,0.11,Matches
271,Ezri Konsa,eng ENG,DF,Aston Villa,27-121,1997,21.1,59.2,6.4,27.1,28.2,4.27,0.71,59.2,0.62,0.33,53.8,0.24,38.5,34.5,179.3,90.2,0.66,0.38,0.09,0.57,0.24,41.2,0.52,Matches
272,Mateo Kovacic,hr CRO,MF,Manchester City,30-291,1994,17.2,86.1,2.15,12,48.3,26.8,0.81,86.1,1.86,0.99,53.1,0.52,28.1,57.6,337.6,158.5,2.5,3.02,0.12,0.87,1.22,69.9,0.81,Matches
273,Caleb Kporha,eng ENG,DF,Crystal Palace,18-221,2006,0.1,110,10,40,20,50,0,110,0,0,,0,,40,460,360,10,10,0,0,20,30,0,Matches
274,Emil Krafth,se SWE,DF,Newcastle Utd,30-203,1994,2.7,37.8,8.52,24.1,11.5,2.22,1.11,37.8,0,0,,0,,18.5,62.6,13,0,0.37,0,0.74,0.37,19.3,0,Matches
275,Mohammed Kudus,gh GHA,"MF,FW",West Ham,24-203,2000,18.4,45,0.43,6.25,18.2,21.9,4.73,45,7.5,3.37,44.9,3.42,45.7,29.6,189.2,88.9,3.53,1.96,1.63,2.55,3.48,34.8,8.1,Matches
276,Dejan Kulusevski,se SWE,"MF,FW",Tottenham,24-302,2000,22.7,49,0.88,5.11,16.1,28.8,6.26,49,4.58,1.5,32.7,2.73,59.6,32,247.4,132.5,4.98,2.78,1.59,2.82,2.91,35,8.41,Matches
277,Maxence Lacroix,fr FRA,DF,Crystal Palace,24-321,2000,21.9,58.9,10.4,35.3,21.3,2.56,1.1,58.9,0.59,0.37,61.5,0.14,23.1,31.8,147.9,69.5,0.37,0.18,0,0.68,0.14,34.6,0.18,Matches
278,Adam Lallana,eng ENG,MF,Southampton,36-287,1988,3.8,79.5,4.74,23.2,38.4,18.2,1.58,79.5,3.16,1.32,41.7,1.32,41.7,44.7,210,92.1,1.32,1.84,0,2.63,1.58,61.8,2.63,Matches
279,Tariq Lamptey,gh GHA,DF,Brighton,24-144,2000,6.8,58.4,2.79,15.6,25.9,17.2,0.88,58.4,3.38,1.03,30.4,2.06,60.9,33.7,245.7,119.4,3.38,1.62,0.29,1.03,0.59,33.7,5.44,Matches
280,Will Lankshear,eng ENG,"FW,MF",Tottenham,19-307,2005,0.1,30,0,0,20,10,0,30,0,0,,0,,30,30,0,0,0,0,20,0,30,10,Matches
281,Romeo Lavia,be BEL,MF,Chelsea,21-046,2004,5.9,56.9,2.03,14.6,34.1,8.98,0.17,56.9,2.03,1.19,58.3,0.85,41.7,33.7,155.8,66.9,0.51,1.36,0,0.17,1.02,40.8,1.02,Matches
282,Mario Lemina,ga GAB,"MF,DF",Wolves,31-173,1993,15.2,53.2,6.05,21.3,24.9,7.83,1.18,53.2,1.05,0.66,62.5,0.26,25,25.1,136.1,68.3,0.53,0.79,0.13,1.38,0.72,31.7,1.38,Matches
283,Bernd Leno,de GER,GK,Fulham,32-354,1992,25,39.2,30.5,38.9,0.28,0,0,39.2,0,0,,0,,26.1,97.5,56.1,0,0,0,0,0,23.4,0,Matches
284,Jefferson Lerma,co COL,MF,Crystal Palace,30-119,1994,14.9,56.9,3.76,15.8,31.3,10.5,1.34,56.9,0.6,0.34,55.6,0.2,33.3,25.6,95.8,44.4,0.6,0.47,0,0.47,0.87,33.6,1.54,Matches
285,Rico Lewis,eng ENG,"DF,MF",Manchester City,20-092,2004,16.6,66.6,2.41,12.6,33.9,20.7,2.47,66.6,0.96,0.36,37.5,0.54,56.3,38.9,198.5,103.7,2.05,1.75,0.48,1.02,0.96,47.8,3.49,Matches
286,Keane Lewis-Potter,eng ENG,"DF,FW",Brentford,23-365,2001,22.3,44.5,3.09,13.1,16.4,15.4,2.38,44.5,3,1.03,34.3,1.66,55.2,24.2,180.9,96.6,3.18,1.93,1.17,1.48,0.67,27,4.98,Matches
287,Myles Lewis-Skelly,eng ENG,DF,Arsenal,18-148,2006,7,60.9,1.57,10.7,33.7,17.6,1.29,60.9,2.14,1.14,53.3,0.71,33.3,33.1,148.3,86.1,1.71,0.86,0.29,0.43,0.71,39.6,2.29,Matches
288,Matthijs de Ligt,nl NED,DF,Manchester Utd,25-193,1999,18.2,70.3,7.97,36.1,32,2.42,1.26,70.3,0.11,0.05,50,0.05,50,48.1,207.6,93.5,0.33,0.11,0,0.16,0.11,51.6,0.22,Matches
289,Pedro Lima,br BRA,DF,Wolves,18-235,2006,0.7,52.9,0,10,8.57,34.3,2.86,52.9,2.86,0,0,2.86,100,20,108.6,67.1,4.29,2.86,1.43,1.43,0,31.4,12.9,Matches
290,Victor Lindelof,se SWE,"DF,MF",Manchester Utd,30-219,1994,0.7,72.9,8.57,37.1,27.1,8.57,2.86,72.9,0,0,,0,,27.1,172.9,104.3,0,0,0,0,0,41.4,1.43,Matches
291,Jesper Lindstrom,dk DEN,FW,Everton,24-358,2000,11.4,46.1,1.49,8.95,14.8,23.2,3.07,46.1,3.42,0.7,20.5,2.37,69.2,22.1,124.3,59.6,2.46,1.4,0.53,2.28,1.67,25.3,5.7,Matches
292,Valentino Livramento,eng ENG,DF,Newcastle Utd,22-101,2002,18.8,63.2,4.26,21.9,28.2,14.2,0.8,63.2,1.76,0.8,45.5,0.69,39.4,33.4,196.6,96.5,2.45,1.44,0.27,0.8,1.38,35.2,3.24,Matches
293,Sean Longstaff,eng ENG,MF,Newcastle Utd,27-114,1997,8.2,47.6,2.32,12.2,21.7,14,2.56,47.6,0.73,0.24,33.3,0.37,50,27.6,135,50.2,0.49,1.22,0.24,0.85,0.85,34,2.44,Matches
294,Sasa Lukic,rs SRB,MF,Fulham,28-192,1996,17.6,59.4,2.33,13.1,34.4,12.4,0.63,59.4,0.68,0.34,50,0.17,25,33.7,182.6,92.1,1.65,1.76,0.17,0.8,0.28,38.6,1.19,Matches
295,Joe Lumley,eng ENG,GK,Southampton,30-006,1995,3,54.7,38.7,53.7,1,0,0,54.7,0,0,,0,,34.3,158.7,98.7,0,0,0,0,0,36,0,Matches
296,Massimo Luongo,au AUS,MF,Ipswich Town,32-149,1992,2,36,4.5,16,12,8,0.5,36,0,0,,0,,19,70,12.5,0,0,0,1,1.5,20.5,0.5,Matches
297,Ian Maatsen,nl NED,DF,Aston Villa,22-348,2002,5.7,80.5,4.39,21.2,29.5,30.4,4.39,80.5,2.63,1.23,46.7,1.4,53.3,42.1,237.4,116.8,2.63,1.93,1.23,2.11,2.11,48.8,9.12,Matches
298,Alexis Mac Allister,ar ARG,MF,Liverpool,26-059,1998,21,66.2,1.81,10.1,35.2,21.4,2.24,66.2,1.67,0.62,37.1,0.86,51.4,33.3,136.3,70,1.24,1.48,0.14,0.95,0.86,44.6,2.81,Matches
299,James Maddison,eng ENG,MF,Tottenham,28-090,1996,15.1,74.7,1.32,10.2,33.8,31.5,4.24,74.7,3.64,1.72,47.3,1.52,41.8,51.7,256.7,118.1,2.38,2.19,0.99,1.26,1.26,57.7,4.7,Matches
300,Noni Madueke,eng ENG,FW,Chelsea,22-348,2002,16.1,43.7,0.81,4.41,11.9,28.1,8.57,43.7,4.29,1.68,39.1,2.24,52.2,29.5,247.1,155.3,6.83,2.42,4.1,2.36,1.43,33.8,11.1,Matches
301,Gabriel Magalhaes,br BRA,DF,Arsenal,27-064,1997,22.1,71.1,7.6,26.3,36.7,8.42,1.63,71.1,0.23,0.18,80,0.05,20,42.6,161.9,95.3,0.23,0.72,0,0.36,0.09,52.1,0.41,Matches
302,Edmond-Paris Maghoma,eng ENG,MF,Brentford,23-289,2001,0.9,67.8,1.11,8.89,41.1,18.9,2.22,67.8,3.33,2.22,66.7,1.11,33.3,45.6,266.7,170,3.33,2.22,1.11,2.22,0,51.1,2.22,Matches
303,Harry Maguire,eng ENG,DF,Manchester Utd,31-353,1993,13.1,68.6,8.17,34.4,31.6,3.51,1.83,68.6,0.23,0.15,66.7,0.08,33.3,40.8,251.5,104,0.38,0.38,0.23,0.46,0.15,44.4,0.23,Matches
304,Kobbie Mainoo,eng ENG,MF,Manchester Utd,19-308,2005,14.3,59.1,1.19,11.5,33.4,14.7,2.1,59.1,2.87,1.4,48.8,1.33,46.3,36.8,163.8,72.2,1.33,0.84,0.63,1.61,2.03,41.8,2.45,Matches
305,Tyrell Malacia,nl NED,DF,Manchester Utd,25-188,1999,1.1,56.4,1.82,18.2,24.5,13.6,0,56.4,0.91,0.91,100,0,0,33.6,172.7,107.3,2.73,1.82,0,0.91,1.82,39.1,5.45,Matches
306,Donyell Malen,nl NED,FW,Aston Villa,26-043,1999,1.7,38.2,0.59,1.76,10,28.2,6.47,38.2,3.53,1.18,33.3,1.76,50,19.4,151.2,69.4,2.35,1.76,1.18,2.35,2.35,21.2,7.65,Matches
307,Orel Mangala,be BEL,MF,Everton,26-340,1998,14,44.4,1.57,9.5,23.9,11.2,0.93,44.4,1.71,1,58.3,0.64,37.5,21.3,112.4,41.1,0.43,0.43,0.21,0.86,0.86,29,1.36,Matches
308,Ryan Manning,ie IRL,DF,Southampton,28-252,1996,8.5,58.2,4.71,15.8,23.3,19.9,2.12,58.2,2.59,0.94,36.4,1.18,45.5,29.1,130.4,61.2,1.18,0.94,0.35,1.53,0.59,36,6,Matches
309,Solly March,eng ENG,"MF,DF",Brighton,30-216,1994,0.3,73.3,0,13.3,26.7,33.3,3.33,73.3,3.33,3.33,100,0,0,16.7,76.7,10,0,0,0,0,0,26.7,3.33,Matches
310,Omar Marmoush,eg EGY,"FW,MF",Manchester City,26-014,1999,2.4,40.8,0.42,2.92,14.2,24.6,3.33,40.8,2.08,0,0,2.08,100,26.3,172.5,87.5,2.5,2.08,0.83,3.75,1.67,29.6,5.83,Matches
311,Gabriel Martinelli,br BRA,"FW,MF",Arsenal,23-248,2001,16.2,39.4,0.68,4.14,11,24.8,7.04,39.4,5.19,1.48,28.6,2.84,54.8,25.3,188,100.4,4.81,1.48,2.1,2.04,1.73,29.1,11.4,Matches
312,Emiliano Martinez,ar ARG,GK,Aston Villa,32-172,1992,25.5,39.6,29.8,39.1,0.47,0,0,39.6,0.04,0.04,100,0,0,23.7,118.8,74.9,0,0,0,0.04,0,21.9,0,Matches
313,Lisandro Martinez,ar ARG,DF,Manchester Utd,27-034,1998,19.5,78.2,8,36.6,35.7,6.41,0.92,78.2,0.36,0.31,85.7,0.05,14.3,52.2,263.6,160.5,1.18,1.18,0.1,0.05,0.15,54.8,0.36,Matches
314,Pape Matar Sarr,sn SEN,MF,Tottenham,22-160,2002,14.2,65.3,2.04,14.4,36.4,15.6,1.06,65.3,1.48,0.7,47.6,0.63,42.9,41.3,242.7,103.5,1.62,1.76,0.28,1.55,1.13,46.4,2.68,Matches
315,Jean-Philippe Mateta,fr FRA,FW,Crystal Palace,27-238,1997,21.7,24.6,0.97,1.98,11.5,11.6,3.23,24.5,1.57,0.55,35.3,0.83,52.9,12.8,67.7,31.8,1.29,0.78,0.32,1.98,1.57,18,4.38,Matches
316,Stephy Mavididi,eng ENG,FW,Leicester City,26-266,1998,14.5,47.9,1.31,7.03,18.6,23.3,3.45,47.9,5.52,2.07,37.5,2.97,53.8,32.3,239.4,130.6,4.9,2.28,1.45,2.34,2.07,34.3,7.31,Matches
317,Konstantinos Mavropanos,gr GRE,DF,West Ham,27-072,1997,16.6,66.4,10,34.2,29.4,3.25,1.2,66.4,0.9,0.54,60,0.24,26.7,36.6,184.7,102.7,0.72,0.54,0.06,0.6,0,42.6,0.12,Matches
318,Noussair Mazraoui,ma MAR,DF,Manchester Utd,27-099,1997,21.4,69.2,4.58,25.6,33.4,11.1,1.03,69.2,1.64,0.98,60,0.51,31.4,38.2,177.8,89.4,1.21,0.93,0.14,0.75,0.65,42.1,1.92,Matches
319,Bryan Mbeumo,cm CMR,FW,Brentford,25-198,1999,24.9,47.3,1.65,6.95,14.9,26.3,4.02,47.2,2.77,1.29,46.4,1.16,42,28,179.5,93.9,3.41,2.01,2.05,2.77,1.2,31.6,9.84,Matches
320,James Mcatee,eng ENG,"MF,FW",Manchester City,22-126,2002,1.2,59.2,0,8.33,25,25.8,5.83,59.2,3.33,0.83,25,2.5,75,33.3,193.3,86.7,2.5,0.83,0,0,0.83,45,7.5,Matches
321,Kasey McAteer,ie IRL,"FW,MF",Leicester City,23-091,2001,4.3,44,3.49,10.5,17.2,17.7,3.49,44,2.09,0.23,11.1,1.16,55.6,25.8,174.2,84.7,3.02,1.63,1.4,1.16,0.93,28.6,8.37,Matches
322,Alex McCarthy,eng ENG,GK,Southampton,35-080,1989,5,34.6,28.2,34.6,0,0,0,34.6,0,0,,0,,20,90.4,55.2,0,0,0,0,0,17.6,0,Matches
323,John McGinn,sct SCO,"MF,FW",Aston Villa,30-126,1994,17.1,42,0.88,5.61,22.6,14.2,2.34,42,1.87,0.7,37.5,0.64,34.4,23.5,116.6,52.9,1.46,0.88,0.23,1.52,1.05,30.2,3.74,Matches
324,Dwight McNeil,eng ENG,"MF,FW",Everton,25-091,1999,12.7,48.7,0.16,4.8,21,24,1.42,48.7,2.91,1.57,54.1,1.26,43.2,28.2,175.1,73.2,2.44,2.2,0.31,1.73,1.89,32.8,5.12,Matches
325,Scott McTominay,sct SCO,MF,Manchester Utd,28-075,1996,0.2,70,5,15,40,15,5,70,5,0,0,5,100,50,340,220,0,0,0,5,5,45,10,Matches
326,Ben Mee,eng ENG,DF,Brentford,35-153,1989,2,69,9,33,31,5.5,1.5,69,0,0,,0,,39,202,137,1.5,0.5,0.5,0,0,43,1,Matches
327,Jayden Meghoma,eng ENG,DF,Brentford,18-238,2006,0.1,30,10,20,0,10,0,30,0,0,,0,,10,10,0,0,0,0,0,0,20,0,Matches
328,Mikel Merino,es ESP,MF,Arsenal,28-244,1996,8.8,53.6,2.84,11.1,22.6,20.8,4.77,53.6,1.02,0.57,55.6,0.23,22.2,27.7,95.5,38.4,0.68,0.8,0.45,1.48,1.36,35.2,5.8,Matches
329,Nikola Milenkovic,rs SRB,DF,Nott'ham Forest,27-132,1997,24,36.8,6.88,19.9,14.5,2.42,1.88,36.8,0.04,0.04,100,0,0,14.5,60.5,30.2,0.08,0.13,0.08,0.04,0.08,18.7,0.17,Matches
330,Lewis Miley,eng ENG,MF,Newcastle Utd,18-296,2006,0.9,81.1,2.22,16.7,50,15.6,1.11,81.1,1.11,0,0,0,0,46.7,221.1,94.4,0,0,0,2.22,0,55.6,3.33,Matches
331,James Milner,eng ENG,MF,Brighton,39-048,1986,1.9,48.4,1.58,6.84,25.3,16.3,2.11,48.4,0.53,0.53,100,0,0,24.2,117.4,51.1,0.53,0.53,0,0,0,30.5,5.26,Matches
332,Tyrone Mings,eng ENG,DF,Aston Villa,31-345,1993,7,69.9,11.3,36,30.9,3.43,1.29,69.9,0.14,0.14,100,0,0,42.7,223.3,112.4,0.14,1,0,0.29,0.14,49.4,0,Matches
333,Yankuba Minteh,gm GAM,"FW,MF",Brighton,20-214,2004,10.3,41.5,1.26,6.02,11.3,25.4,7.18,41.5,6.5,3.01,46.3,3.01,46.3,24.4,184.4,112,4.27,1.36,3.3,2.33,0.97,24.2,10.7,Matches
334,Tyrick Mitchell,eng ENG,DF,Crystal Palace,25-173,1999,23.9,52.8,3.43,17.8,20.5,14.9,1.34,52.8,1,0.42,41.7,0.46,45.8,24.6,118.2,53.2,1.88,1.13,0.25,1.17,0.96,27.7,5.23,Matches
335,Kaoru Mitoma,jp JPN,"FW,MF",Brighton,27-277,1997,22,47,0.5,5.18,16.5,26.2,5.91,47,4.45,1.77,39.8,2.5,56.1,29,231.2,134.2,5.18,2.73,2.18,1.86,0.86,33.6,10.7,Matches
336,Jakub Moder,pl POL,MF,Brighton,25-320,1999,0.1,270,20,70,120,90,10,270,0,0,,0,,130,930,620,20,30,0,0,0,140,0,Matches
337,Mikey Moore,eng ENG,"FW,MF",Tottenham,17-194,2007,2.1,45.7,0.48,4.76,10.5,31,5.71,45.7,5.24,0.48,9.1,4.29,81.8,32.4,248.1,113.8,4.29,1.43,1.9,2.86,1.9,34.8,14.3,Matches
338,Morato,br BRA,DF,Nott'ham Forest,23-236,2001,6.7,46.7,10.4,29.9,14.9,2.24,0.15,46.7,0.15,0.15,100,0,0,15.4,78.7,35.4,0,0.3,0,0.75,0.3,18.7,0.15,Matches
339,Alex Moreno,es ESP,DF,Nott'ham Forest,31-258,1993,9,52.7,5.56,19.4,19.4,15,0.78,52.7,2.11,0.78,36.8,0.78,36.8,22.4,147.7,88.1,2.67,1.78,0.33,1.22,0.56,24.6,3.11,Matches
340,Sam Morsy,eg EGY,MF,Ipswich Town,33-164,1991,21.1,57.6,2.8,16.3,33.3,8.58,0.19,57.6,0.81,0.52,64.7,0.24,29.4,29.8,159.2,66.8,0.47,0.85,0.05,0.57,0.38,39.4,0.43,Matches
341,Yerson Mosquera,co COL,DF,Wolves,23-295,2001,4.9,60,8.78,34.7,23.5,2.45,1.43,60,0,0,,0,,34.3,139.4,65.7,0,0.2,0,0.82,0.2,37.1,0,Matches
342,Mason Mount,eng ENG,"MF,FW",Manchester Utd,26-042,1999,2.7,44.1,0.37,6.67,24.1,13.3,2.22,44.1,1.48,0,0,1.11,75,27.4,119.6,37.8,0.74,0.74,0,1.48,1.48,31.9,1.85,Matches
343,Divin Mubama,eng ENG,FW,Manchester City,20-119,2004,0.3,16.7,0,0,6.67,10,3.33,16.7,0,0,,0,,6.67,46.7,0,0,0,0,0,3.33,10,0,Matches
344,Mykhailo Mudryk,ua UKR,FW,Chelsea,24-047,2001,1.7,36.5,1.76,7.06,8.82,22.4,3.53,36.5,4.71,1.76,37.5,2.94,62.5,22.9,275.3,133.5,4.12,4.71,0,1.76,4.12,24.7,7.06,Matches
345,Marshall Munetsi,zw ZIM,FW,Wolves,28-244,1996,0.5,20,0,0,6,14,4,20,0,0,,0,,6,8,4,0,0,0,0,0,4,2,Matches
346,Rodrigo Muniz,br BRA,FW,Fulham,23-293,2001,7.6,29.2,1.18,2.5,14.9,12.4,5.13,29.2,1.71,0.53,30.8,0.79,46.2,14.6,60.9,18.8,0.53,0.39,0.13,4.08,2.11,22,3.29,Matches
347,Daniel Munoz,co COL,DF,Crystal Palace,28-271,1996,23,57.6,3.65,16,23.7,18.4,3,57.6,1.7,0.61,35.9,1,59,22.2,109.5,44,1.39,0.91,0.48,1.61,0.48,27.7,6.17,Matches
348,Arijanet Muric,xk KVX,GK,Ipswich Town,26-106,1998,18,38.3,31.1,37.3,1,0,0,38.3,0,0,,0,,22.5,116,65.4,0,0,0,0.17,0.06,17.8,0,Matches
349,Murillo,br BRA,DF,Nott'ham Forest,22-232,2002,23.5,51.6,12.1,27.1,22,3.11,0.64,51.6,1.06,0.89,84,0.17,16,22.5,117.2,69.9,0.55,0.85,0.04,0.55,0.34,26,0.17,Matches
350,Jacob Murphy,eng ENG,FW,Newcastle Utd,29-363,1995,15.9,46.7,0.82,6.73,18.1,22.3,3.14,46.7,2.01,0.88,43.8,1.07,53.1,29.1,173.1,92.3,3.14,1.32,1.13,1.32,1.7,33.8,8.24,Matches
351,Vitaliy Mykolenko,ua UKR,DF,Everton,25-268,1999,22.2,48.5,3.78,15.9,20.8,12.1,0.77,48.5,0.68,0.23,33.3,0.32,46.7,19,75.7,42.3,0.99,0.63,0,0.59,0.32,23.8,2.39,Matches
352,Iliman Ndiaye,sn SEN,FW,Everton,24-352,2000,20.9,40.2,1.39,8.52,16.6,17.3,3.11,40.1,5.89,2.78,47.2,2.68,45.5,23.1,186.7,93.4,3.4,1.77,1.29,2.06,1.67,24.4,4.55,Matches
353,Wilfred Ndidi,ng NGA,MF,Leicester City,28-067,1996,14.4,53.5,5.21,19,24.9,10.1,2.71,53.5,1.6,0.76,47.8,0.76,47.8,26.9,108.3,41.3,0.63,0.76,0.14,1.53,1.46,31.7,3.4,Matches
354,Kosta Nedeljkovic,rs SRB,DF,Aston Villa,19-067,2005,1.4,47.1,2.86,10.7,22.9,13.6,0,47.1,1.43,0.71,50,0.71,50,19.3,72.1,23.6,0.71,0,0,0.71,0,22.9,0,Matches
355,Reiss Nelson,eng ENG,FW,Arsenal,25-073,1999,0,2,0,1,1,0,0,2,0,0,,0,,1,4,4,0,0,0,0,0,1,0,Matches
356,Reiss Nelson,eng ENG,FW,Fulham,25-073,1999,5.4,64.3,0.93,5.56,20.4,39.3,6.48,64.3,6.48,2.41,37.1,2.41,37.1,48,362.2,177.8,8.33,4.63,3.89,2.59,1.48,50.7,11.7,Matches
357,Neto,br BRA,GK,Bournemouth,35-217,1989,2,35,30,35,0,0,0,35,0,0,,0,,17.5,74,49.5,0,0,0,0,0,14,0,Matches
358,Pedro Neto,pt POR,FW,Chelsea,24-349,2000,13.3,45.8,0.45,4.66,14.3,27.6,4.89,45.8,5.11,1.73,33.8,2.18,42.6,30.6,266.7,144.8,5.94,2.71,2.18,1.8,1.05,34.1,8.8,Matches
359,Eddie Nketiah,eng ENG,"MF,FW",Crystal Palace,25-267,1999,7,38.4,0.71,3.86,15.4,19.7,6,38.4,2,1,50,0.71,35.7,22.6,172.4,94.7,4.29,2.29,1.57,2.71,1.71,27.9,7.57,Matches
360,Christopher Nkunku,fr FRA,FW,Chelsea,27-099,1997,6.1,46.1,1.31,5.57,18,22.5,4.75,46.1,2.62,0.98,37.5,1.31,50,28.9,131.3,52.1,1.48,1.31,1.48,1.48,0.98,36.1,7.38,Matches
361,Matheus Nunes,pt POR,"DF,MF",Manchester City,26-178,1998,9.9,71.5,2.02,12,23.5,36.3,4.75,71.5,2.53,1.11,44,1.01,40,44.4,244,128.4,3.94,1.41,2.12,1.62,0.81,51.7,12.2,Matches
362,Darwin Nunez,uy URU,FW,Liverpool,25-242,1999,10,28,0.8,3.7,9.6,15.7,5.4,28,2.1,0.8,38.1,1.2,57.1,15.2,86.6,46.7,1.9,1.6,0.9,1.9,1.7,18.5,6,Matches
363,Ethan Nwaneri,eng ENG,"FW,MF",Arsenal,17-337,2007,4.2,53.6,0.48,5.71,21.4,26.9,4.29,53.6,5.95,3.81,64,1.19,20,36.4,288.6,148.3,4.76,2.62,2.38,2.38,1.67,39.3,10.5,Matches
364,Christian Norgaard,dk DEN,MF,Brentford,30-348,1994,19.8,58.3,5.86,20.4,27.5,11,1.92,58.3,0.56,0.25,45.5,0.2,36.4,27.8,107.4,45.9,0.51,0.45,0.2,1.16,0.81,35.4,1.57,Matches
365,Jake O'Brien,ie IRL,DF,Everton,23-282,2001,5.5,54.9,4,25.3,21.5,8.36,0.55,54.9,1.45,0.36,25,0.91,62.5,22.7,98,31.1,0.36,0.36,0.18,0.55,0.18,26.4,1.64,Matches
366,Matt O'Riley,dk DEN,MF,Brighton,24-092,2000,5.3,55.1,2.26,9.25,26,19.8,4.34,55.1,1.13,0.57,50,0.57,50,27.4,111.7,54.9,1.7,1.13,0.38,1.51,0.57,32.5,4.72,Matches
367,Dara O'Shea,ie IRL,DF,Ipswich Town,25-354,1999,21.7,61.2,12,35.5,22,3.73,1.57,61.2,0.09,0.05,50,0.05,50,28.3,120.7,59.4,0.14,0.05,0,0.37,0.14,35.5,0.05,Matches
368,Chidozie Obi-Martin,dk DEN,MF,Manchester Utd,17-084,2007,0,0,0,0,0,0,0,0,0,0,,0,,0,0,0,0,0,0,0,0,0,0,Matches
369,Wilson Odobert,fr FRA,FW,Tottenham,20-085,2004,1.8,60.6,1.11,6.11,17.2,37.8,7.22,60.6,7.22,2.78,38.5,3.89,53.8,43.3,357.2,230,7.22,6.11,3.33,2.22,2.22,45,10,Matches
370,Chiedozie Ogbene,ie IRL,FW,Ipswich Town,27-296,1997,2.6,26.9,1.15,4.23,7.31,15.4,2.31,26.9,2.69,0.38,14.3,1.15,42.9,15.8,126.9,53.5,2.69,0.77,0.77,1.54,0.77,16.5,5.77,Matches
371,Caleb Okoli,it ITA,DF,Leicester City,23-223,2001,10.2,65.8,12.7,37.2,26.6,2.35,0.69,65.8,0,0,,0,,38.2,188.5,88.6,0.29,0.1,0,0.69,0.2,39.4,0.2,Matches
372,Robin Olsen,se SWE,GK,Aston Villa,35-044,1990,0.5,50,40,50,0,0,0,50,0,0,,0,,22,90,66,0,0,0,0,0,32,0,Matches
373,Amadou Onana,be BEL,MF,Aston Villa,23-189,2001,12,55.2,4.08,15.4,32.3,8.58,1.25,55.2,1.17,0.75,64.3,0.25,21.4,29.9,141.4,66.8,1.08,1.25,0,0.58,0.58,36.3,0.83,Matches
374,Andre Onana,cm CMR,GK,Manchester Utd,28-325,1996,25,41.6,30.6,40.8,0.8,0,0,41.6,0,0,,0,,30.1,153.2,86.1,0,0,0,0.04,0,26.4,0,Matches
375,Paul Onuachu,ng NGA,FW,Southampton,30-269,1994,7,40.4,1.57,4.29,21.9,14.6,5.57,40.4,3,1,33.3,1.43,47.6,18.7,80.3,27.7,0.86,0.43,0.29,4.29,3.29,32.7,2.71,Matches
376,Frank Onyeka,ng NGA,MF,Brentford,27-051,1998,0.3,33.3,0,3.33,16.7,13.3,0,33.3,0,0,,0,,20,183.3,46.7,0,0,0,6.67,3.33,20,0,Matches
377,Lewis Orford,eng ENG,MF,West Ham,19-003,2006,0.5,84,2,16,56,14,4,84,0,0,,0,,44,196,54,0,0,0,2,0,62,2,Matches
378,Stefan Ortega,de GER,GK,Manchester City,32-107,1992,9,39.8,30.2,39.6,0.22,0,0,39.8,0,0,,0,,25.8,119.9,66.4,0,0,0,0,0,24.4,0,Matches
379,William Osula,dk DEN,"FW,MF",Newcastle Utd,21-201,2003,0.5,30,0,0,14,16,4,30,2,2,100,0,0,16,102,28,2,2,0,6,6,18,10,Matches
380,Dango Ouattara,bf BFA,FW,Bournemouth,23-010,2002,14.8,42.6,2.91,7.77,13.5,22.3,5.54,42.6,3.38,1.55,46,1.62,48,21.4,157.6,77.2,3.38,1.42,1.69,2.5,1.55,25.2,9.12,Matches
381,Nico OReilly,eng ENG,"MF,DF",Manchester City,19-337,2005,0.3,76.7,3.33,10,53.3,16.7,0,76.7,6.67,3.33,50,3.33,50,53.3,370,110,3.33,3.33,0,3.33,0,50,0,Matches
382,Alex Palmer,eng ENG,GK,Ipswich Town,28-195,1996,1,45,42,45,0,0,0,45,0,0,,0,,19,74,47,0,0,0,0,0,16,0,Matches
383,Cole Palmer,eng ENG,MF,Chelsea,22-291,2002,24.3,52.5,0.41,3.83,24.1,25.2,3.74,52.3,3.21,1.32,41,1.36,42.3,33,215.1,106.3,3.37,2.14,1.03,1.85,0.95,38.5,5.27,Matches
384,Emerson Palmieri,it ITA,DF,West Ham,30-202,1994,18.6,56.1,3.39,17.8,23.9,15.1,1.18,56.1,1.29,0.43,33.3,0.75,58.3,23.5,125.6,68.6,1.72,1.08,0.43,1.02,0.38,30.8,3.49,Matches
385,Lucas Paqueta,br BRA,"MF,FW",West Ham,27-178,1997,18.9,63.2,2.01,12.3,34.4,17.1,2.49,63.1,1.48,0.58,39.3,0.79,53.6,31.3,107.8,42.9,0.79,1.22,0.11,2.06,2.28,43.8,3.39,Matches
386,Thomas Partey,gh GHA,"MF,DF",Arsenal,31-253,1993,21.4,70.4,2.52,15.3,37.6,17.9,1.03,70.4,0.84,0.42,50,0.33,38.9,38.4,190.4,96.6,0.93,1.07,0.05,0.79,0.51,49.1,1.36,Matches
387,Nathan Patterson,sct SCO,"DF,FW",Everton,23-128,2001,1.4,70.7,2.86,14.3,32.1,25.7,2.14,70.7,5,4.29,85.7,0,0,28.6,132.9,75,2.86,1.43,1.43,2.14,0.71,37.1,5,Matches
388,Andreas Pereira,br BRA,MF,Fulham,29-051,1996,14.3,55.5,0.84,7.69,22.9,25.5,1.54,55.4,1.19,0.42,35.3,0.35,29.4,28.8,129.4,63.1,0.98,1.68,0.28,1.26,0.91,33.8,3.36,Matches
389,Ricardo Pereira,pt POR,DF,Leicester City,31-138,1993,1.6,60.6,1.88,17.5,35,8.13,0.63,60.6,0,0,,0,,35.6,76.9,20.6,0.63,0,0.63,0.63,0,34.4,1.88,Matches
390,Kalvin Phillips,eng ENG,MF,Ipswich Town,29-081,1995,10.6,53.7,4.72,17.2,27.7,8.96,0.38,53.7,0.75,0.38,50,0.38,50,24,117.5,44.9,0.38,0.47,0,1.79,0.75,29.2,0.19,Matches
391,Jaden Philogene Bidace,eng ENG,"FW,MF",Aston Villa,23-013,2002,3.7,39.2,1.08,7.3,14.6,17.8,3.78,39.2,4.05,1.08,26.7,2.16,53.3,20.3,140.5,64.6,1.89,1.35,1.89,1.89,0.81,22.4,4.59,Matches
392,Jaden Philogene Bidace,eng ENG,"FW,MF",Ipswich Town,23-013,2002,1.5,38.7,0,12,12.7,14.7,2.67,38.7,2.67,1.33,50,1.33,50,25.3,236,74,4.67,2,1.33,2.67,4.67,26.7,6,Matches
393,Jordan Pickford,eng ENG,GK,Everton,30-351,1994,25,44.8,29.1,42.6,2.28,0,0,44.8,0,0,,0,,23.9,149.1,86.6,0,0,0,0.04,0,21.2,0,Matches
394,Ethan Pinnock,jm JAM,DF,Brentford,31-268,1993,16.3,65.3,14.8,37.6,21.7,6.07,1.29,65.3,0.55,0.18,33.3,0.37,66.7,31.5,151.3,73.7,0.12,0.18,0,0.06,0.25,36.6,0.49,Matches
395,Daniel Podence,pt POR,"MF,FW",Wolves,29-123,1995,0.5,40,0,4,22,14,0,40,4,4,100,0,0,26,154,86,2,2,0,0,0,34,6,Matches
396,Alfie Pond,eng ENG,DF,Wolves,20-357,2004,0,1,0,0,1,0,0,1,0,0,,0,,1,2,2,0,0,0,0,0,1,0,Matches
397,Nick Pope,eng ENG,GK,Newcastle Utd,32-308,1992,15,32.8,26.6,32.3,0.47,0,0,32.8,0,0,,0,,17.9,96.3,62.9,0,0,0,0,0.07,11.3,0,Matches
398,Pedro Porro,es ESP,DF,Tottenham,25-161,1999,23.1,76,4.5,22.4,27,27.1,1.17,76,1.21,0.43,35.7,0.69,57.1,39.7,184.3,95.2,2.29,1.52,0.17,0.78,0.69,43.7,3.72,Matches
399,Jarell Quansah,eng ENG,DF,Liverpool,22-023,2003,3.1,76.1,9.03,36.5,33.5,6.13,0.97,76.1,0.65,0.32,50,0.32,50,48.1,278.4,152.9,0.65,0.97,0.32,0.97,0.65,53.9,0.65,Matches
400,Hakon Rafn Valdimarsson,is ISL,GK,Brentford,23-131,2001,1.6,45,37.5,44.4,0.63,0,0,45,0,0,,0,,27.5,119.4,50,0,0,0,0,0,22.5,0,Matches
401,Aaron Ramsdale,eng ENG,GK,Southampton,26-283,1998,17,45.6,33,44.9,0.71,0,0,45.6,0,0,,0,,28.8,147.6,88,0,0,0,0,0,26.5,0,Matches
402,Jacob Ramsey,eng ENG,"FW,MF",Aston Villa,23-269,2001,11.9,43.7,0.76,7.98,16.1,20.3,3.7,43.7,2.69,1.6,59.4,0.76,28.1,29.4,194.5,92.1,3.19,1.76,1.01,1.93,1.18,33.7,5.88,Matches
403,Marcus Rashford,eng ENG,"FW,MF",Manchester Utd,27-113,1997,10.9,40.4,0.28,3.21,17.3,20.4,3.12,40.4,3.58,0.83,23.1,2.39,66.7,26.9,155.4,66.8,1.83,1.74,1.1,1.28,0.55,31.3,7.25,Matches
404,Marcus Rashford,eng ENG,FW,Aston Villa,27-113,1997,1.2,77.5,0,2.5,13.3,61.7,6.67,77.5,8.33,4.17,50,4.17,50,53.3,313.3,195.8,6.67,3.33,3.33,0.83,0.83,59.2,16.7,Matches
405,David Raya,es ESP,GK,Arsenal,29-159,1995,25,38,23.2,36.1,1.92,0,0,38,0,0,,0,,23.9,118.8,70.3,0,0,0,0.04,0,21.5,0,Matches
406,Harrison Reed,eng ENG,MF,Fulham,30-025,1995,0.8,78.8,1.25,8.75,27.5,43.8,6.25,78.8,1.25,0,0,0,0,32.5,92.5,21.3,1.25,1.25,0,2.5,2.5,38.8,8.75,Matches
407,Remy Rees-Dottin,eng ENG,FW,Bournemouth,18-352,2006,0,0,0,0,0,0,0,0,0,0,,0,,0,0,0,0,0,0,0,0,0,0,Matches
408,Sergio Reguilon,es ESP,DF,Tottenham,28-067,1996,1.4,86.4,1.43,20,43.6,23.6,2.14,86.4,2.86,1.43,50,0,0,45.7,209.3,128.6,2.86,1.43,0.71,0.71,0.71,52.9,7.14,Matches
409,Bobby Reid,jm JAM,"FW,MF",Leicester City,32-019,1993,5.8,35,1.72,6.21,14.8,14,2.24,35,1.21,0,0,0.86,71.4,21.9,98.4,48.4,1.38,0.69,0.69,1.55,1.21,24.3,5,Matches
410,Chadi Riad,ma MAR,DF,Crystal Palace,21-249,2003,1,90,5,41,49,1,0,90,0,0,,0,,58,318,232,2,0,0,1,0,69,0,Matches
411,Declan Rice,eng ENG,MF,Arsenal,26-038,1999,20.3,63.7,2.27,10.6,30.4,23.2,2.12,63.7,0.99,0.44,45,0.49,50,33.8,215.3,115.5,3.2,2.02,0.49,1.18,0.84,41.5,2.96,Matches
412,Chris Richards,us USA,DF,Crystal Palace,24-330,2000,11.9,56.6,6.3,29.2,24.5,3.11,0.84,56.6,0.34,0,0,0.34,100,26.4,116.3,54.7,0.25,0.25,0,0.34,0.25,32.9,0.08,Matches
413,Richarlison,br BRA,FW,Tottenham,27-287,1997,3.1,37.4,2.58,6.13,20,11.6,3.87,37.4,2.9,0.32,11.1,2.26,77.8,18.1,100,44.5,2.58,2.26,0.97,1.29,1.61,25.5,5.48,Matches
414,Andrew Robertson,sct SCO,DF,Liverpool,30-347,1994,21.1,78.5,3.27,19.8,35.6,23.6,1.75,78.5,0.52,0.14,27.3,0.33,63.6,42.3,187.8,107.6,2.32,2.09,0.19,0.95,0.43,53,3.79,Matches
415,Antonee Robinson,us USA,DF,Fulham,27-197,1997,25,73.2,3.68,22.8,28.6,22.9,2.08,73.2,2.32,1,43.1,0.88,37.9,39.6,211.6,125.2,3.52,1.76,0.88,1.08,0.52,44.2,8.04,Matches
416,Rodri,es ESP,MF,Manchester City,28-244,1996,0.7,92.9,1.43,17.1,42.9,34.3,0,92.9,1.43,0,0,0,0,48.6,178.6,60,0,2.86,0,0,0,70,1.43,Matches
417,Guido Rodriguez,ar ARG,MF,West Ham,30-315,1994,11.3,54.4,3.72,17.3,32.3,4.87,0.18,54.4,0.27,0.18,66.7,0,0,25.1,87.4,34.7,0.18,0.44,0,0.09,0.53,31.3,0.44,Matches
418,Mads Roerslev,dk DEN,DF,Brentford,25-242,1999,12.2,52.9,4.02,19.2,22,12,1.64,52.9,1.56,0.57,36.8,0.66,42.1,28.9,133.6,70.3,1.39,1.07,0,0.74,0.49,33.4,4.43,Matches
419,Morgan Rogers,eng ENG,"MF,FW",Aston Villa,22-210,2002,23.1,40.4,1.3,5.93,17.6,17.8,4.59,40.4,4.81,2.03,42.3,2.21,45.9,23.8,172.6,102.7,3.59,2.38,0.95,3.07,2.12,28.4,5.58,Matches
420,Cristian Romero,ar ARG,DF,Tottenham,26-300,1998,10.8,90.8,10.4,37.2,49.2,5,1.48,90.8,0.28,0.09,33.3,0.09,33.3,60.7,316.9,197.8,0.93,1.48,0,0.37,0.28,62.2,0.19,Matches
421,Georginio Rutter,fr FRA,"FW,MF",Brighton,22-307,2002,14.9,34.9,1.21,4.56,13.2,17.9,4.43,34.9,3.69,1.41,38.2,1.81,49.1,20,144,86.5,2.62,2.15,0.94,2.21,1.74,22.7,4.5,Matches
422,Jose Sa,pt POR,GK,Wolves,32-035,1993,18,34.7,27.6,34.3,0.44,0,0,34.7,0.33,0.33,100,0,0,21.4,132.8,82.2,0,0,0,0.06,0,16.6,0,Matches
423,Bukayo Saka,eng ENG,"FW,MF",Arsenal,23-169,2001,14.1,52,0.43,2.84,11.6,38,8.16,51.9,5.18,2.34,45.2,2.06,39.7,32.8,226.7,130.9,5.11,1.35,2.62,1.7,2.48,37.3,13.8,Matches
424,Mohamed Salah,eg EGY,FW,Liverpool,32-251,1992,25.5,44.5,0.35,2.59,13.3,29.2,9.65,44.2,3.53,1.8,51.1,1.61,45.6,30.8,186,94.5,4.08,1.53,3.49,2.86,2.04,37.7,12.8,Matches
425,William Saliba,fr FRA,DF,Arsenal,23-334,2001,22.3,79.5,5.65,32.7,43.9,3.27,0.49,79.5,0.58,0.4,69.2,0.18,30.8,48.7,205.2,100.3,0.4,0.31,0,0.54,0.22,58.7,0.13,Matches
426,Robert Sanchez,es ESP,GK,Chelsea,27-095,1997,21,43.3,31.5,42.9,0.48,0,0,43.3,0,0,,0,,29.2,134.4,85.2,0,0,0,0,0,27.5,0,Matches
427,Jadon Sancho,eng ENG,FW,Chelsea,24-333,2000,13.1,49.5,0.76,6.11,15.4,28.5,6.18,49.5,5.65,2.9,51.4,2.29,40.5,33.7,233.1,130.5,5.19,1.91,2.75,1.53,1.07,39.1,11.2,Matches
428,Ibrahim Sangare,ci CIV,MF,Nott'ham Forest,27-081,1997,2.8,62.5,2.14,14.3,40.7,8.21,2.5,62.5,0,0,,0,,25.4,98.6,28.6,0,0.71,0,1.07,0.36,33.9,0.71,Matches
429,Pablo Sarabia,es ESP,"MF,FW",Wolves,32-286,1992,5.2,51.5,0.58,6.54,25.2,20,2.69,51.5,1.73,0.77,44.4,0.58,33.3,29.8,148.7,81.2,1.92,2.12,0,1.73,1.54,34.4,6.54,Matches
430,Jeremy Sarmiento,ec ECU,MF,Brighton,22-250,2002,0.1,80,0,0,60,20,0,80,0,0,,0,,60,610,100,0,0,0,10,0,70,20,Matches
431,Ismaila Sarr,sn SEN,"MF,FW",Crystal Palace,26-362,1998,18.7,36.2,1.39,5.67,13.5,17.4,4.49,36.2,1.87,0.59,31.4,0.91,48.6,20.3,121.9,65.1,2.35,1.55,1.12,2.46,1.6,24.8,6.52,Matches
432,Savio,br BRA,"FW,MF",Manchester City,20-317,2004,14,56.6,0.57,2.86,13.6,41,7.79,56.6,6.36,3,47.2,2.14,33.7,40.6,339.7,189.2,7.07,2.57,3.79,2.43,1.93,43.9,11.7,Matches
433,Oliver Scarles,eng ENG,DF,West Ham,19-071,2005,1.8,69.4,3.33,22.8,25,22.8,2.22,69.4,2.22,0.56,25,1.67,75,31.1,129.4,58.3,1.11,1.11,0.56,3.33,0.56,32.8,8.33,Matches
434,Dane Scarlett,eng ENG,FW,Tottenham,20-334,2004,0.1,20,0,0,20,0,0,20,0,0,,0,,10,240,210,10,0,0,0,0,0,0,Matches
435,Kevin Schade,de GER,FW,Brentford,23-086,2001,13.8,33.8,1.3,5.22,9.78,19.2,5.43,33.8,3.19,0.94,29.5,1.81,56.8,18,131.2,57.8,2.46,1.16,1.23,2.25,1.81,22.3,6.74,Matches
436,Fabian Schar,ch SUI,DF,Newcastle Utd,33-063,1991,19.8,72.5,8.79,38.3,30.1,4.6,0.96,72.5,0.51,0.35,70,0.05,10,47.1,216,124.7,0.61,0.91,0.05,0.35,0.1,50.7,0.71,Matches
437,Jeffrey Schlupp,gh GHA,"MF,DF",Crystal Palace,32-060,1992,1.1,71.8,1.82,8.18,28.2,37.3,5.45,71.8,0.91,0.91,100,0,0,27.3,136.4,60.9,3.64,0.91,0.91,6.36,0,37.3,8.18,Matches
438,Alex Scott,eng ENG,MF,Bournemouth,21-184,2003,3.1,67.4,3.55,14.2,33.5,20.3,1.94,67.4,4.52,0.65,14.3,2.58,57.1,40,215.8,93.9,1.61,0.97,0.32,1.61,1.29,41.9,4.84,Matches
439,Matz Sels,be BEL,GK,Nott'ham Forest,32-361,1992,25,29,21.8,28.4,0.56,0,0,29,0,0,,0,,14.8,85.6,44.2,0,0,0,0,0,11.6,0,Matches
440,Nelson Semedo,pt POR,DF,Wolves,31-097,1993,19.9,52.7,4.72,16.8,24.4,12.2,0.8,52.7,2.26,1.11,48.9,0.9,40,26.5,160.9,88.9,2.16,1.36,0.4,1.11,0.45,29.7,3.52,Matches
441,Antoine Semenyo,gh GHA,FW,Bournemouth,25-045,2000,23.4,47.3,1.45,6.15,16.1,26.2,5.94,47.3,4.27,2.35,55,1.62,38,28.9,221.9,108.6,4.19,2.14,2.18,2.61,2.22,32.9,8.76,Matches
442,Marcos Senesi,ar ARG,DF,Bournemouth,27-287,1997,10.2,68.4,5.78,29.9,33.2,6.18,1.18,68.4,0.78,0.49,62.5,0.29,37.5,42.4,224.2,128,1.08,1.37,0,0.49,0.49,42.8,0.29,Matches
443,Ryan Sessegnon,eng ENG,"MF,FW",Fulham,24-279,2000,0.2,65,0,20,30,20,0,65,0,0,,0,,35,375,315,5,10,0,0,10,30,10,Matches
444,Luke Shaw,eng ENG,DF,Manchester Utd,29-224,1995,0.8,133.8,3.75,57.5,70,6.25,0,133.8,0,0,,0,,107.5,418.8,178.8,1.25,2.5,0,1.25,0,116.3,0,Matches
445,Zain Silcott-Duberry,ms MSR,FW,Bournemouth,19-227,2005,0,3,0,1,0,2,0,3,0,0,,0,,1,6,6,0,0,0,0,0,2,0,Matches
446,Bernardo Silva,pt POR,"MF,FW",Manchester City,30-195,1994,21.3,64.8,1.46,10.9,25.2,29.2,5.68,64.8,2.16,1.03,47.8,0.94,43.5,40.5,265.7,133.8,3.62,2.21,1.27,0.75,1.22,48.1,7.32,Matches
447,Jota Silva,pt POR,"FW,MF",Nott'ham Forest,25-204,1999,7.9,38.1,2.28,9.75,10.4,19.4,4.94,38.1,3.54,1.14,32.1,1.39,39.3,18.9,124.3,68.4,2.15,1.27,0.89,2.91,1.39,20.9,5.7,Matches
448,Eric da Silva Moreira,de GER,"MF,DF",Nott'ham Forest,18-294,2006,0.3,43.3,10,23.3,13.3,6.67,0,43.3,3.33,0,0,3.33,100,13.3,86.7,36.7,3.33,0,0,3.33,0,10,3.33,Matches
449,Jahmai Simpson-Pusey,eng ENG,DF,Manchester City,19-109,2005,1.1,111.8,8.18,55.5,53.6,2.73,0.91,111.8,0.91,0,0,0,0,71.8,341.8,172.7,0.91,0,0,0.91,0,91.8,0,Matches
450,Luis Sinisterra,co COL,"FW,MF",Bournemouth,25-249,1999,2.3,54.3,2.61,5.22,13.9,35.2,7.83,54.3,6.96,3.04,43.8,3.04,43.8,33.5,243.5,121.7,6.09,1.74,3.48,1.74,1.3,36.1,13,Matches
451,Oliver Skipp,eng ENG,MF,Leicester City,24-158,2000,8.5,49.9,2.47,11.6,31.8,6.94,0.59,49.9,1.06,0.47,44.4,0.59,55.6,28.6,116.1,57.9,1.53,0.82,0.12,1.18,0.59,34.1,1.53,Matches
452,William Smallbone,ie IRL,MF,Southampton,25-000,2000,4.2,56.9,1.67,8.1,27.6,21.7,2.62,56.9,0.48,0.48,100,0,0,23.6,92.4,45.2,0.95,1.67,0,2.14,0.71,34.3,3.57,Matches
453,Adam Smith,eng ENG,DF,Bournemouth,33-298,1991,11.5,44.1,2.52,15,19.3,10,0.26,44.1,0.96,0.35,36.4,0.35,36.4,18.9,68.1,32.2,0.61,1.04,0,0.87,0.43,19.5,1.39,Matches
454,Emile Smith Rowe,eng ENG,MF,Fulham,24-208,2000,16.8,53.9,1.01,7.08,24.9,22.4,2.68,53.9,1.67,0.89,53.6,0.65,39.3,36.2,182.4,99.5,2.92,1.96,0.65,1.55,0.71,42,5.36,Matches
455,Dominic Solanke,eng ENG,FW,Tottenham,27-160,1997,17.8,28.2,1.4,2.75,12.9,12.9,5.22,28.2,2.36,0.79,33.3,1.46,61.9,15.8,89,37,1.52,1.12,0.73,2.47,1.97,19,3.99,Matches
456,Carlos Soler,es ESP,"MF,FW",West Ham,28-050,1997,11.5,49.1,1.3,11.2,25.5,12.9,1.39,49.1,1.39,0.61,43.8,0.7,50,22.6,112.8,45,0.96,1.22,0.35,0.7,0.96,33.1,1.74,Matches
457,Ramon Sosa,py PAR,"FW,MF",Nott'ham Forest,25-174,1999,2.7,45.9,1.48,10.4,13,23.7,4.07,45.9,3.7,2.59,70,1.11,30,23,187,99.6,3.7,2.22,1.48,1.85,1.85,24.4,5.19,Matches
458,Tomas Soucek,cz CZE,MF,West Ham,29-360,1995,19.4,45.5,4.43,12.5,23.2,10,3.81,45.5,0.36,0.21,57.1,0.15,42.9,17.4,53.2,19.2,0.21,0.41,0.1,0.67,0.41,26.7,2.22,Matches
459,Boubakary Soumare,fr FRA,MF,Leicester City,25-360,1999,14.3,63.1,2.94,17,39.1,7.69,0.84,63.1,2.31,1.47,63.6,0.56,24.2,37.7,171.9,89.9,1.4,0.49,0.14,1.19,1.05,43.8,1.05,Matches
460,Djed Spence,eng ENG,DF,Tottenham,24-196,2000,8.6,78.7,4.42,26.6,35.6,17.4,1.4,78.7,4.53,2.56,56.4,1.63,35.9,45.7,272.7,155.9,3.49,2.91,0.58,1.16,1.4,50.2,4.42,Matches
461,Jay Stansfield,eng ENG,MF,Fulham,22-089,2002,0,0,0,0,0,0,0,0,0,0,,0,,0,0,0,0,0,0,0,0,0,0,Matches
462,Jason Steele,eng ENG,GK,Brighton,34-187,1990,2,57,53.5,57,0,0,0,57,0,0,,0,,45.5,180.5,75.5,0,0,0,0,0,41.5,0,Matches
463,Jack Stephens,eng ENG,DF,Southampton,31-025,1994,8.9,78.1,7.87,31.7,38.4,8.43,0.56,78.1,0.34,0,0,0.34,100,43.4,207.4,104.4,1.24,1.01,0,0.11,0.11,57.5,0.11,Matches
464,Raheem Sterling,eng ENG,"FW,MF",Arsenal,30-075,1994,3.2,51.9,0.31,0.94,11.6,40,9.06,51.9,5.63,2.5,44.4,1.56,27.8,38.8,267.5,152.2,5.31,2.5,4.38,2.19,3.44,39.7,15.6,Matches
465,Ross Stewart,sct SCO,"FW,MF",Southampton,28-225,1996,1.5,40.7,3.33,8.67,20,12,1.33,40.7,1.33,0.67,50,0.67,50,22.7,96,36,0.67,0,0,0.67,3.33,30.7,3.33,Matches
466,Jakub Stolarczyk,pl POL,GK,Leicester City,24-064,2000,6,40.2,29.8,39.3,1,0,0,40.2,0,0,,0,,21.7,98.7,66,0,0,0,0.17,0,21.8,0,Matches
467,John Stones,eng ENG,"DF,MF",Manchester City,30-269,1994,6.1,72.5,6.56,23.3,38.4,11.1,0.66,72.5,0.33,0.33,100,0,0,47.9,351.8,193.9,1.64,2.3,0,0.33,0,54.6,0.33,Matches
468,Jorgen Strand Larsen,no NOR,FW,Wolves,25-015,2000,20.4,23.3,1.32,3.19,11.2,8.92,3.48,23.3,0.49,0.2,40,0.29,60,10.5,37.8,13.7,0.44,0.34,0.29,2.79,1.03,16.5,3.09,Matches
469,Yukinari Sugawara,jp JPN,DF,Southampton,24-238,2000,13.5,64.2,4.15,19.3,25.5,19.6,1.63,64.2,1.04,0.59,57.1,0.37,35.7,33.6,161.3,87.9,2,1.04,0.44,1.11,0.22,42.9,4.37,Matches
470,Kamaldeen Sulemana,gh GHA,"FW,MF",Southampton,23-006,2002,4.3,46.3,1.63,6.98,14.7,25.3,4.88,46.3,6.51,2.56,39.3,3.49,53.6,30.2,223,109.3,3.95,2.33,2.33,3.49,2.33,33.5,7.44,Matches
471,Crysencio Summerville,nl NED,"FW,MF",West Ham,23-114,2001,8.7,42.8,1.03,5.4,16.9,20.8,4.37,42.8,4.48,1.49,33.3,2.07,46.2,23.8,168.2,87.6,3.33,1.72,1.49,2.3,1.84,29.8,8.16,Matches
472,Sammie Szmodics,ie IRL,"FW,MF",Ipswich Town,29-150,1995,10.9,28.2,1.47,7.25,10.8,10.6,3.03,28.2,1.1,0.37,33.3,0.55,50,15.9,90.5,36.6,1.47,0.73,0.64,2.2,1.56,17.2,4.22,Matches
473,Dominik Szoboszlai,hu HUN,MF,Liverpool,24-119,2000,19.2,58.9,0.73,7.19,28.6,23.9,4.11,58.9,1.51,0.78,51.7,0.63,41.4,31.7,168,93.3,3.07,1.93,0.89,1.51,0.73,40.5,5,Matches
474,Matt Targett,eng ENG,DF,Newcastle Utd,29-156,1995,0.1,80,0,10,40,30,0,80,0,0,,0,,20,50,10,0,0,0,0,0,50,0,Matches
475,James Tarkowski,eng ENG,DF,Everton,32-094,1992,24.9,52.7,11.2,30.1,19.6,3.29,1.69,52.7,0.28,0.2,71.4,0.08,28.6,21.3,98.8,52,0.16,0.28,0,0.4,0.28,28,0.12,Matches
476,Marcus Tavernier,eng ENG,"FW,MF",Bournemouth,25-336,1999,13.3,53.2,0.9,5.71,20.2,28.3,2.63,53.2,2.71,1.05,38.9,1.58,58.3,30,185.6,84.1,2.26,2.03,0.38,1.73,2.71,33.8,6.39,Matches
477,Charlie Taylor,eng ENG,DF,Southampton,31-156,1993,3,73,7,31,30.3,12,0.33,73,0.67,0.67,100,0,0,30.3,128.7,51.7,1,1,0,0.33,0.33,44.3,2,Matches
478,Jack Taylor,ie IRL,MF,Ipswich Town,26-243,1998,4.7,63.6,4.26,18.5,34,12.6,0.85,63.6,1.06,0.43,40,0.43,40,33.2,194.7,115.5,1.7,1.7,0.21,0.64,1.06,43.2,2.77,Matches
479,Mathys Tel,fr FRA,FW,Tottenham,19-300,2005,1,41,0,2,9,30,9,41,5,1,20,3,60,30,142,53,2,4,0,3,3,30,6,Matches
480,Kenny Tete,nl NED,DF,Fulham,29-135,1995,14,62.8,3.43,19.4,27.3,16.6,1.86,62.8,1.14,0.5,43.8,0.29,25,32.8,163.4,79.6,2.36,1.21,0.5,1.14,0.71,36.5,2.79,Matches
481,Thiago,br BRA,FW,Brentford,23-240,2001,1.5,37.3,4,7.33,15.3,15.3,1.33,37.3,2,1.33,66.7,0.67,33.3,22.7,79.3,28,2,1.33,0.67,3.33,0.67,23.3,2.67,Matches
482,Luke Thomas,eng ENG,DF,Leicester City,23-256,2001,2,65,3,29,25.5,10.5,2,65,0,0,,0,,30.5,79.5,39.5,0.5,0,0.5,0.5,0,33,2.5,Matches
483,Youri Tielemans,be BEL,MF,Aston Villa,27-290,1997,24.7,70.6,2.67,14.2,40.2,17,1.05,70.6,1.9,1.05,55.3,0.57,29.8,38.6,163.6,74.2,1.13,0.77,0.28,1.09,0.81,49.5,1.17,Matches
484,Kieran Tierney,sct SCO,"FW,DF",Arsenal,27-261,1997,0.2,45,0,0,20,25,5,45,0,0,,0,,10,110,90,5,0,5,0,0,25,5,Matches
485,Jurrien Timber,nl NED,DF,Arsenal,23-249,2001,20.5,59,2.2,11.4,30.4,17.5,2.2,59,2,0.88,43.9,0.93,46.3,31.3,134.3,68.1,1.61,0.88,0.24,1.12,0.93,36.1,3.22,Matches
486,Jean-Clair Todibo,fr FRA,DF,West Ham,25-053,1999,9.6,59.5,10.7,35.3,23.1,1.56,0.63,59.5,1.04,0.63,60,0.42,40,34.1,154.6,81.8,0.31,0.31,0,0.42,0.63,39.1,0.1,Matches
487,Harry Toffolo,eng ENG,DF,Nott'ham Forest,29-186,1995,0.5,88,6,26,20,42,4,88,0,0,,0,,20,42,22,0,0,0,0,0,36,8,Matches
488,Takehiro Tomiyasu,jp JPN,DF,Arsenal,26-108,1998,0.1,70,10,40,10,20,10,70,0,0,,0,,10,70,50,0,0,0,0,0,20,0,Matches
489,Sandro Tonali,it ITA,MF,Newcastle Utd,24-289,2000,17.2,60.6,1.92,14,34.4,13.3,1.63,60.6,1.1,0.52,47.4,0.41,36.8,34.4,184.5,78.4,1.34,1.57,0.17,1.05,1.16,42.7,1.98,Matches
490,Pau Torres,es ESP,DF,Aston Villa,28-036,1997,17.2,67.7,10.2,31.5,32.3,4.3,0.76,67.7,0.81,0.76,92.9,0.06,7.1,42.7,286.9,191.5,1.8,1.1,0,0.17,0.17,48.6,0.23,Matches
491,Conor Townsend,eng ENG,DF,Ipswich Town,31-354,1993,1.5,55.3,10.7,27.3,18,10.7,0.67,55.3,0,0,,0,,20,80.7,47.3,0.67,0.67,0,1.33,1.33,28,2.67,Matches
492,Adama Traore,es ESP,FW,Fulham,29-027,1996,13.6,41.8,0.07,4.04,14.3,24.6,5.59,41.8,4.78,2.5,52.3,1.62,33.8,29,243.6,139.7,5.51,2.35,2.28,1.76,0.88,32.5,8.38,Matches
493,Mark Travers,ie IRL,GK,Bournemouth,25-279,1999,5,32.4,28.8,31.8,0.6,0,0,32.4,0,0,,0,,17,85.2,37.6,0,0,0,0,0,13.6,0,Matches
494,Ryan Trevitt,eng ENG,MF,Brentford,21-346,2003,0,7,1,2,4,1,0,7,0,0,,0,,4,7,2,0,0,0,0,0,4,1,Matches
495,Kieran Trippier,eng ENG,DF,Newcastle Utd,34-155,1990,6.5,100.2,3.23,30.8,43.5,26.5,0.77,100.2,0.31,0.15,50,0.15,50,49.5,167.5,91.7,1.54,0.31,0.46,0.62,0.62,65.1,4.31,Matches
496,Leandro Trossard,be BEL,FW,Arsenal,30-079,1994,17.1,43.2,0.76,5.67,12.8,25.6,5.03,43.2,3.22,1.4,43.6,1.52,47.3,27.6,178.1,80.1,3.1,2.05,1.05,1.87,1.87,31.6,7.72,Matches
497,Kostas Tsimikas,gr GRE,DF,Liverpool,28-285,1996,4.1,85.9,5.12,22.9,38,25.1,0.73,85.9,0.49,0.49,100,0,0,38.5,176.8,112.4,2.2,0.98,0.24,0.73,0.49,52,3.9,Matches
498,Axel Tuanzebe,cd COD,DF,Ipswich Town,27-099,1997,11.3,50.2,4.69,20.7,22.8,6.99,0.53,50.2,0.53,0.27,50,0.27,50,21.9,93.8,39.6,0.35,0.53,0.09,0.71,0.09,27.2,0.44,Matches
499,Destiny Udogie,it ITA,DF,Tottenham,22-085,2002,15.9,66.5,2.64,17,29.4,20.8,2.58,66.5,1.57,0.63,40,0.75,48,36.2,198.5,112.5,2.45,1.82,0.5,1.51,1.01,40,4.97,Matches
500,Manuel Ugarte Ribeiro,uy URU,MF,Manchester Utd,23-316,2001,12,58.7,2.83,17.3,33.6,8.58,0.58,58.7,1.33,0.67,50,0.42,31.3,32.6,139.4,58.1,0.58,0.67,0,1.75,1.33,36.1,0.83,Matches
501,Lesley Ugochukwu,fr FRA,MF,Southampton,20-332,2004,8.8,53,2.95,10.9,31.6,10.9,1.36,53,1.82,1.36,75,0.34,18.8,27.7,156.4,72.4,1.93,0.91,0.57,0.45,0.91,35.8,1.48,Matches
502,Enes Unal,tr TUR,"FW,MF",Bournemouth,27-287,1997,3.8,45.3,1.58,3.68,16.6,25,6.84,45.3,3.16,0.26,8.3,2.63,83.3,23.9,68.7,25,1.05,0.79,0.26,4.47,3.42,35,5.79,Matches
503,Virgil van Dijk,nl NED,DF,Liverpool,33-228,1991,26,87.7,11.8,35.6,47.9,4.46,1.38,87.7,0.19,0.12,60,0.08,40,50,239.9,129.5,0.46,0.58,0.08,0.15,0.08,60.4,0.19,Matches
504,Jamie Vardy,eng ENG,FW,Leicester City,38-041,1987,20.7,19.2,0.97,1.88,8.45,9.08,4.01,19.1,0.87,0.34,38.9,0.48,55.6,9.08,44.9,21.8,1.01,0.39,0.53,1.11,0.43,12.4,3.72,Matches
505,Renato Veiga,pt POR,"DF,MF",Chelsea,21-207,2003,2,83.5,1,30.5,41,13.5,1.5,83.5,2.5,1.5,60,1,40,42.5,207,70.5,2,2.5,0.5,0.5,0,55,1.5,Matches
506,Joel Veltman,nl NED,DF,Brighton,33-037,1992,18.3,59.9,3.5,17.9,29.5,13.1,0.55,59.9,0.82,0.22,26.7,0.27,33.3,28.6,151.9,77.3,1.58,1.2,0.16,1.04,0.38,32.7,1.75,Matches
507,Micky van de Ven,nl NED,DF,Tottenham,23-308,2001,8.8,81.4,8.98,42.4,36.3,3.64,0.91,81.4,0.68,0.45,66.7,0.23,33.3,57.3,267.8,128.3,0.91,1.14,0.11,0.45,0.45,59.1,0.11,Matches
508,Bart Verbruggen,nl NED,GK,Brighton,22-187,2002,23,40.1,32.7,39.7,0.43,0,0,40.1,0.09,0.09,100,0,0,26.7,97.5,48.5,0,0.04,0.04,0.09,0,25.6,0,Matches
509,Jannik Vestergaard,dk DEN,DF,Leicester City,32-202,1992,14,71.1,12.9,37.7,31.8,1.93,0.64,71.1,0.29,0.29,100,0,0,43.6,186.4,92.6,0.14,0.21,0,0.14,0,49.6,0.14,Matches
510,Guglielmo Vicario,it ITA,GK,Tottenham,28-137,1996,13,39.9,25.8,39.2,0.77,0,0,39.9,0.08,0.08,100,0,0,29,138.2,74.8,0,0,0,0,0,26.2,0,Matches
511,Carlos Vinicius,br BRA,MF,Fulham,29-333,1995,0,3,0,0,1,2,2,3,1,1,100,0,0,3,10,9,1,0,1,0,0,2,1,Matches
512,Kyle Walker,eng ENG,DF,Manchester City,34-269,1990,10.8,82.6,2.41,18.2,43.8,21.1,0.46,82.6,0.56,0.28,50,0.19,33.3,46.2,211.5,102.4,1.11,1.2,0,0.83,0.19,58.3,1.02,Matches
513,Kyle Walker-Peters,eng ENG,DF,Southampton,27-314,1997,22.8,65.9,5.18,20.3,28.3,17.7,2.02,65.9,2.76,1.1,39.7,1.27,46,40.4,253.9,139.2,3.77,2.24,0.92,0.92,1.32,46.6,4.34,Matches
514,Christian Walton,eng ENG,GK,Ipswich Town,29-104,1995,6,40.3,37.3,40.2,0.17,0,0,40.3,0,0,,0,,20.3,95.3,50.8,0,0,0,0,0,19.5,0,Matches
515,Aaron Wan-Bissaka,eng ENG,DF,West Ham,27-087,1997,23,61.6,4.52,19.6,26.4,16.7,1.35,61.6,3.09,1.61,52.1,1.09,35.2,29,191.1,109.2,3.09,1.78,0.35,0.83,0.7,35.4,4.22,Matches
516,Danny Ward,wls WAL,GK,Leicester City,31-244,1993,1.5,36.7,26.7,36.7,0,0,0,36.7,0.67,0,0,0.67,100,29.3,117.3,71.3,0,0,0,0,0,23.3,0,Matches
517,James Ward-Prowse,eng ENG,MF,West Ham,30-112,1994,0.7,97.1,1.43,15.7,55.7,25.7,0,97.1,0,0,,0,,45.7,224.3,117.1,4.29,4.29,0,0,0,57.1,0,Matches
518,James Ward-Prowse,eng ENG,MF,Nott'ham Forest,30-112,1994,4.4,46.6,2.95,11.1,26.1,10.2,0.23,46.6,0,0,,0,,20.9,92.5,38.6,0.23,0.68,0,0.68,0.68,26.1,0.68,Matches
519,Ollie Watkins,eng ENG,FW,Aston Villa,29-053,1995,20.2,23.9,0.59,1.49,8.76,14,6.19,23.8,1.63,0.35,21.2,1.14,69.7,14.7,75.5,36.2,1.78,0.79,1.24,1.78,1.83,19.2,5.69,Matches
520,Adam Webster,eng ENG,DF,Brighton,30-048,1995,2.9,93.4,12.1,46.2,44.1,3.45,1.03,93.4,0.69,0.34,50,0.34,50,61,335.9,181,0.69,0.69,0,0.69,0,65.9,0.69,Matches
521,Danny Welbeck,eng ENG,FW,Brighton,34-087,1990,16,30.3,0.56,2.38,14.1,14.1,4.06,30.3,1.56,0.56,36,0.88,56,17.5,84.5,35.6,0.94,1.13,0.31,2,1.31,22.3,3.44,Matches
522,Welington,br BRA,DF,Southampton,24-002,2001,1.4,49.3,4.29,19.3,14.3,17.9,1.43,49.3,2.14,2.14,100,0,0,14.3,81.4,52.1,0.71,1.43,0.71,3.57,0,18.6,3.57,Matches
523,Timo Werner,de GER,"FW,MF",Tottenham,28-352,1996,5.6,52.5,1.43,4.11,13.9,35.7,5.89,52.5,3.39,1.79,52.6,1.43,42.1,37.7,312.5,187.5,7.5,4.29,3.21,2.5,1.07,39.8,15.5,Matches
524,Adam Wharton,eng ENG,MF,Crystal Palace,20-264,2004,7.4,65.3,1.89,14.3,34.9,16.5,0.81,65.3,0.95,0.14,14.3,0.81,85.7,33.2,151.8,78.9,1.08,1.49,0.27,0.81,1.49,39.9,0.95,Matches
525,Ben White,eng ENG,DF,Arsenal,27-136,1997,7.7,54.4,4.81,17.8,24.8,12.1,0.91,54.4,0.26,0,0,0.13,50,25.1,87.3,43.1,0.52,0.91,0.13,0.91,0.39,31.8,1.95,Matches
526,Mats Wieffer,nl NED,MF,Brighton,25-097,1999,5.2,79,4.42,18.7,47.5,14,1.73,79,1.73,0.77,44.4,0.96,55.6,45.6,199,83.3,0.96,1.15,0,1.35,1.35,51.9,1.54,Matches
527,Neco Williams,wls WAL,DF,Nott'ham Forest,23-314,2001,15.8,51.1,5.7,19.6,17.7,14.5,1.58,51.1,1.9,0.7,36.7,0.82,43.3,21.9,132.7,66.7,2.47,1.08,0.7,0.82,0.63,24.1,3.35,Matches
528,Willian,br BRA,MF,Fulham,36-196,1988,0,7,0,0,0,7,2,7,0,0,,0,,7,20,11,1,2,1,0,0,7,0,Matches
529,Joe Willock,eng ENG,"MF,FW",Newcastle Utd,25-185,1999,7.4,45.1,1.08,6.22,19.1,20.4,4.05,45.1,2.84,1.08,38.1,1.35,47.6,28.4,166.5,75.9,2.7,2.03,1.08,3.51,2.3,32.4,7.03,Matches
530,Callum Wilson,eng ENG,"FW,MF",Newcastle Utd,32-360,1992,0.9,20,0,0,13.3,6.67,3.33,20,2.22,0,0,1.11,50,13.3,46.7,7.78,0,0,0,1.11,5.56,10,3.33,Matches
531,Harry Wilson,wls WAL,"FW,MF",Fulham,27-336,1997,9.3,46.9,0.75,6.24,17.2,24.3,4.73,46.9,2.47,0.97,39.1,0.97,39.1,28.3,148,65.6,1.72,1.83,0.86,1.4,0.43,31.7,7.63,Matches
532,Harry Winks,eng ENG,MF,Leicester City,29-019,1996,16.2,65.2,2.84,16,41.5,8.64,0.06,65.2,0.62,0.12,20,0.43,70,39.4,182.5,82.7,0.93,0.74,0,0.74,0.49,46.3,0.62,Matches
533,Ben Winterburn,eng ENG,MF,Bournemouth,20-170,2004,0.1,20,0,0,10,10,0,20,0,0,,0,,10,10,0,0,0,0,0,0,10,0,Matches
534,Yoane Wissa,cd COD,FW,Brentford,28-171,1996,19.4,30.2,1.03,4.69,12.7,13.5,4.85,30.2,1.55,0.46,30,0.77,50,18.3,113.2,55.2,1.96,0.82,0.98,2.32,0.98,21.6,4.95,Matches
535,Chris Wood,nz NZL,FW,Nott'ham Forest,33-076,1991,22.3,23.6,1.03,2.51,11.5,9.64,3.05,23.5,0.45,0.18,40,0.22,50,12,44,17.6,0.58,0.36,0.22,2.33,0.67,18.1,2.83,Matches
536,Nathan Wood-Gordon,eng ENG,DF,Southampton,22-266,2002,6.9,66.2,7.83,31.7,30.7,3.91,0.29,66.2,0.72,0.43,60,0.14,20,36.7,166.7,65.8,0.29,0.87,0,0.58,0.14,49.1,0,Matches
537,Luke Woolfenden,eng ENG,DF,Ipswich Town,26-123,1998,8.7,52,12.4,31.3,19.7,1.03,0.34,52,0,0,,0,,27.5,136.6,70.8,0.46,0.34,0,0.23,0,32.6,0,Matches
538,Yehor Yarmoliuk,ua UKR,"MF,FW",Brentford,20-357,2004,7.1,64.8,5.07,19.4,31.1,15.5,1.55,64.8,2.39,1.27,52.9,0.85,35.3,33.1,193.2,68.3,1.55,1.55,0.28,1.83,1.69,38.6,4.93,Matches
539,Ryan Yates,eng ENG,MF,Nott'ham Forest,27-092,1997,16.2,48.8,3.46,12.5,23.5,13.2,1.91,48.8,0.93,0.43,46.7,0.31,33.3,20.4,94.4,40.1,0.74,0.86,0.06,1.11,1.05,26,0.68,Matches
540,Leny Yoro,fr FRA,DF,Manchester Utd,19-100,2005,6.1,67,5.74,31.5,31.6,4.1,1.48,67,0,0,,0,,45.1,184.3,79.7,0.49,0.16,0,0.16,0,49,0.33,Matches
541,Ashley Young,eng ENG,DF,Everton,39-227,1985,16.7,58.1,2.87,18.1,24.7,15.6,0.36,58.1,0.72,0.24,33.3,0.36,50,22.8,118.9,69.6,1.08,1.44,0.06,0.36,0.06,29.3,1.2,Matches
542,Illia Zabarnyi,ua UKR,DF,Bournemouth,22-173,2002,25,58.8,7.24,28.2,29.4,1.92,0.4,58.8,0.28,0.16,57.1,0.08,28.6,36.4,231.6,135,0.72,0.52,0,0.52,0.12,36.3,0.12,Matches
543,Oleksandr Zinchenko,ua UKR,"DF,MF",Arsenal,28-068,1996,2.7,83.7,2.96,19.3,46.7,18.1,3.33,83.7,0.37,0.37,100,0,0,46.7,245.9,104.4,1.85,1.11,0.74,0.74,0.74,53.3,2.22,Matches
544,Joshua Zirkzee,nl NED,"FW,MF",Manchester Utd,23-275,2001,10.8,38.1,1.02,4.26,19.3,14.8,3.98,38.1,2.13,0.74,34.8,1.39,65.2,21,87.8,31.6,0.65,0.93,0.28,2.22,2.13,27.4,4.44,Matches
545,Martin Odegaard,no NOR,MF,Arsenal,26-066,1998,15.3,62.1,0.33,4.38,26.7,31.6,4.38,62,2.29,1.11,48.6,1.11,48.6,43.1,258,130.7,2.88,2.68,0.98,1.24,2.09,49.3,5.69,Matches
