Rk,Player,Nation,Pos,Squad,Age,Born,MP,Starts,Min,90s,Gls,Ast,G+A,G-PK,PK,PKatt,CrdY,CrdR,xG,npxG,xAG,npxG+xAG,PrgC,PrgP,PrgR,Gls,Ast,G+A,G-PK,G+A-PK,xG,xAG,xG+xAG,npxG,npxG+xAG,Matches
1,Max Aarons,eng ENG,DF,Bournemouth,25-048,2000,3,1,86,1,0,0,0,0,0,0,0,0,0,0,0,0,1,8,3,0,0,0,0,0,0,0,0,0,0,Matches
2,Joshua Acheampong,eng ENG,DF,Chelsea,18-292,2006,2,2,160,1.8,0,0,0,0,0,0,0,0,0.11,0.11,0,0.11,0,3.89,0,0,0,0,0,0,0.12,0,0.12,0.12,0.12,Matches
3,Tyler Adams,us USA,MF,Bournemouth,26-007,1999,15,10,956,10.6,0,0.28,0.28,0,0,0,0.38,0,0.1,0.1,0.07,0.17,0.66,3.77,0.47,0,0.28,0.28,0,0.28,0.1,0.07,0.17,0.1,0.17,Matches
4,Tosin Adarabioyo,eng ENG,DF,Chelsea,27-150,1997,12,9,823,9.1,0.11,0,0.11,0.11,0,0,0.22,0,0.09,0.09,0,0.09,0.55,2.86,0.11,0.11,0,0.11,0.11,0.11,0.09,0,0.09,0.09,0.09,Matches
5,Simon Adingra,ci CIV,"FW,MF",Brighton,23-051,2002,17,6,600,6.7,0.3,0.15,0.45,0.3,0,0,0,0,0.22,0.22,0.13,0.36,3.28,1.19,11.3,0.3,0.15,0.45,0.3,0.45,0.22,0.14,0.36,0.22,0.36,Matches
6,Emmanuel Agbadou,ci CIV,DF,Wolves,27-249,1997,5,5,420,4.7,0,0,0,0,0,0,0.43,0,0,0,0,0,0.21,1.91,0,0,0,0,0,0,0.01,0,0.01,0.01,0.01,Matches
7,Asher Agbinone,eng ENG,MF,Crystal Palace,19-146,2005,2,0,6,0.1,0,0,0,0,0,0,0,0,0,0,0,1,20,0,10,0,0,0,0,0,0.29,0.5,0.79,0.29,0.79,Matches
8,Ola Aina,ng NGA,DF,Nott'ham Forest,28-136,1996,25,25,2171,24.1,0.08,0.04,0.12,0.08,0,0,0.08,0,0.02,0.02,0.03,0.05,1.99,3.53,1.95,0.08,0.04,0.12,0.08,0.12,0.02,0.03,0.05,0.02,0.05,Matches
9,Rayan Ait-Nouri,dz ALG,DF,Wolves,23-260,2001,24,24,2043,22.7,0.13,0.22,0.35,0.13,0,0,0.26,0.04,0.07,0.07,0.11,0.18,2.42,3.48,4.98,0.13,0.22,0.35,0.13,0.35,0.07,0.11,0.18,0.07,0.18,Matches
10,Kristoffer Ajer,no NOR,DF,Brentford,26-310,1998,12,11,882,9.8,0,0,0,0,0,0,0.31,0,0.06,0.06,0.08,0.14,2.04,3.57,2.55,0,0,0,0,0,0.06,0.08,0.14,0.06,0.14,Matches
11,Manuel Akanji,ch SUI,DF,Manchester City,29-217,1995,20,20,1707,19,0,0,0,0,0,0,0.16,0,0.04,0.04,0.02,0.06,2,7.11,0.32,0,0,0,0,0,0.04,0.02,0.06,0.04,0.06,Matches
12,Nathan Ake,nl NED,DF,Manchester City,30-003,1995,9,7,602,6.7,0,0,0,0,0,0,0,0,0.03,0.03,0,0.03,1.64,5.82,0.3,0,0,0,0,0,0.03,0,0.03,0.03,0.03,Matches
13,Carlos Alcaraz,ar ARG,MF,Southampton,22-083,2002,1,0,10,0.1,0,0,0,0,0,0,0,0,1,1,1,2,40,60,10,0,0,0,0,0,0.62,0.86,1.48,0.62,1.48,Matches
14,Carlos Alcaraz,ar ARG,MF,Everton,22-083,2002,2,1,99,1.1,0.91,0.91,1.82,0.91,0,0,0,0,0.18,0.18,0.27,0.55,2.73,3.64,5.45,0.91,0.91,1.82,0.91,1.82,0.22,0.31,0.54,0.22,0.54,Matches
15,Trent Alexander-Arnold,eng ENG,DF,Liverpool,26-137,1998,25,23,1892,21,0.1,0.29,0.38,0.1,0,0,0.19,0,0.06,0.06,0.31,0.38,2.1,8.43,3.81,0.1,0.29,0.38,0.1,0.38,0.06,0.31,0.38,0.06,0.38,Matches
16,Alisson,br BRA,GK,Liverpool,32-142,1992,18,18,1608,17.9,0,0,0,0,0,0,0,0,0,0,0.03,0.03,0,0,0,0,0,0,0,0,0,0.03,0.03,0,0.03,Matches
17,Miguel Almiron,py PAR,FW,Newcastle Utd,31-011,1994,9,1,157,1.7,0,0,0,0,0,0,0,0,0.29,0.29,0.18,0.47,1.76,3.53,10.6,0,0,0,0,0,0.3,0.15,0.45,0.3,0.45,Matches
18,Edson Alvarez,mx MEX,MF,West Ham,27-120,1997,20,15,1319,14.7,0,0.07,0.07,0,0,0,0.54,0.07,0.02,0.02,0.05,0.07,1.09,4.01,1.09,0,0.07,0.07,0,0.07,0.02,0.05,0.07,0.02,0.07,Matches
19,Will Alves,eng ENG,FW,Leicester City,20-018,2005,1,0,1,0,0,0,0,0,0,0,0,0,0,0,0,0,0,0,1,0,0,0,0,0,0,0,0,0,0,Matches
20,Samuel Amo-Ameyaw,eng ENG,"FW,DF",Southampton,18-218,2006,2,0,28,0.3,0,0,0,0,0,0,3.33,0,0,0,0.33,0.33,3.33,0,10,0,0,0,0,0,0.07,0.22,0.29,0.07,0.29,Matches
21,Joachim Andersen,dk DEN,DF,Crystal Palace,28-266,1996,1,1,90,1,0,0,0,0,0,0,1,0,0,0,0,0,1,4,1,0,0,0,0,0,0.04,0,0.04,0.04,0.04,Matches
22,Joachim Andersen,dk DEN,DF,Fulham,28-266,1996,16,16,1413,15.7,0,0,0,0,0,0,0.19,0.06,0.02,0.02,0.02,0.04,0.57,4.2,0.06,0,0,0,0,0,0.02,0.02,0.04,0.02,0.04,Matches
23,Elliot Anderson,eng ENG,MF,Nott'ham Forest,22-107,2002,24,20,1636,18.2,0.05,0.27,0.33,0.05,0,0,0.27,0,0.07,0.07,0.15,0.22,1.76,4.62,3.35,0.06,0.28,0.33,0.06,0.33,0.06,0.16,0.22,0.06,0.22,Matches
24,Andre,br BRA,MF,Wolves,23-220,2001,20,18,1402,15.6,0,0,0,0,0,0,0.19,0,0.01,0.01,0.04,0.04,0.32,3.4,0.32,0,0,0,0,0,0.01,0.04,0.04,0.01,0.04,Matches
25,Michail Antonio,jm JAM,FW,West Ham,34-330,1990,14,11,836,9.3,0.11,0.11,0.22,0.11,0,0,0.11,0,0.24,0.24,0.17,0.41,3.12,1.94,6.34,0.11,0.11,0.22,0.11,0.22,0.24,0.17,0.41,0.24,0.41,Matches
26,Antony,br BRA,"DF,MF",Manchester Utd,24-363,2000,8,0,141,1.6,0,0,0,0,0,0,0,0,0.63,0.63,0.06,0.69,3.13,3.75,4.38,0,0,0,0,0,0.65,0.08,0.73,0.65,0.73,Matches
27,Julian Araujo,mx MEX,DF,Bournemouth,23-192,2001,8,5,355,3.9,0,0,0,0,0,0,0.26,0,0,0,0,0,0.51,3.59,2.82,0,0,0,0,0,0,0,0,0,0,Matches
28,Cameron Archer,eng ENG,FW,Southampton,23-215,2001,22,10,1053,11.7,0.17,0,0.17,0.17,0,0.09,0,0,0.41,0.34,0.03,0.37,1.28,0.94,4.02,0.17,0,0.17,0.17,0.17,0.41,0.03,0.44,0.34,0.37,Matches
29,Alphonse Areola,fr FRA,GK,West Ham,31-360,1993,14,13,1180,13.1,0,0,0,0,0,0,0,0,0,0,0,0,0,0,0,0,0,0,0,0,0,0,0,0,0,Matches
30,Joe Aribo,ng NGA,MF,Southampton,28-215,1996,24,16,1549,17.2,0.17,0,0.17,0.17,0,0,0.06,0,0.15,0.15,0.09,0.23,1.8,3.43,3.26,0.17,0,0.17,0.17,0.17,0.15,0.09,0.23,0.15,0.23,Matches
31,Adam Armstrong,eng ENG,"FW,MF",Southampton,28-011,1997,20,15,1248,13.9,0.14,0.14,0.29,0.14,0,0.07,0.29,0,0.24,0.17,0.09,0.25,1.8,1.51,5.68,0.14,0.14,0.29,0.14,0.29,0.24,0.09,0.32,0.17,0.25,Matches
32,Harrison Armstrong,eng ENG,MF,Everton,18-033,2007,3,0,48,0.5,0,0,0,0,0,0,2,0,0.8,0.8,0.2,0.8,2,2,0,0,0,0,0,0,0.69,0.14,0.82,0.69,0.82,Matches
33,Kepa Arrizabalaga,es ESP,GK,Bournemouth,30-141,1994,18,18,1620,18,0,0,0,0,0,0,0.11,0,0,0,0,0,0,0,0,0,0,0,0,0,0,0,0,0,0,Matches
34,Marco Asensio,es ESP,"MF,FW",Aston Villa,29-031,1996,2,1,94,1,0,0,0,0,0,0,0,0,0.4,0.4,0,0.4,3,7,3,0,0,0,0,0,0.35,0.02,0.37,0.35,0.37,Matches
35,Brandon Austin,eng ENG,GK,Tottenham,26-044,1999,1,1,90,1,0,0,0,0,0,0,0,0,0,0,0,0,0,0,0,0,0,0,0,0,0,0,0,0,0,Matches
36,Taiwo Awoniyi,ng NGA,FW,Nott'ham Forest,27-193,1997,19,2,257,2.9,0.34,0,0.34,0.34,0,0,0,0,0.69,0.69,0.03,0.72,1.72,1.72,4.48,0.35,0,0.35,0.35,0.35,0.7,0.04,0.74,0.7,0.74,Matches
37,Yasin Ayari,se SWE,MF,Brighton,21-138,2003,21,14,1274,14.2,0,0,0,0,0,0,0.21,0,0.1,0.1,0.11,0.2,1.41,3.31,3.59,0,0,0,0,0,0.1,0.1,0.21,0.1,0.21,Matches
38,Jordan Ayew,gh GHA,"FW,MF",Crystal Palace,33-163,1991,1,0,21,0.2,0,0,0,0,0,0,5,0,2.5,2.5,0,2.5,0,0,5,0,0,0,0,0,1.96,0.21,2.17,1.96,2.17,Matches
39,Jordan Ayew,gh GHA,"FW,MF",Leicester City,33-163,1991,22,14,1244,13.8,0.29,0,0.29,0.22,0.07,0.07,0.36,0,0.2,0.14,0.05,0.2,2.17,1.96,4.57,0.29,0,0.29,0.22,0.22,0.2,0.05,0.26,0.15,0.2,Matches
40,Benoit Badiashile,fr FRA,DF,Chelsea,23-332,2001,4,2,249,2.8,0,0,0,0,0,0,0,0,0,0,0,0,1.07,5.71,0.71,0,0,0,0,0,0,0,0,0,0,Matches
41,Leon Bailey,jm JAM,"FW,MF",Aston Villa,27-196,1997,20,13,1035,11.5,0.09,0.17,0.26,0.09,0,0,0.17,0,0.13,0.13,0.13,0.26,4.43,2.78,9.3,0.09,0.17,0.26,0.09,0.26,0.13,0.13,0.26,0.13,0.26,Matches
42,Carlos Baleba,cm CMR,MF,Brighton,21-049,2004,21,19,1603,17.8,0.11,0.06,0.17,0.11,0,0,0.39,0.06,0.07,0.07,0.04,0.11,1.57,4.33,0.96,0.11,0.06,0.17,0.11,0.17,0.08,0.04,0.11,0.08,0.11,Matches
43,Ross Barkley,eng ENG,MF,Aston Villa,31-078,1993,16,3,554,6.2,0.48,0.16,0.65,0.48,0,0,0.48,0,0.27,0.27,0.1,0.37,2.26,5.16,1.29,0.49,0.16,0.65,0.49,0.65,0.27,0.09,0.37,0.27,0.37,Matches
44,Harvey Barnes,eng ENG,FW,Newcastle Utd,27-074,1997,20,6,782,8.7,0.57,0.11,0.69,0.57,0,0,0,0,0.34,0.34,0.28,0.62,4.83,4.71,9.43,0.58,0.12,0.69,0.58,0.69,0.34,0.28,0.62,0.34,0.62,Matches
45,Calvin Bassey,ng NGA,DF,Fulham,25-052,1999,24,24,2160,24,0.04,0,0.04,0.04,0,0,0.21,0,0.04,0.04,0,0.05,0.79,3.17,0.46,0.04,0,0.04,0.04,0.04,0.04,0,0.04,0.04,0.04,Matches
46,Jan Bednarek,pl POL,DF,Southampton,28-315,1996,21,21,1872,20.8,0.1,0,0.1,0.1,0,0,0.24,0,0.03,0.03,0.02,0.05,0.19,2.45,0.05,0.1,0,0.1,0.1,0.1,0.03,0.02,0.05,0.03,0.05,Matches
47,Jean-Ricner Bellegarde,fr FRA,"MF,FW",Wolves,26-239,1998,23,11,992,11,0.18,0.27,0.45,0.18,0,0,0.27,0,0.08,0.08,0.16,0.25,2.36,2.18,4.91,0.18,0.27,0.45,0.18,0.45,0.08,0.17,0.25,0.08,0.25,Matches
48,Rodrigo Bentancur,uy URU,MF,Tottenham,27-241,1997,15,12,945,10.5,0.19,0,0.19,0.19,0,0,0.48,0,0.08,0.08,0.04,0.11,1.43,6.19,1.33,0.19,0,0.19,0.19,0.19,0.08,0.04,0.12,0.08,0.12,Matches
49,Sander Berge,no NOR,MF,Fulham,27-007,1998,18,14,1317,14.6,0,0,0,0,0,0,0.14,0,0.01,0.01,0.04,0.05,0.96,4.73,0.07,0,0,0,0,0,0.01,0.04,0.05,0.01,0.05,Matches
50,Lucas Bergvall,se SWE,MF,Tottenham,19-019,2006,18,6,670,7.4,0,0,0,0,0,0,0.41,0,0.05,0.05,0.05,0.11,2.16,4.32,2.16,0,0,0,0,0,0.05,0.05,0.1,0.05,0.1,Matches
51,Victor Bernth Kristiansen,dk DEN,DF,Leicester City,22-067,2002,22,22,1937,21.5,0,0.05,0.05,0,0,0,0.05,0,0.01,0.01,0.06,0.07,1.4,2.56,2.6,0,0.05,0.05,0,0.05,0.01,0.06,0.08,0.01,0.08,Matches
52,Beto,gw GNB,FW,Everton,27-021,1998,17,4,584,6.5,0.77,0,0.77,0.77,0,0,0.15,0,0.54,0.54,0.03,0.57,1.23,0.77,4.92,0.77,0,0.77,0.77,0.77,0.54,0.03,0.56,0.54,0.56,Matches
53,Philip Billing,dk DEN,MF,Bournemouth,28-255,1996,10,1,184,2,0,0,0,0,0,0,0.5,0,0.3,0.3,0.5,0.8,1.5,7.5,6.5,0,0,0,0,0,0.28,0.51,0.79,0.28,0.79,Matches
54,Yves Bissouma,ml MLI,MF,Tottenham,28-175,1996,19,12,1049,11.7,0.17,0,0.17,0.17,0,0,0.43,0,0.04,0.04,0.02,0.06,1.28,5.64,0.26,0.17,0,0.17,0.17,0.17,0.04,0.02,0.06,0.04,0.06,Matches
55,Lamare Bogarde,nl NED,"DF,MF",Aston Villa,21-047,2004,6,4,354,3.9,0,0,0,0,0,0,0.51,0,0,0,0.03,0.05,2.56,2.82,2.05,0,0,0,0,0,0.01,0.03,0.04,0.01,0.04,Matches
56,Willy Boly,ci CIV,DF,Nott'ham Forest,34-018,1991,5,1,134,1.5,0,0,0,0,0,0,0.67,0,0.07,0.07,0,0.07,0,1.33,0,0,0,0,0,0,0.05,0,0.05,0.05,0.05,Matches
57,Sven Botman,nl NED,DF,Newcastle Utd,25-040,2000,3,3,224,2.5,0,0,0,0,0,0,0.4,0,0,0,0,0,0,1.2,0,0,0,0,0,0,0.01,0,0.01,0.01,0.01,Matches
58,Jarrod Bowen,eng ENG,"FW,MF",West Ham,28-063,1996,21,21,1835,20.4,0.29,0.2,0.49,0.25,0.05,0.05,0.05,0,0.24,0.2,0.23,0.43,3.63,3.24,6.13,0.29,0.2,0.49,0.25,0.44,0.24,0.23,0.47,0.2,0.43,Matches
59,Conor Bradley,nir NIR,DF,Liverpool,21-227,2003,12,2,372,4.1,0,0,0,0,0,0,0.49,0,0.12,0.12,0,0.12,4.15,4.15,4.39,0,0,0,0,0,0.12,0,0.12,0.12,0.12,Matches
60,Jarrad Branthwaite,eng ENG,DF,Everton,22-239,2002,18,16,1448,16.1,0,0.06,0.06,0,0,0,0.19,0,0.03,0.03,0.04,0.07,0.37,2.42,0.06,0,0.06,0.06,0,0.06,0.03,0.03,0.07,0.03,0.07,Matches
61,James Bree,eng ENG,DF,Southampton,27-133,1997,12,9,755,8.4,0,0.12,0.12,0,0,0,0,0,0.01,0.01,0.11,0.12,1.07,3.1,3.69,0,0.12,0.12,0,0.12,0.01,0.11,0.12,0.01,0.12,Matches
62,Ben Brereton,cl CHI,FW,Southampton,25-309,1999,10,4,449,5,0,0,0,0,0,0,0.2,0,0.18,0.18,0.02,0.2,2.4,1.8,8.4,0,0,0,0,0,0.18,0.02,0.2,0.18,0.2,Matches
63,Nathan Broadhead,wls WAL,"FW,MF",Ipswich Town,26-322,1998,9,4,380,4.2,0,0,0,0,0,0,0.24,0,0.24,0.24,0.12,0.36,2.86,2.38,4.52,0,0,0,0,0,0.23,0.13,0.36,0.23,0.36,Matches
64,Armando Broja,al ALB,FW,Everton,23-164,2001,5,2,159,1.8,0,0,0,0,0,0,0.56,0,0.06,0.06,0.06,0.11,4.44,1.11,8.33,0,0,0,0,0,0.06,0.06,0.13,0.06,0.13,Matches
65,David Brooks,wls WAL,FW,Bournemouth,27-228,1997,18,7,638,7.1,0.28,0,0.28,0.28,0,0,0.42,0,0.23,0.23,0.23,0.45,3.1,1.97,8.59,0.28,0,0.28,0.28,0.28,0.23,0.22,0.46,0.23,0.46,Matches
66,Emi Buendia,ar ARG,"MF,FW",Aston Villa,28-058,1996,12,0,98,1.1,0,0,0,0,0,0,0.91,0,0.64,0.64,0,0.64,2.73,6.36,5.45,0,0,0,0,0,0.6,0.02,0.62,0.6,0.62,Matches
67,Santiago Bueno,uy URU,DF,Wolves,26-104,1998,18,15,1364,15.2,0,0,0,0,0,0,0,0,0.03,0.03,0,0.03,0.07,1.51,0.07,0,0,0,0,0,0.03,0,0.03,0.03,0.03,Matches
68,Facundo Buonanotte,ar ARG,"FW,MF",Leicester City,20-060,2004,21,12,1152,12.8,0.31,0.16,0.47,0.31,0,0,0.47,0,0.26,0.26,0.22,0.48,2.58,3.2,4.22,0.31,0.16,0.47,0.31,0.47,0.26,0.22,0.48,0.26,0.48,Matches
69,Cameron Burgess,au AUS,DF,Ipswich Town,29-123,1995,10,10,900,10,0,0.1,0.1,0,0,0,0,0,0.07,0.07,0.03,0.1,0.2,2.7,0.3,0,0.1,0.1,0,0.1,0.07,0.03,0.1,0.07,0.1,Matches
70,Dan Burn,eng ENG,DF,Newcastle Utd,32-288,1992,24,24,2160,24,0,0,0,0,0,0,0.29,0,0.05,0.05,0.01,0.05,0.13,1.63,0.25,0,0,0,0,0,0.05,0.01,0.05,0.05,0.05,Matches
71,Wes Burns,wls WAL,"FW,DF",Ipswich Town,30-090,1994,18,12,926,10.3,0,0.1,0.1,0,0,0,0.1,0,0.05,0.05,0.16,0.21,3.69,0.78,6.31,0,0.1,0.1,0,0.1,0.05,0.16,0.21,0.05,0.21,Matches
72,Moises Caicedo,ec ECU,MF,Chelsea,23-111,2001,25,25,2189,24.3,0.04,0.08,0.12,0.04,0,0,0.29,0,0.02,0.02,0.09,0.12,1.11,5.31,1.11,0.04,0.08,0.12,0.04,0.12,0.02,0.09,0.12,0.02,0.12,Matches
73,Tom Cairney,sct SCO,MF,Fulham,34-032,1991,17,2,397,4.4,0.23,0,0.23,0.23,0,0,0.45,0.23,0.02,0.02,0.16,0.18,2.73,9.77,4.55,0.23,0,0.23,0.23,0.23,0.03,0.16,0.19,0.03,0.19,Matches
74,Jens Cajuste,se SWE,MF,Ipswich Town,25-195,1999,18,15,1121,12.5,0,0,0,0,0,0,0.16,0,0.01,0.01,0.02,0.03,1.28,2.4,0.64,0,0,0,0,0,0.01,0.02,0.04,0.01,0.04,Matches
75,Riccardo Calafiori,it ITA,DF,Arsenal,22-278,2002,14,8,768,8.5,0.24,0.12,0.35,0.24,0,0,0.35,0,0.08,0.08,0.02,0.11,1.53,4.59,2.59,0.23,0.12,0.35,0.23,0.35,0.08,0.03,0.11,0.08,0.11,Matches
76,Dominic Calvert-Lewin,eng ENG,FW,Everton,27-342,1997,22,19,1574,17.5,0.17,0.06,0.23,0.17,0,0,0.11,0,0.35,0.35,0.03,0.38,1.26,1.09,6,0.17,0.06,0.23,0.17,0.23,0.35,0.04,0.39,0.35,0.39,Matches
77,Diego Carlos,br BRA,DF,Aston Villa,31-343,1993,10,8,830,9.2,0,0,0,0,0,0,0.11,0,0.07,0.07,0,0.07,0.33,3.7,0,0,0,0,0,0,0.07,0,0.07,0.07,0.07,Matches
78,Fabio Carvalho,pt POR,"FW,MF",Brentford,22-175,2002,18,3,436,4.8,0.21,0.21,0.42,0.21,0,0,0.21,0,0.5,0.5,0.1,0.63,1.88,3.54,4.58,0.21,0.21,0.41,0.21,0.41,0.5,0.11,0.61,0.5,0.61,Matches
79,Casemiro,br BRA,MF,Manchester Utd,32-364,1992,15,11,926,10.3,0.1,0,0.1,0.1,0,0,0.19,0,0.13,0.13,0.21,0.34,0.29,4.85,2.14,0.1,0,0.1,0.1,0.1,0.13,0.21,0.34,0.13,0.34,Matches
80,Kaelan Casey,eng ENG,DF,West Ham,20-116,2004,1,0,1,0,0,0,0,0,0,0,0,0,0,0,0,0,0,0,0,0,0,0,0,0,0,0,0,0,0,Matches
81,Matty Cash,pl POL,DF,Aston Villa,27-198,1997,17,15,1282,14.2,0.07,0.07,0.14,0.07,0,0,0.35,0,0.01,0.01,0.07,0.09,2.39,2.04,3.31,0.07,0.07,0.14,0.07,0.14,0.02,0.07,0.09,0.02,0.09,Matches
82,Timothy Castagne,be BEL,DF,Fulham,29-078,1995,15,10,993,11,0,0.09,0.09,0,0,0,0.09,0,0.01,0.01,0.1,0.11,1.18,3.64,3.64,0,0.09,0.09,0,0.09,0.01,0.1,0.11,0.01,0.11,Matches
83,Trevoh Chalobah,eng ENG,DF,Crystal Palace,25-231,1999,12,12,1060,11.8,0.25,0,0.25,0.25,0,0,0.08,0,0.1,0.1,0.03,0.14,0.93,2.88,0.51,0.25,0,0.25,0.25,0.25,0.1,0.03,0.14,0.1,0.14,Matches
84,Trevoh Chalobah,eng ENG,DF,Chelsea,25-231,1999,4,3,271,3,0,0.33,0.33,0,0,0,0,0,0.07,0.07,0.37,0.43,0.67,4,0,0,0.33,0.33,0,0.33,0.07,0.37,0.45,0.07,0.45,Matches
85,Conor Chaplin,eng ENG,"MF,FW",Ipswich Town,28-005,1997,15,7,614,6.8,0.15,0.15,0.29,0.15,0,0,0.15,0,0.18,0.18,0.09,0.26,1.47,3.68,2.94,0.15,0.15,0.29,0.15,0.29,0.17,0.09,0.26,0.17,0.26,Matches
86,Federico Chiesa,it ITA,FW,Liverpool,27-119,1997,3,0,28,0.3,0,0,0,0,0,0,0,0,0.67,0.67,0,0.67,6.67,3.33,13.3,0,0,0,0,0,0.52,0,0.52,0.52,0.52,Matches
87,Ben Chilwell,eng ENG,DF,Crystal Palace,28-062,1996,1,0,31,0.3,0,0,0,0,0,0,0,0,0,0,0,0,0,3.33,13.3,0,0,0,0,0,0.13,0,0.13,0.13,0.13,Matches
88,Chiquinho,pt POR,MF,Wolves,25-016,2000,1,0,7,0.1,0,0,0,0,0,0,0,0,0,0,0,0,0,0,0,0,0,0,0,0,0,0.42,0.42,0,0.42,Matches
89,Hamza Choudhury,eng ENG,"MF,DF",Leicester City,27-143,1997,4,1,131,1.5,0,0,0,0,0,0,0,0,0,0,0.27,0.27,2.67,2,4,0,0,0,0,0,0,0.27,0.27,0,0.27,Matches
90,Ryan Christie,sct SCO,MF,Bournemouth,29-365,1995,24,22,1840,20.4,0.1,0.15,0.25,0.1,0,0,0.44,0,0.07,0.07,0.16,0.23,1.37,5.98,1.96,0.1,0.15,0.24,0.1,0.24,0.07,0.16,0.23,0.07,0.23,Matches
91,Harry Clarke,eng ENG,DF,Ipswich Town,23-356,2001,7,4,379,4.2,0,0,0,0,0,0,0.71,0.24,0.02,0.02,0,0.02,1.19,3.33,0.48,0,0,0,0,0,0.02,0.01,0.03,0.02,0.03,Matches
92,Jack Clarke,eng ENG,"FW,MF",Ipswich Town,24-090,2000,20,5,637,7.1,0,0.28,0.28,0,0,0,0.14,0,0.11,0.11,0.17,0.3,2.25,2.54,4.08,0,0.28,0.28,0,0.28,0.12,0.18,0.29,0.12,0.29,Matches
93,Nathaniel Clyne,eng ENG,"DF,MF",Crystal Palace,33-322,1991,11,4,397,4.4,0,0,0,0,0,0,0.23,0,0,0,0.02,0.02,1.14,1.36,1.59,0,0,0,0,0,0,0.03,0.03,0,0.03,Matches
94,Conor Coady,eng ENG,DF,Leicester City,31-362,1993,10,8,716,8,0,0,0,0,0,0,0.13,0,0,0,0.01,0.01,0,2.38,0,0,0,0,0,0,0,0.01,0.01,0,0.01,Matches
95,Seamus Coleman,ie IRL,DF,Everton,36-133,1988,3,2,197,2.2,0,0,0,0,0,0,0.45,0,0.27,0.27,0,0.27,0.45,3.64,0.91,0,0,0,0,0,0.26,0,0.26,0.26,0.26,Matches
96,Nathan Collins,ie IRL,DF,Brentford,23-297,2001,25,25,2250,25,0.08,0.04,0.12,0.08,0,0,0.08,0,0.09,0.09,0.06,0.14,0.8,3.52,0.64,0.08,0.04,0.12,0.08,0.12,0.09,0.05,0.14,0.09,0.14,Matches
97,Toby Collyer,eng ENG,MF,Manchester Utd,21-049,2004,4,0,124,1.4,0,0,0,0,0,0,0,0,0,0,0.07,0.07,0,3.57,1.43,0,0,0,0,0,0,0.05,0.05,0,0.05,Matches
98,Levi Colwill,eng ENG,DF,Chelsea,21-361,2003,23,23,2069,23,0,0.04,0.04,0,0,0,0.26,0,0.02,0.02,0.04,0.06,0.39,4.35,0.26,0,0.04,0.04,0,0.04,0.02,0.04,0.06,0.02,0.06,Matches
99,Lewis Cook,eng ENG,"MF,DF",Bournemouth,28-018,1997,24,22,2032,22.6,0.04,0.13,0.18,0.04,0,0,0.27,0,0.03,0.03,0.15,0.18,1.19,5.49,1.46,0.04,0.13,0.18,0.04,0.18,0.03,0.15,0.18,0.03,0.18,Matches
100,Maxwel Cornet,ci CIV,FW,Southampton,28-147,1996,2,1,72,0.8,0,0,0,0,0,0,1.25,0,0.25,0.25,0,0.25,1.25,0,6.25,0,0,0,0,0,0.2,0,0.2,0.2,0.2,Matches
101,Vladimir Coufal,cz CZE,DF,West Ham,32-183,1992,15,8,736,8.2,0,0,0,0,0,0,0.24,0,0.02,0.02,0.07,0.1,1.34,3.41,2.56,0,0,0,0,0,0.02,0.08,0.1,0.02,0.1,Matches
102,Woyo Coulibaly,fr FRA,DF,Leicester City,25-277,1999,3,0,64,0.7,0,0,0,0,0,0,0,0,0,0,0,0,5.71,0,1.43,0,0,0,0,0,0,0,0,0,0,Matches
103,Aaron Cresswell,eng ENG,DF,West Ham,35-068,1989,10,3,296,3.3,0,0,0,0,0,0,0.61,0,0.03,0.03,0.06,0.12,0.91,3.94,0.61,0,0,0,0,0,0.03,0.07,0.11,0.03,0.11,Matches
104,Marc Cucurella,es ESP,DF,Chelsea,26-214,1998,23,21,1894,21,0.1,0.05,0.14,0.1,0,0,0.38,0.05,0.08,0.08,0.08,0.16,1.1,3.52,3.67,0.1,0.05,0.14,0.1,0.14,0.07,0.08,0.16,0.07,0.16,Matches
105,Jorge Cuenca,es ESP,DF,Fulham,25-096,1999,4,1,93,1,0,0,0,0,0,0,0,0,0,0,0,0,0,3,0,0,0,0,0,0,0,0,0,0,0,Matches
106,Matheus Cunha,br BRA,"MF,FW",Wolves,25-270,1999,24,22,1965,21.8,0.55,0.18,0.73,0.55,0,0,0.14,0,0.26,0.26,0.29,0.55,4.04,4.82,5.78,0.55,0.18,0.73,0.55,0.73,0.26,0.29,0.55,0.26,0.55,Matches
107,Patson Daka,zm ZAM,"FW,MF",Leicester City,26-135,1998,13,1,313,3.5,0.29,0,0.29,0.29,0,0,0,0,0.14,0.14,0,0.14,0.86,1.14,4.86,0.29,0,0.29,0.29,0.29,0.14,0,0.14,0.14,0.14,Matches
108,Diogo Dalot,pt POR,DF,Manchester Utd,25-340,1999,24,24,2126,23.6,0,0.04,0.04,0,0,0,0.17,0,0.08,0.08,0.06,0.14,1.82,3.39,5.08,0,0.04,0.04,0,0.04,0.07,0.06,0.13,0.07,0.13,Matches
109,Mikkel Damsgaard,dk DEN,"MF,FW",Brentford,24-233,2000,25,22,1881,20.9,0.1,0.38,0.48,0.1,0,0,0.1,0,0.1,0.1,0.3,0.4,2.49,7.46,4.02,0.1,0.38,0.48,0.1,0.48,0.1,0.3,0.4,0.1,0.4,Matches
110,Danilo,br BRA,MF,Nott'ham Forest,23-298,2001,3,3,140,1.6,0,0,0,0,0,0,0,0,0,0,0,0,0.63,3.75,0,0,0,0,0,0,0,0,0,0,0,Matches
111,Jayden Danns,eng ENG,MF,Liverpool,19-036,2006,1,0,11,0.1,0,0,0,0,0,0,0,0,0,0,0,0,0,0,0,0,0,0,0,0,0,0,0,0,0,Matches
112,Kevin Danso,at AUT,DF,Tottenham,26-155,1998,1,1,77,0.9,0,0,0,0,0,0,0,0,0,0,0,0.11,1.11,1.11,0,0,0,0,0,0,0.05,0.05,0.11,0.05,0.11,Matches
113,Ben Davies,wls WAL,DF,Tottenham,31-303,1993,8,7,631,7,0,0,0,0,0,0,0.29,0,0.03,0.03,0.01,0.03,0.71,4,0.57,0,0,0,0,0,0.02,0.01,0.03,0.02,0.03,Matches
114,Leif Davis,eng ENG,DF,Ipswich Town,25-040,2000,24,24,2112,23.5,0.04,0.09,0.13,0.04,0,0,0.21,0,0.03,0.03,0.15,0.18,1.66,1.87,4.21,0.04,0.09,0.13,0.04,0.13,0.04,0.15,0.18,0.04,0.18,Matches
115,Craig Dawson,eng ENG,DF,Wolves,34-291,1990,15,10,971,10.8,0,0,0,0,0,0,0.19,0,0.05,0.05,0,0.05,0.56,1.85,0.46,0,0,0,0,0,0.05,0,0.05,0.05,0.05,Matches
116,Kevin De Bruyne,be BEL,MF,Manchester City,33-238,1991,17,11,1011,11.2,0.18,0.54,0.71,0.18,0,0,0.18,0,0.22,0.22,0.54,0.76,3.13,9.46,8.84,0.18,0.53,0.71,0.18,0.71,0.22,0.54,0.76,0.22,0.76,Matches
117,Liam Delap,eng ENG,FW,Ipswich Town,22-013,2003,24,23,1843,20.5,0.49,0.1,0.59,0.39,0.1,0.1,0.34,0,0.37,0.29,0.09,0.38,2.15,0.98,3.66,0.49,0.1,0.59,0.39,0.49,0.37,0.09,0.45,0.29,0.38,Matches
118,Sepp van den Berg,nl NED,DF,Brentford,23-063,2001,21,20,1757,19.5,0,0,0,0,0,0,0.05,0,0.04,0.04,0.01,0.05,0.31,2.72,1.18,0,0,0,0,0,0.04,0.01,0.05,0.04,0.05,Matches
119,Justin Devenny,nir NIR,MF,Crystal Palace,21-133,2003,12,3,313,3.5,0.29,0,0.29,0.29,0,0,0,0,0.14,0.14,0.09,0.23,0.86,2.57,2.57,0.29,0,0.29,0.29,0.29,0.14,0.1,0.24,0.14,0.24,Matches
120,Kiernan Dewsbury-Hall,eng ENG,MF,Chelsea,26-168,1998,7,1,161,1.8,0,0.56,0.56,0,0,0,0,0,0.11,0.11,0.56,0.67,2.22,5.56,4.44,0,0.56,0.56,0,0.56,0.12,0.55,0.67,0.12,0.67,Matches
121,Amad Diallo,ci CIV,"FW,MF",Manchester Utd,22-225,2002,22,17,1594,17.7,0.34,0.34,0.68,0.34,0,0,0.17,0,0.23,0.23,0.22,0.45,5.2,2.99,8.98,0.34,0.34,0.68,0.34,0.68,0.23,0.22,0.45,0.23,0.45,Matches
122,Ruben Dias,pt POR,DF,Manchester City,27-283,1997,14,13,1177,13.1,0,0,0,0,0,0,0.23,0,0.08,0.08,0.02,0.1,1.45,5.95,0.38,0,0,0,0,0,0.08,0.02,0.1,0.08,0.1,Matches
123,Luis Diaz,co COL,FW,Liverpool,28-039,1997,25,19,1596,17.7,0.51,0.11,0.62,0.51,0,0,0.11,0,0.4,0.4,0.12,0.51,3.67,4.18,9.72,0.51,0.11,0.62,0.51,0.62,0.39,0.12,0.51,0.39,0.51,Matches
124,Tyler Dibling,eng ENG,"FW,MF",Southampton,18-346,2006,21,14,1265,14.1,0.14,0,0.14,0.14,0,0,0.43,0,0.15,0.15,0.09,0.24,3.76,3.05,4.96,0.14,0,0.14,0.14,0.14,0.15,0.09,0.24,0.15,0.24,Matches
125,Lucas Digne,fr FRA,DF,Aston Villa,31-216,1993,26,23,1894,21,0,0.19,0.19,0,0,0,0.14,0,0.04,0.04,0.18,0.22,0.9,2.24,5.76,0,0.19,0.19,0,0.19,0.04,0.18,0.22,0.04,0.22,Matches
126,Issa Diop,fr FRA,DF,Fulham,28-043,1997,17,12,1072,11.9,0,0,0,0,0,0,0.17,0,0.04,0.04,0.01,0.05,0.34,1.93,0.08,0,0,0,0,0,0.04,0.01,0.05,0.04,0.05,Matches
127,Axel Disasi,fr FRA,DF,Aston Villa,26-347,1998,2,2,180,2,0,0,0,0,0,0,0.5,0,0,0,0.15,0.15,2.5,3.5,2,0,0,0,0,0,0,0.16,0.16,0,0.16,Matches
128,Axel Disasi,fr FRA,DF,Chelsea,26-347,1998,6,4,364,4,0.25,0,0.25,0.25,0,0,0.25,0,0.07,0.07,0.03,0.1,1.5,4,0.5,0.25,0,0.25,0.25,0.25,0.07,0.02,0.09,0.07,0.09,Matches
129,Roman Dixon,eng ENG,DF,Everton,20-057,2004,1,1,90,1,0,0,0,0,0,0,0,0,0,0,0,0,0,0,1,0,0,0,0,0,0,0,0,0,0,Matches
130,Matt Doherty,ie IRL,DF,Wolves,33-036,1992,18,14,1250,13.9,0.14,0.07,0.22,0.14,0,0,0.29,0,0.06,0.06,0.1,0.17,1.22,3.67,2.3,0.14,0.07,0.22,0.14,0.22,0.07,0.1,0.17,0.07,0.17,Matches
131,Jeremy Doku,be BEL,"FW,MF",Manchester City,22-270,2002,16,9,804,8.9,0.34,0.45,0.79,0.34,0,0,0,0,0.09,0.09,0.26,0.35,11.9,4.16,16.5,0.34,0.45,0.78,0.34,0.78,0.08,0.26,0.34,0.08,0.34,Matches
132,Nicolas Dominguez,ar ARG,"MF,FW",Nott'ham Forest,26-238,1998,21,12,1124,12.5,0,0,0,0,0,0,0.48,0,0.1,0.1,0.06,0.15,0.72,3.68,1.28,0,0,0,0,0,0.1,0.05,0.15,0.1,0.15,Matches
133,Patrick Dorgu,dk DEN,DF,Manchester Utd,20-118,2004,1,1,90,1,0,0,0,0,0,0,1,0,0,0,0,0.1,4,4,8,0,0,0,0,0,0.03,0.05,0.08,0.03,0.08,Matches
134,Alfie Dorrington,eng ENG,DF,Tottenham,19-307,2005,1,0,14,0.2,0,0,0,0,0,0,0,0,0,0,0,0,0,0,0,0,0,0,0,0,0,0,0,0,0,Matches
135,Abdoulaye Doucoure,ml MLI,MF,Everton,32-051,1993,22,21,1771,19.7,0.05,0,0.05,0.05,0,0,0.2,0.05,0.09,0.09,0.06,0.15,1.47,2.99,3.25,0.05,0,0.05,0.05,0.05,0.09,0.06,0.15,0.09,0.15,Matches
136,Cheick Doucoure,ml MLI,MF,Crystal Palace,25-044,2000,13,4,452,5,0,0,0,0,0,0,0.2,0,0.08,0.08,0,0.08,0.4,3.8,1.4,0,0,0,0,0,0.08,0,0.08,0.08,0.08,Matches
137,Flynn Downes,eng ENG,MF,Southampton,26-032,1999,18,17,1432,15.9,0.06,0,0.06,0.06,0,0,0.57,0,0.04,0.04,0.06,0.09,1.13,3.14,1.45,0.06,0,0.06,0.06,0.06,0.04,0.06,0.09,0.04,0.09,Matches
138,Tommy Doyle,eng ENG,MF,Wolves,23-127,2001,20,3,470,5.2,0,0.19,0.19,0,0,0,0.19,0,0.12,0.12,0.1,0.21,1.15,7.5,0.38,0,0.19,0.19,0,0.19,0.11,0.1,0.2,0.11,0.2,Matches
139,Radu Dragusin,ro ROU,DF,Tottenham,23-018,2002,16,14,1252,13.9,0,0,0,0,0,0,0.07,0,0.01,0.01,0.03,0.04,0.5,2.66,0.14,0,0,0,0,0,0.01,0.03,0.04,0.01,0.04,Matches
140,Martin Dúbravka,sk SVK,GK,Newcastle Utd,36-037,1989,10,10,900,10,0,0,0,0,0,0,0,0,0,0,0,0,0,0,0,0,0,0,0,0,0,0,0,0,0,Matches
141,Lewis Dunk,eng ENG,DF,Brighton,33-092,1991,19,17,1562,17.4,0,0,0,0,0,0,0.23,0,0.04,0.04,0.03,0.07,0.98,6.38,0.11,0,0,0,0,0,0.04,0.03,0.07,0.04,0.07,Matches
142,Jader Duran,co COL,FW,Aston Villa,21-070,2003,20,4,638,7.1,0.99,0,0.99,0.99,0,0,0.42,0.14,0.69,0.69,0.03,0.72,0.99,1.83,6.2,0.99,0,0.99,0.99,0.99,0.69,0.03,0.71,0.69,0.71,Matches
143,Ederson,br BRA,GK,Manchester City,31-188,1993,16,16,1440,16,0,0.19,0.19,0,0,0,0.19,0,0,0,0.05,0.05,0,0.06,0,0,0.19,0.19,0,0.19,0,0.05,0.05,0,0.05,Matches
144,George Edmundson,eng ENG,DF,Ipswich Town,27-174,1997,1,0,2,0,0,0,0,0,0,0,0,0,0,0,0,0,0,0,0,0,0,0,0,0,0,0,0,0,0,Matches
145,Odsonne Edouard,fr FRA,"MF,FW",Crystal Palace,27-036,1998,2,1,115,1.3,0,0,0,0,0,0,0,0,0.31,0.31,0,0.31,1.54,3.08,5.38,0,0,0,0,0,0.31,0.04,0.34,0.31,0.34,Matches
146,Odsonne Edouard,fr FRA,FW,Leicester City,27-036,1998,4,0,29,0.3,0,0,0,0,0,0,0,0,0,0,0,0,0,3.33,6.67,0,0,0,0,0,0,0.13,0.13,0,0.13,Matches
147,Samuel Edozie,eng ENG,"DF,FW",Southampton,22-024,2003,2,0,65,0.7,0,0,0,0,0,0,1.43,0,0,0,0.14,0.14,8.57,5.71,32.9,0,0,0,0,0,0,0.14,0.14,0,0.14,Matches
148,Ronnie Edwards,eng ENG,DF,Southampton,21-330,2003,1,0,12,0.1,0,0,0,0,0,0,0,0,0,0,0,0,0,0,0,0,0,0,0,0,0,0,0,0,0,Matches
149,Anthony Elanga,se SWE,"FW,MF",Nott'ham Forest,22-300,2002,25,19,1549,17.2,0.17,0.47,0.64,0.17,0,0,0.06,0,0.15,0.15,0.23,0.38,3.6,1.98,7.27,0.17,0.46,0.64,0.17,0.64,0.15,0.23,0.38,0.15,0.38,Matches
150,Harvey Elliott,eng ENG,"MF,FW",Liverpool,21-323,2003,9,0,82,0.9,0,1.11,1.11,0,0,0,0,0,0.11,0.11,0.89,0.89,3.33,12.2,8.89,0,1.1,1.1,0,1.1,0.07,0.84,0.91,0.07,0.91,Matches
151,Yunus Emre Konak,tr TUR,"MF,FW",Brentford,19-042,2006,5,0,21,0.2,0,0,0,0,0,0,0,0,1,1,0,1,5,10,5,0,0,0,0,0,0.66,0,0.66,0.66,0.66,Matches
152,Julio Enciso,py PAR,"MF,FW",Ipswich Town,21-029,2004,3,2,116,1.3,0,0.77,0.77,0,0,0,0.77,0,0.31,0.31,0.23,0.54,3.08,6.92,6.15,0,0.78,0.78,0,0.78,0.33,0.2,0.53,0.33,0.53,Matches
153,Julio Enciso,py PAR,"MF,FW",Brighton,21-029,2004,12,2,294,3.3,0,0,0,0,0,0,0,0,0.3,0.3,0.06,0.36,3.33,4.24,5.15,0,0,0,0,0,0.31,0.07,0.38,0.31,0.38,Matches
154,Wataru Endo,jp JPN,MF,Liverpool,32-012,1993,11,0,106,1.2,0,0,0,0,0,0,0,0,0,0,0,0,0,5.83,0.83,0,0,0,0,0,0,0.02,0.02,0,0.02,Matches
155,Christian Eriksen,dk DEN,MF,Manchester Utd,33-007,1992,13,7,637,7.1,0,0.14,0.14,0,0,0,0.28,0,0.01,0.01,0.3,0.31,0.7,4.79,2.68,0,0.14,0.14,0,0.14,0.02,0.29,0.3,0.02,0.3,Matches
156,Romain Esse,eng ENG,MF,Crystal Palace,19-284,2005,1,0,7,0.1,10,0,10,10,0,0,0,0,3,3,0,3,0,10,20,12.86,0,12.86,12.86,12.86,3.61,0,3.61,3.61,3.61,Matches
157,Pervis Estupinan,ec ECU,DF,Brighton,27-031,1998,18,15,1417,15.7,0,0.06,0.06,0,0,0,0.19,0,0.04,0.04,0.11,0.15,2.48,4.52,4.84,0,0.06,0.06,0,0.06,0.04,0.11,0.15,0.04,0.15,Matches
158,Evanilson,br BRA,FW,Bournemouth,25-138,1999,19,17,1370,15.2,0.33,0,0.33,0.33,0,0.07,0,0,0.43,0.38,0.07,0.45,1.25,0.86,4.01,0.33,0,0.33,0.33,0.33,0.43,0.07,0.51,0.38,0.45,Matches
159,Jonny Evans,nir NIR,DF,Manchester Utd,37-049,1988,6,3,290,3.2,0,0,0,0,0,0,0.31,0,0.03,0.03,0,0.03,0.31,2.5,0.63,0,0,0,0,0,0.03,0,0.03,0.03,0.03,Matches
160,Eberechi Eze,eng ENG,"MF,FW",Crystal Palace,26-237,1998,21,19,1656,18.4,0.11,0.27,0.38,0.11,0,0,0.05,0,0.28,0.28,0.2,0.47,2.61,3.91,6.03,0.11,0.27,0.38,0.11,0.38,0.28,0.2,0.47,0.28,0.47,Matches
161,Lukasz Fabianski,pl POL,GK,West Ham,39-309,1985,13,12,1070,11.9,0,0,0,0,0,0,0.17,0,0,0,0,0,0,0,0,0,0,0,0,0,0,0,0,0,0,Matches
162,Wout Faes,be BEL,DF,Leicester City,26-324,1998,22,18,1735,19.3,0.05,0,0.05,0.05,0,0,0.16,0,0.06,0.06,0.01,0.06,0.41,3.01,0.05,0.05,0,0.05,0.05,0.05,0.06,0,0.06,0.06,0.06,Matches
163,Abdul Fatawu Issahaku,gh GHA,FW,Leicester City,20-350,2004,11,6,579,6.4,0,0.31,0.31,0,0,0,0,0,0.06,0.06,0.25,0.31,6.56,2.66,9.38,0,0.31,0.31,0,0.31,0.06,0.24,0.31,0.06,0.31,Matches
164,Joao Felix,pt POR,"FW,MF",Chelsea,25-103,1999,12,3,369,4.1,0.24,0.24,0.49,0.24,0,0,0.49,0,0.54,0.54,0.24,0.78,5.12,6.34,7.07,0.24,0.24,0.49,0.24,0.49,0.54,0.23,0.78,0.54,0.78,Matches
165,Evan Ferguson,ie IRL,FW,West Ham,20-125,2004,1,0,45,0.5,0,0,0,0,0,0,0,0,0.2,0.2,0.4,0.6,2,0,4,0,0,0,0,0,0.24,0.46,0.7,0.24,0.7,Matches
166,Evan Ferguson,ie IRL,FW,Brighton,20-125,2004,13,2,246,2.7,0.37,0,0.37,0.37,0,0,0,0,0.19,0.19,0.15,0.37,0.74,0.37,3.33,0.37,0,0.37,0.37,0.37,0.2,0.15,0.35,0.2,0.35,Matches
167,Bruno Fernandes,pt POR,MF,Manchester Utd,30-166,1994,24,24,2015,22.4,0.22,0.27,0.49,0.09,0.13,0.13,0.18,0.09,0.35,0.25,0.24,0.48,2.32,8.79,4.55,0.22,0.27,0.49,0.09,0.36,0.35,0.24,0.59,0.24,0.48,Matches
168,Mateus Fernandes,pt POR,MF,Southampton,20-226,2004,23,21,1829,20.3,0.05,0.1,0.15,0.05,0,0,0.34,0,0.15,0.15,0.1,0.25,2.76,4.63,3.3,0.05,0.1,0.15,0.05,0.15,0.15,0.1,0.25,0.15,0.25,Matches
169,Enzo Fernandez,ar ARG,MF,Chelsea,24-035,2001,23,19,1782,19.8,0.15,0.2,0.35,0.15,0,0,0.25,0,0.15,0.15,0.19,0.34,1.36,6.77,3.43,0.15,0.2,0.35,0.15,0.35,0.15,0.19,0.34,0.15,0.34,Matches
170,Mark Flekken,nl NED,GK,Brentford,31-253,1993,24,24,2105,23.4,0,0.04,0.04,0,0,0,0.04,0,0,0,0.01,0.01,0,0,0,0,0.04,0.04,0,0.04,0,0.01,0.01,0,0.01,Matches
171,Phil Foden,eng ENG,"MF,FW",Manchester City,24-269,2000,20,16,1439,16,0.44,0.13,0.56,0.44,0,0,0.13,0,0.29,0.29,0.28,0.56,2.56,5.31,6.44,0.44,0.13,0.56,0.44,0.56,0.29,0.28,0.57,0.29,0.57,Matches
172,Wesley Fofana,fr FRA,DF,Chelsea,24-066,2000,12,12,1015,11.3,0,0,0,0,0,0,0.53,0,0.04,0.04,0.04,0.07,1.24,2.21,0.35,0,0,0,0,0,0.04,0.04,0.07,0.04,0.07,Matches
173,Carlos Forbs,pt POR,"MF,FW",Wolves,20-339,2004,9,1,237,2.6,0,0,0,0,0,0,0.77,0,0.04,0.04,0,0.08,3.46,3.08,10.8,0,0,0,0,0,0.05,0.01,0.07,0.05,0.07,Matches
174,Fraser Forster,eng ENG,GK,Tottenham,36-341,1988,7,7,630,7,0,0,0,0,0,0,0,0,0,0,0,0,0,0,0,0,0,0,0,0,0,0,0,0,0,Matches
175,Ryan Fraser,sct SCO,"FW,DF",Southampton,30-363,1994,8,4,306,3.4,0,0,0,0,0,0,0,0.29,0,0,0.03,0.03,2.94,2.35,5.29,0,0,0,0,0,0.01,0.03,0.04,0.01,0.04,Matches
176,Niclas Fullkrug,de GER,FW,West Ham,32-012,1993,9,3,370,4.1,0.49,0.24,0.73,0.49,0,0,0.24,0,0.34,0.34,0.24,0.59,0.73,0.98,1.95,0.49,0.24,0.73,0.49,0.73,0.35,0.24,0.59,0.35,0.59,Matches
177,Cody Gakpo,nl NED,FW,Liverpool,25-290,1999,24,16,1370,15.2,0.53,0.2,0.72,0.53,0,0,0.26,0,0.36,0.36,0.23,0.59,2.5,2.83,13.6,0.53,0.2,0.72,0.53,0.72,0.36,0.23,0.59,0.36,0.59,Matches
178,Idrissa Gana Gueye,sn SEN,MF,Everton,35-148,1989,24,22,1923,21.4,0,0.09,0.09,0,0,0,0.23,0,0.04,0.04,0.06,0.1,0.75,4.35,0.75,0,0.09,0.09,0,0.09,0.04,0.05,0.1,0.04,0.1,Matches
179,Andres Garcia,es ESP,DF,Aston Villa,22-014,2003,3,3,201,2.2,0,0,0,0,0,0,0,0,0,0,0,0,8.64,3.64,7.27,0,0,0,0,0,0.02,0,0.02,0.02,0.02,Matches
180,Alejandro Garnacho,ar ARG,"FW,MF",Manchester Utd,20-235,2004,24,14,1411,15.7,0.19,0.06,0.25,0.19,0,0,0.06,0,0.34,0.34,0.16,0.5,5.16,1.91,12.2,0.19,0.06,0.26,0.19,0.26,0.35,0.16,0.51,0.35,0.51,Matches
181,James Garner,eng ENG,"MF,DF",Everton,23-345,2001,8,5,524,5.8,0,0.17,0.17,0,0,0,0.34,0,0.02,0.02,0.12,0.14,0.34,1.9,1.38,0,0.17,0.17,0,0.17,0.01,0.13,0.14,0.01,0.14,Matches
182,Tyrique George,eng ENG,FW,Chelsea,19-017,2006,2,0,33,0.4,0,0,0,0,0,0,2.5,0,0.25,0.25,0,0.25,7.5,0,17.5,0,0,0,0,0,0.16,0,0.16,0.16,0.16,Matches
183,Morgan Gibbs-White,eng ENG,MF,Nott'ham Forest,25-025,2000,21,21,1660,18.4,0.27,0.27,0.54,0.27,0,0,0.38,0.05,0.18,0.18,0.19,0.37,2.66,5.54,4.46,0.27,0.27,0.54,0.27,0.54,0.18,0.19,0.37,0.18,0.37,Matches
184,Billy Gilmour,sct SCO,MF,Brighton,23-255,2001,2,1,98,1.1,0,0,0,0,0,0,0,0,0.09,0.09,0,0.09,1.82,10,1.82,0,0,0,0,0,0.07,0,0.07,0.07,0.07,Matches
185,Ben Godfrey,eng ENG,DF,Ipswich Town,27-037,1998,1,1,63,0.7,0,0,0,0,0,0,0,0,0,0,0,0,1.43,4.29,0,0,0,0,0,0,0,0,0,0,0,Matches
186,Martial Godo,eng ENG,FW,Fulham,21-344,2003,1,0,16,0.2,0,0,0,0,0,0,0,0,0,0,0,0,0,0,15,0,0,0,0,0,0,0,0,0,0,Matches
187,Joao Gomes,br BRA,MF,Wolves,24-009,2001,23,23,1934,21.5,0.09,0.05,0.14,0.09,0,0,0.37,0.05,0.08,0.08,0.04,0.12,1.67,5.26,2.19,0.09,0.05,0.14,0.09,0.14,0.08,0.04,0.12,0.08,0.12,Matches
188,Rodrigo Gomes,pt POR,"DF,FW",Wolves,21-229,2003,17,6,569,6.3,0.16,0,0.16,0.16,0,0,0,0,0.06,0.06,0.11,0.17,2.7,3.49,9.05,0.16,0,0.16,0.16,0.16,0.06,0.11,0.17,0.06,0.17,Matches
189,Toti Gomes,pt POR,DF,Wolves,26-036,1999,18,17,1444,16,0,0.06,0.06,0,0,0,0.25,0,0,0,0.04,0.04,0.63,2.44,0.44,0,0.06,0.06,0,0.06,0,0.04,0.04,0,0.04,Matches
190,Diego Gómez,py PAR,MF,Brighton,21-331,2003,3,0,63,0.7,0,0,0,0,0,0,0,0,0,0,0,0,0,2.86,0,0,0,0,0,0,0,0,0,0,0,Matches
191,Joe Gomez,eng ENG,DF,Liverpool,27-274,1997,9,6,519,5.8,0,0,0,0,0,0,0.17,0,0.05,0.05,0.02,0.07,0.86,6.03,0.34,0,0,0,0,0,0.06,0.02,0.08,0.06,0.08,Matches
192,Nicolas Gonzalez,es ESP,MF,Manchester City,23-049,2002,1,1,90,1,0,0,0,0,0,0,0,0,0,0,0,0,1,6,3,0,0,0,0,0,0,0,0,0,0,Matches
193,Anthony Gordon,eng ENG,FW,Newcastle Utd,23-363,2001,24,23,1928,21.4,0.28,0.23,0.51,0.23,0.05,0.09,0.09,0,0.35,0.27,0.23,0.5,4.58,3.5,8.36,0.28,0.23,0.51,0.23,0.47,0.34,0.23,0.57,0.27,0.5,Matches
194,Ryan Gravenberch,nl NED,MF,Liverpool,22-281,2002,26,26,2225,24.7,0,0.08,0.08,0,0,0,0.2,0,0.04,0.04,0.11,0.15,2.02,5.26,1.58,0,0.08,0.08,0,0.08,0.03,0.11,0.14,0.03,0.14,Matches
195,Archie Gray,eng ENG,DF,Tottenham,18-346,2006,18,10,975,10.8,0,0,0,0,0,0,0,0,0,0,0,0,0.28,2.31,0.65,0,0,0,0,0,0,0,0,0,0,Matches
196,Jack Grealish,eng ENG,"FW,MF",Manchester City,29-164,1995,15,6,608,6.8,0,0.15,0.15,0,0,0,0.44,0,0.12,0.12,0.25,0.35,9.71,6.32,16.3,0,0.15,0.15,0,0.15,0.12,0.25,0.36,0.12,0.36,Matches
197,Jacob Greaves,eng ENG,DF,Ipswich Town,24-162,2000,15,15,1350,15,0.07,0,0.07,0.07,0,0,0.2,0,0.05,0.05,0,0.05,0.13,2.13,0.27,0.07,0,0.07,0.07,0.07,0.05,0,0.05,0.05,0.05,Matches
198,Brajan Gruda,de GER,"FW,MF",Brighton,20-266,2004,11,5,367,4.1,0,0,0,0,0,0,0,0,0.07,0.07,0.12,0.2,3.41,3.17,9.51,0,0,0,0,0,0.07,0.13,0.21,0.07,0.21,Matches
199,Albert Gronbaek,dk DEN,MF,Southampton,23-274,2001,1,1,69,0.8,0,0,0,0,0,0,0,0,0.13,0.13,0,0.13,1.25,0,1.25,0,0,0,0,0,0.15,0,0.15,0.15,0.15,Matches
200,Gonçalo Guedes,pt POR,"MF,FW",Wolves,28-084,1996,22,7,740,8.2,0.24,0.49,0.73,0.24,0,0,0.12,0,0.27,0.27,0.13,0.4,3.41,3.41,6.59,0.24,0.49,0.73,0.24,0.73,0.26,0.13,0.4,0.26,0.4,Matches
201,Marc Guehi,eng ENG,DF,Crystal Palace,24-223,2000,24,24,2160,24,0.13,0.08,0.21,0.13,0,0,0.21,0,0.07,0.07,0.05,0.11,0.5,4.17,0.29,0.12,0.08,0.21,0.12,0.21,0.07,0.04,0.11,0.07,0.11,Matches
202,Luis Guilherme,br BRA,"MF,FW",West Ham,19-012,2006,7,0,57,0.6,0,0,0,0,0,0,0,0,0,0,0,0.17,1.67,3.33,10,0,0,0,0,0,0.05,0.08,0.13,0.05,0.13,Matches
203,Bruno Guimaraes,br BRA,MF,Newcastle Utd,27-097,1997,25,25,2159,24,0.08,0.25,0.33,0.08,0,0,0.17,0,0.09,0.09,0.21,0.3,1.33,7.58,2.42,0.08,0.25,0.33,0.08,0.33,0.09,0.21,0.31,0.09,0.31,Matches
204,Marc Guiu,es ESP,FW,Chelsea,19-048,2006,3,0,73,0.8,0,0,0,0,0,0,0,0,0,0,0,0,0,0,3.75,0,0,0,0,0,0,0.04,0.04,0,0.04,Matches
205,Ilkay Gundogan,de GER,MF,Manchester City,34-120,1990,22,16,1430,15.9,0,0.13,0.13,0,0,0,0.06,0,0.1,0.1,0.13,0.23,2.39,5.97,3.71,0,0.13,0.13,0,0.13,0.1,0.13,0.23,0.1,0.23,Matches
206,Malo Gusto,fr FRA,DF,Chelsea,21-278,2003,21,15,1366,15.2,0,0.07,0.07,0,0,0,0.2,0,0.1,0.1,0.07,0.16,2.24,5.2,4.41,0,0.07,0.07,0,0.07,0.1,0.06,0.16,0.1,0.16,Matches
207,Josko Gvardiol,hr CRO,DF,Manchester City,23-029,2002,24,23,2108,23.4,0.21,0,0.21,0.21,0,0,0.04,0,0.18,0.16,0.07,0.23,2.44,7.05,3.72,0.21,0,0.21,0.21,0.21,0.18,0.07,0.25,0.16,0.23,Matches
208,Erling Haaland,no NOR,FW,Manchester City,24-215,2000,25,25,2210,24.6,0.77,0.12,0.89,0.73,0.04,0.08,0.08,0,0.74,0.68,0.11,0.79,0.69,0.65,3.98,0.77,0.12,0.9,0.73,0.86,0.75,0.11,0.86,0.68,0.79,Matches
209,Lewis Hall,eng ENG,DF,Newcastle Utd,20-166,2004,25,22,2009,22.3,0,0.13,0.13,0,0,0,0.13,0,0.02,0.02,0.18,0.2,1.66,5.11,3.23,0,0.13,0.13,0,0.13,0.02,0.18,0.2,0.02,0.2,Matches
210,Ali Al Hamadi,iq IRQ,FW,Ipswich Town,22-357,2002,11,0,134,1.5,0,0,0,0,0,0,2,0,0.27,0.27,0.07,0.27,2.67,2,9.33,0,0,0,0,0,0.24,0.05,0.28,0.24,0.28,Matches
211,Marcus Harness,eng ENG,MF,Ipswich Town,28-363,1996,2,0,45,0.5,0,0,0,0,0,0,0,0,0,0,0,0,0,4,2,0,0,0,0,0,0,0,0,0,0,Matches
212,Jack Harrison,eng ENG,FW,Everton,28-093,1996,21,13,1156,12.8,0,0,0,0,0,0,0,0,0.19,0.19,0.16,0.34,2.27,2.19,5.39,0,0,0,0,0,0.18,0.16,0.34,0.18,0.34,Matches
213,Taylor Harwood-Bellis,eng ENG,DF,Southampton,23-022,2002,23,22,1895,21.1,0.05,0,0.05,0.05,0,0,0.33,0,0.08,0.08,0.04,0.11,0.9,4.36,0.33,0.05,0,0.05,0.05,0.05,0.07,0.04,0.11,0.07,0.11,Matches
214,Kai Havertz,de GER,"FW,MF",Arsenal,25-255,1999,21,21,1839,20.4,0.44,0.15,0.59,0.44,0,0,0.2,0,0.46,0.46,0.12,0.58,1.67,2.89,5.39,0.44,0.15,0.59,0.44,0.59,0.46,0.12,0.58,0.46,0.58,Matches
215,Jan Paul van Hecke,nl NED,DF,Brighton,24-258,2000,23,22,1970,21.9,0,0.05,0.05,0,0,0,0.18,0,0.04,0.04,0.05,0.08,1.78,7.67,0.23,0,0.05,0.05,0,0.05,0.03,0.04,0.08,0.03,0.08,Matches
216,Hwang Hee-chan,kr KOR,"MF,FW",Wolves,29-026,1996,17,5,620,6.9,0.29,0,0.29,0.29,0,0,0,0,0.12,0.12,0.01,0.13,2.03,1.59,5.51,0.29,0,0.29,0.29,0.29,0.12,0.02,0.13,0.12,0.13,Matches
217,Dean Henderson,eng ENG,GK,Crystal Palace,27-346,1997,25,25,2250,25,0,0,0,0,0,0,0.12,0,0,0,0,0,0,0,0,0,0,0,0,0,0,0,0,0,0,Matches
218,Rico Henry,eng ENG,DF,Brentford,27-228,1997,1,0,4,0,0,0,0,0,0,0,0,0,0,0,0,0,0,0,1,0,0,0,0,0,0,0,0,0,0,Matches
219,Mads Hermansen,dk DEN,GK,Leicester City,24-225,2000,18,18,1575,17.5,0,0,0,0,0,0,0,0,0,0,0,0,0,0.06,0,0,0,0,0,0,0,0,0,0,0,Matches
220,Son Heung-min,kr KOR,FW,Tottenham,32-228,1992,22,20,1671,18.6,0.32,0.38,0.7,0.32,0,0.05,0.05,0,0.28,0.24,0.35,0.59,3.82,4.68,11.2,0.32,0.38,0.7,0.32,0.7,0.28,0.35,0.63,0.24,0.59,Matches
221,James Hill,eng ENG,"DF,MF",Bournemouth,23-042,2002,5,3,179,2,0,0.5,0.5,0,0,0,0,0,0,0,0.1,0.15,0,4.5,2.5,0,0.5,0.5,0,0.5,0,0.13,0.13,0,0.13,Matches
222,Jack Hinshelwood,eng ENG,"MF,DF",Brighton,19-316,2005,13,12,974,10.8,0.09,0,0.09,0.09,0,0,0.28,0,0.07,0.07,0.03,0.1,0.93,3.61,2.59,0.09,0,0.09,0.09,0.09,0.07,0.03,0.1,0.07,0.1,Matches
223,George Hirst,eng ENG,FW,Ipswich Town,26-006,1999,13,1,230,2.6,0.38,0.38,0.77,0.38,0,0,0.38,0,0.38,0.38,0.12,0.46,1.15,3.46,6.54,0.39,0.39,0.78,0.39,0.78,0.38,0.1,0.48,0.38,0.48,Matches
224,Mason Holgate,eng ENG,"FW,DF",Everton,28-122,1996,1,0,6,0.1,0,0,0,0,0,0,0,0,0,0,0,0,0,0,0,0,0,0,0,0,0,0,0,0,0,Matches
225,Callum Hudson-Odoi,eng ENG,"FW,MF",Nott'ham Forest,24-106,2000,21,18,1548,17.2,0.17,0.12,0.29,0.17,0,0,0.06,0,0.12,0.12,0.12,0.23,5.52,2.85,8.14,0.17,0.12,0.29,0.17,0.29,0.12,0.12,0.23,0.12,0.23,Matches
226,Will Hughes,eng ENG,MF,Crystal Palace,29-310,1995,22,17,1495,16.6,0,0.18,0.18,0,0,0,0.48,0,0.05,0.05,0.11,0.16,1.02,4.22,1.45,0,0.18,0.18,0,0.18,0.05,0.11,0.16,0.05,0.16,Matches
227,Dean Huijsen,es ESP,DF,Bournemouth,19-313,2005,19,14,1334,14.8,0.14,0,0.14,0.14,0,0,0.34,0,0.1,0.1,0.05,0.16,1.55,4.32,0.2,0.13,0,0.13,0.13,0.13,0.1,0.06,0.16,0.1,0.16,Matches
228,Omari Hutchinson,eng ENG,"MF,FW",Ipswich Town,21-114,2003,23,23,1954,21.7,0.09,0.09,0.18,0.09,0,0,0.23,0,0.08,0.08,0.11,0.18,2.76,2.44,4.88,0.09,0.09,0.18,0.09,0.18,0.08,0.11,0.19,0.08,0.19,Matches
229,Rasmus Hojlund,dk DEN,FW,Manchester Utd,22-017,2003,20,14,1200,13.3,0.15,0,0.15,0.15,0,0,0.08,0,0.19,0.19,0.08,0.27,1.43,0.98,4.59,0.15,0,0.15,0.15,0.15,0.19,0.08,0.27,0.19,0.27,Matches
230,Igor,br BRA,DF,Brighton,27-014,1998,12,9,903,10,0,0,0,0,0,0,0.4,0,0,0,0.02,0.02,0.9,4.4,0,0,0,0,0,0,0,0.02,0.02,0,0.02,Matches
231,Danny Ings,eng ENG,"FW,MF",West Ham,32-213,1992,14,1,277,3.1,0.32,0.65,0.97,0.32,0,0,0,0,0.74,0.74,0.42,1.13,1.94,1.61,8.39,0.32,0.65,0.97,0.32,0.97,0.74,0.42,1.15,0.74,1.15,Matches
232,Tim Iroegbunam,eng ENG,MF,Everton,21-236,2003,9,4,411,4.6,0,0.22,0.22,0,0,0,0.43,0,0.04,0.04,0.04,0.09,1.09,2.39,1.96,0,0.22,0.22,0,0.22,0.05,0.04,0.09,0.05,0.09,Matches
233,Andy Irving,sct SCO,MF,West Ham,24-284,2000,9,1,165,1.8,0,0,0,0,0,0,1.11,0,0.06,0.06,0.11,0.22,0,5,2.22,0,0,0,0,0,0.07,0.13,0.19,0.07,0.19,Matches
234,Alexander Isak,se SWE,FW,Newcastle Utd,25-153,1999,23,23,1888,21,0.81,0.24,1.05,0.76,0.05,0.05,0.05,0,0.68,0.64,0.18,0.82,2.95,2.81,6.95,0.81,0.24,1.05,0.76,1,0.68,0.18,0.86,0.64,0.82,Matches
235,Alex Iwobi,ng NGA,"FW,MF",Fulham,28-294,1996,25,25,2105,23.4,0.3,0.13,0.43,0.3,0,0,0.04,0,0.15,0.15,0.21,0.37,4.49,6.62,7.39,0.3,0.13,0.43,0.3,0.43,0.15,0.21,0.37,0.15,0.37,Matches
236,Nicolas Jackson,sn SEN,FW,Chelsea,23-246,2001,23,22,1736,19.3,0.47,0.26,0.73,0.47,0,0,0.26,0,0.59,0.59,0.21,0.8,2.12,1.4,4.87,0.47,0.26,0.73,0.47,0.73,0.59,0.21,0.8,0.59,0.8,Matches
237,Reece James,eng ENG,DF,Chelsea,25-075,1999,9,6,510,5.7,0.18,0,0.18,0.18,0,0,0.18,0,0.02,0.02,0.05,0.07,0.7,5.96,0.88,0.18,0,0.18,0.18,0.18,0.02,0.05,0.07,0.02,0.07,Matches
238,Vitaly Janelt,de GER,MF,Brentford,26-287,1998,24,21,1792,19.9,0.05,0.15,0.2,0.05,0,0,0.15,0,0.03,0.03,0.11,0.14,0.55,3.17,1.51,0.05,0.15,0.2,0.05,0.2,0.03,0.11,0.14,0.03,0.14,Matches
239,Vitezslav Jaros,cz CZE,GK,Liverpool,23-213,2001,1,0,12,0.1,0,0,0,0,0,0,0,0,0,0,0,0,0,0,0,0,0,0,0,0,0,0,0,0,0,Matches
240,Daniel Jebbison,eng ENG,"FW,MF",Bournemouth,21-192,2003,7,0,62,0.7,0,0,0,0,0,0,1.43,0,0.29,0.29,0.29,0.57,2.86,2.86,11.4,0,0,0,0,0,0.3,0.29,0.59,0.3,0.59,Matches
241,Mathias Jensen,dk DEN,MF,Brentford,29-051,1996,15,8,720,8,0,0.13,0.13,0,0,0,0.13,0,0.03,0.03,0.19,0.21,0.75,6.25,3,0,0.12,0.12,0,0.12,0.03,0.18,0.21,0.03,0.21,Matches
242,Gabriel Jesus,br BRA,FW,Arsenal,27-324,1997,17,6,608,6.8,0.44,0,0.44,0.44,0,0,0.59,0,0.44,0.44,0.1,0.54,2.21,2.79,8.38,0.44,0,0.44,0.44,0.44,0.44,0.1,0.54,0.44,0.54,Matches
243,Raul Jimenez,mx MEX,FW,Fulham,33-292,1991,25,20,1597,17.7,0.51,0.17,0.68,0.34,0.17,0.17,0.17,0,0.51,0.38,0.15,0.54,1.41,1.98,4.92,0.51,0.17,0.68,0.34,0.51,0.51,0.15,0.67,0.38,0.53,Matches
244,Kim Jisoo,kr KOR,DF,Brentford,20-059,2004,2,0,29,0.3,0,0,0,0,0,0,0,0,0,0,0,0,0,6.67,0,0,0,0,0,0,0,0,0,0,0,Matches
245,Joao Pedro,br BRA,"FW,MF",Brighton,23-148,2001,19,16,1358,15.1,0.33,0.33,0.66,0.26,0.07,0.07,0.2,0,0.28,0.23,0.17,0.41,3.38,3.44,6.29,0.33,0.33,0.66,0.27,0.6,0.29,0.17,0.46,0.23,0.41,Matches
246,Joelinton,br BRA,"MF,FW",Newcastle Utd,28-191,1996,23,23,1914,21.3,0.19,0.05,0.23,0.19,0,0,0.42,0,0.17,0.17,0.08,0.24,1.55,4.6,4.51,0.19,0.05,0.24,0.19,0.24,0.17,0.07,0.25,0.17,0.25,Matches
247,Ben Johnson,eng ENG,"DF,FW",Ipswich Town,25-028,2000,15,9,918,10.2,0,0.1,0.1,0,0,0,0.2,0,0.04,0.04,0.06,0.1,0.98,1.67,1.86,0,0.1,0.1,0,0.1,0.04,0.06,0.1,0.04,0.1,Matches
248,Brennan Johnson,wls WAL,FW,Tottenham,23-274,2001,22,16,1519,16.9,0.41,0.12,0.53,0.41,0,0,0.18,0,0.47,0.47,0.08,0.55,2.84,3.02,9.11,0.41,0.12,0.53,0.41,0.53,0.47,0.08,0.55,0.47,0.55,Matches
249,Sam Johnstone,eng ENG,GK,Wolves,31-333,1993,7,7,630,7,0,0,0,0,0,0,0,0,0,0,0,0,0,0,0,0,0,0,0,0,0,0,0,0,0,Matches
250,Curtis Jones,eng ENG,MF,Liverpool,24-022,2001,21,11,1045,11.6,0.26,0.26,0.52,0.26,0,0,0.26,0.09,0.3,0.3,0.03,0.34,1.12,5.43,4.31,0.26,0.26,0.52,0.26,0.52,0.3,0.04,0.33,0.3,0.33,Matches
251,Jorginho,it ITA,MF,Arsenal,33-063,1991,11,6,474,5.3,0,0,0,0,0,0,0.75,0,0,0,0.08,0.09,1.51,6.04,0.38,0,0,0,0,0,0.01,0.08,0.09,0.01,0.09,Matches
252,Diogo Jota,pt POR,FW,Liverpool,28-079,1996,16,9,760,8.4,0.6,0.36,0.95,0.6,0,0,0.12,0,0.73,0.73,0.19,0.92,3.45,2.38,7.14,0.59,0.36,0.95,0.59,0.95,0.72,0.19,0.92,0.72,0.92,Matches
253,James Justin,eng ENG,DF,Leicester City,26-364,1998,24,24,2019,22.4,0.09,0.04,0.13,0.09,0,0,0.13,0,0.06,0.06,0.02,0.08,1.43,2.59,2.86,0.09,0.04,0.13,0.09,0.13,0.06,0.02,0.08,0.06,0.08,Matches
254,Filip Jorgensen,dk DEN,GK,Chelsea,22-311,2002,4,4,360,4,0,0,0,0,0,0,0,0,0,0,0,0,0,0,0,0,0,0,0,0,0,0,0,0,0,Matches
255,Ferdi Kadioglu,tr TUR,"DF,MF",Brighton,25-137,1999,6,5,385,4.3,0.23,0,0.23,0.23,0,0,0.23,0,0.09,0.09,0.05,0.14,0.23,3.49,6.28,0.23,0,0.23,0.23,0.23,0.1,0.04,0.14,0.1,0.14,Matches
256,Daichi Kamada,jp JPN,MF,Crystal Palace,28-200,1996,21,10,938,10.4,0,0,0,0,0,0,0.19,0.1,0.07,0.07,0.11,0.17,1.54,5.48,3.75,0,0,0,0,0,0.07,0.11,0.17,0.07,0.17,Matches
257,Boubacar Kamara,fr FRA,"MF,DF",Aston Villa,25-090,1999,16,13,1051,11.7,0,0,0,0,0,0,0.17,0,0.03,0.03,0.03,0.04,0.94,4.87,0.26,0,0,0,0,0,0.02,0.02,0.05,0.02,0.05,Matches
258,Michael Kayode,it ITA,DF,Brentford,20-226,2004,2,0,16,0.2,0,0,0,0,0,0,0,0,0,0,1,1,5,0,15,0,0,0,0,0,0,0.84,0.84,0,0.84,Matches
259,Michael Keane,eng ENG,DF,Everton,32-041,1993,10,9,813,9,0.22,0,0.22,0.22,0,0,0.44,0,0.04,0.04,0.01,0.06,0.11,1.33,0.33,0.22,0,0.22,0.22,0.22,0.05,0.01,0.06,0.05,0.06,Matches
260,Caoimhin Kelleher,ie IRL,GK,Liverpool,26-090,1998,8,8,720,8,0,0,0,0,0,0,0,0,0,0,0,0,0,0,0,0,0,0,0,0,0,0,0,0,0,Matches
261,Lloyd Kelly,eng ENG,DF,Newcastle Utd,26-138,1998,10,4,303,3.4,0,0.29,0.29,0,0,0,0.59,0,0.12,0.12,0.15,0.26,0,2.65,1.47,0,0.3,0.3,0,0.3,0.12,0.14,0.26,0.12,0.26,Matches
262,Milos Kerkez,hu HUN,DF,Bournemouth,21-106,2003,25,25,2177,24.2,0.08,0.12,0.21,0.08,0,0,0.12,0,0.02,0.02,0.12,0.14,2.56,4.59,4.92,0.08,0.12,0.21,0.08,0.21,0.02,0.12,0.14,0.02,0.14,Matches
263,Bilal El Khannouss,ma MAR,MF,Leicester City,20-287,2004,20,15,1185,13.2,0.15,0.08,0.23,0.15,0,0,0.15,0,0.04,0.04,0.14,0.18,2.42,5,3.11,0.15,0.08,0.23,0.15,0.23,0.04,0.14,0.18,0.04,0.18,Matches
264,Abdukodir Khusanov,uz UZB,DF,Manchester City,20-358,2004,2,2,143,1.6,0,0,0,0,0,0,0.63,0,0,0,0,0,0,3.75,0,0,0,0,0,0,0.01,0,0.01,0.01,0.01,Matches
265,Max Kilman,eng ENG,DF,West Ham,27-274,1997,25,25,2178,24.2,0,0.04,0.04,0,0,0,0.12,0,0.06,0.06,0.04,0.1,0.87,3.72,0.12,0,0.04,0.04,0,0.04,0.06,0.04,0.1,0.06,0.1,Matches
266,Joshua King,eng ENG,"MF,FW",Fulham,18-049,2007,5,1,80,0.9,0,0,0,0,0,0,0,0,0.22,0.22,0.44,0.67,1.11,4.44,10,0,0,0,0,0,0.22,0.48,0.7,0.22,0.7,Matches
267,Antonin Kinsky,cz CZE,GK,Tottenham,21-345,2003,4,4,360,4,0,0,0,0,0,0,0,0,0,0,0.03,0.03,0.25,0.25,0,0,0,0,0,0,0,0.02,0.02,0,0.02,Matches
268,Jakub Kiwior,pl POL,DF,Arsenal,25-006,2000,8,2,327,3.6,0,0,0,0,0,0,0,0,0,0,0.03,0.03,0.28,2.22,0,0,0,0,0,0,0,0.02,0.02,0,0.02,Matches
269,Justin Kluivert,nl NED,"MF,FW",Bournemouth,25-292,1999,24,20,1606,17.8,0.62,0.28,0.9,0.28,0.34,0.34,0.34,0,0.49,0.23,0.19,0.42,2.75,3.88,6.07,0.62,0.28,0.9,0.28,0.56,0.49,0.19,0.68,0.23,0.42,Matches
270,Ibrahima Konaté,fr FRA,DF,Liverpool,25-272,1999,20,19,1624,18,0.06,0.11,0.17,0.06,0,0,0.28,0,0.06,0.06,0.05,0.11,0.89,4.28,0.11,0.06,0.11,0.17,0.06,0.17,0.06,0.05,0.1,0.06,0.1,Matches
271,Ezri Konsa,eng ENG,DF,Aston Villa,27-121,1997,22,22,1901,21.1,0.05,0,0.05,0.05,0,0,0,0,0.03,0.03,0.01,0.04,0.66,2.65,0.52,0.05,0,0.05,0.05,0.05,0.03,0.01,0.04,0.03,0.04,Matches
272,Mateo Kovacic,hr CRO,MF,Manchester City,30-291,1994,21,18,1549,17.2,0.23,0.06,0.29,0.23,0,0,0.29,0,0.08,0.08,0.2,0.28,2.5,6.4,0.81,0.23,0.06,0.29,0.23,0.29,0.08,0.2,0.28,0.08,0.28,Matches
273,Caleb Kporha,eng ENG,DF,Crystal Palace,18-221,2006,2,0,13,0.1,0,0,0,0,0,0,0,0,0,0,0,0,10,0,0,0,0,0,0,0,0,0,0,0,0,Matches
274,Emil Krafth,se SWE,DF,Newcastle Utd,30-203,1994,4,2,242,2.7,0,0,0,0,0,0,0,0,0,0,0.04,0.04,0,0.37,0,0,0,0,0,0,0.01,0.03,0.05,0.01,0.05,Matches
275,Mohammed Kudus,gh GHA,"MF,FW",West Ham,24-203,2000,20,20,1653,18.4,0.16,0.05,0.22,0.16,0,0,0,0.05,0.28,0.28,0.11,0.38,3.53,2.99,8.1,0.16,0.05,0.22,0.16,0.22,0.28,0.11,0.38,0.28,0.38,Matches
276,Dejan Kulusevski,se SWE,"MF,FW",Tottenham,24-302,2000,25,23,2040,22.7,0.26,0.18,0.44,0.26,0,0,0.13,0,0.18,0.18,0.26,0.44,4.98,4.93,8.41,0.26,0.18,0.44,0.26,0.44,0.18,0.26,0.44,0.18,0.44,Matches
277,Maxence Lacroix,fr FRA,DF,Crystal Palace,24-321,2000,22,22,1975,21.9,0.05,0.05,0.09,0.05,0,0,0.18,0,0.09,0.09,0.02,0.11,0.37,2.24,0.18,0.05,0.05,0.09,0.05,0.09,0.09,0.02,0.11,0.09,0.11,Matches
278,Adam Lallana,eng ENG,MF,Southampton,36-287,1988,13,5,341,3.8,0,0.53,0.53,0,0,0,1.05,0,0.05,0.05,0.24,0.29,1.32,6.05,2.63,0,0.53,0.53,0,0.53,0.04,0.24,0.28,0.04,0.28,Matches
279,Tariq Lamptey,gh GHA,DF,Brighton,24-144,2000,11,7,609,6.8,0.29,0.29,0.59,0.29,0,0,0,0,0.06,0.06,0.06,0.12,3.38,1.47,5.44,0.3,0.3,0.59,0.3,0.59,0.06,0.07,0.12,0.06,0.12,Matches
280,Will Lankshear,eng ENG,"FW,MF",Tottenham,19-307,2005,3,0,11,0.1,0,0,0,0,0,0,0,0,0,0,0,0,0,0,10,0,0,0,0,0,0,0,0,0,0,Matches
281,Romeo Lavia,be BEL,MF,Chelsea,21-046,2004,10,8,532,5.9,0,0.17,0.17,0,0,0,0.68,0,0.03,0.03,0.12,0.15,0.51,2.88,1.02,0,0.17,0.17,0,0.17,0.03,0.12,0.15,0.03,0.15,Matches
282,Mario Lemina,ga GAB,"MF,DF",Wolves,31-173,1993,17,15,1364,15.2,0.07,0.2,0.26,0.07,0,0,0.26,0,0.09,0.09,0.07,0.16,0.53,3.16,1.38,0.07,0.2,0.26,0.07,0.26,0.09,0.07,0.17,0.09,0.17,Matches
283,Bernd Leno,de GER,GK,Fulham,32-354,1992,25,25,2250,25,0,0.04,0.04,0,0,0,0.12,0,0,0,0,0,0,0,0,0,0.04,0.04,0,0.04,0,0.01,0.01,0,0.01,Matches
284,Jefferson Lerma,co COL,MF,Crystal Palace,30-119,1994,20,16,1338,14.9,0,0,0,0,0,0,0.27,0,0.05,0.05,0.09,0.15,0.6,4.77,1.54,0,0,0,0,0,0.05,0.09,0.15,0.05,0.15,Matches
285,Rico Lewis,eng ENG,"DF,MF",Manchester City,20-092,2004,20,17,1492,16.6,0.06,0.12,0.18,0.06,0,0,0.3,0.06,0.07,0.07,0.02,0.09,2.05,5.18,3.49,0.06,0.12,0.18,0.06,0.18,0.07,0.02,0.09,0.07,0.09,Matches
286,Keane Lewis-Potter,eng ENG,"DF,FW",Brentford,23-365,2001,25,23,2009,22.3,0.04,0.09,0.13,0.04,0,0,0.18,0,0.11,0.11,0.08,0.18,3.18,2.96,4.98,0.04,0.09,0.13,0.04,0.13,0.11,0.08,0.18,0.11,0.18,Matches
287,Myles Lewis-Skelly,eng ENG,DF,Arsenal,18-148,2006,11,8,626,7,0.14,0,0.14,0.14,0,0,0.29,0.14,0,0,0.01,0.03,1.71,4.43,2.29,0.14,0,0.14,0.14,0.14,0.01,0.02,0.03,0.01,0.03,Matches
288,Matthijs de Ligt,nl NED,DF,Manchester Utd,25-193,1999,23,19,1639,18.2,0.05,0,0.05,0.05,0,0,0.16,0,0.1,0.1,0.02,0.12,0.33,2.31,0.22,0.05,0,0.05,0.05,0.05,0.11,0.02,0.12,0.11,0.12,Matches
289,Pedro Lima,br BRA,DF,Wolves,18-235,2006,2,1,59,0.7,0,0,0,0,0,0,0,0,0,0,0.14,0.14,4.29,4.29,12.9,0,0,0,0,0,0,0.11,0.11,0,0.11,Matches
290,Victor Lindelof,se SWE,"DF,MF",Manchester Utd,30-219,1994,5,0,63,0.7,0,0,0,0,0,0,1.43,0,0,0,0,0,0,7.14,1.43,0,0,0,0,0,0,0.03,0.03,0,0.03,Matches
291,Jesper Lindstrom,dk DEN,FW,Everton,24-358,2000,21,12,1027,11.4,0,0,0,0,0,0,0.18,0,0.18,0.18,0.17,0.35,2.46,1.67,5.7,0,0,0,0,0,0.18,0.17,0.35,0.18,0.35,Matches
292,Valentino Livramento,eng ENG,DF,Newcastle Utd,22-101,2002,24,19,1692,18.8,0,0,0,0,0,0,0,0,0.01,0.01,0.04,0.04,2.45,4.52,3.24,0,0,0,0,0,0.01,0.04,0.04,0.01,0.04,Matches
293,Sean Longstaff,eng ENG,MF,Newcastle Utd,27-114,1997,19,8,740,8.2,0,0,0,0,0,0,0.24,0,0.07,0.07,0.02,0.1,0.49,4.63,2.44,0,0,0,0,0,0.07,0.02,0.09,0.07,0.09,Matches
294,Sasa Lukic,rs SRB,MF,Fulham,28-192,1996,20,19,1582,17.6,0,0.11,0.11,0,0,0,0.51,0,0.05,0.05,0.14,0.19,1.65,3.75,1.19,0,0.11,0.11,0,0.11,0.05,0.14,0.19,0.05,0.19,Matches
295,Joe Lumley,eng ENG,GK,Southampton,30-006,1995,3,3,270,3,0,0,0,0,0,0,0,0,0,0,0,0,0,0,0,0,0,0,0,0,0,0,0,0,0,Matches
296,Massimo Luongo,au AUS,MF,Ipswich Town,32-149,1992,7,2,181,2,0,0,0,0,0,0,0,0,0,0,0,0,0,2.5,0.5,0,0,0,0,0,0,0,0,0,0,Matches
297,Ian Maatsen,nl NED,DF,Aston Villa,22-348,2002,20,3,514,5.7,0,0.18,0.18,0,0,0,0.35,0,0.04,0.04,0.28,0.32,2.63,4.91,9.12,0,0.18,0.18,0,0.18,0.04,0.28,0.32,0.04,0.32,Matches
298,Alexis Mac Allister,ar ARG,MF,Liverpool,26-059,1998,25,23,1890,21,0.1,0.14,0.24,0.1,0,0,0.29,0,0.1,0.1,0.17,0.27,1.24,6.43,2.81,0.1,0.14,0.24,0.1,0.24,0.1,0.17,0.27,0.1,0.27,Matches
299,James Maddison,eng ENG,MF,Tottenham,28-090,1996,23,16,1363,15.1,0.6,0.26,0.86,0.6,0,0,0.26,0,0.38,0.38,0.19,0.56,2.38,8.28,4.7,0.59,0.26,0.86,0.59,0.86,0.37,0.18,0.56,0.37,0.56,Matches
300,Noni Madueke,eng ENG,FW,Chelsea,22-348,2002,23,19,1453,16.1,0.43,0.19,0.62,0.43,0,0,0.19,0,0.47,0.47,0.22,0.7,6.83,3.29,11.1,0.43,0.19,0.62,0.43,0.62,0.47,0.22,0.7,0.47,0.7,Matches
301,Gabriel Magalhaes,br BRA,DF,Arsenal,27-064,1997,23,23,1988,22.1,0.14,0.05,0.18,0.14,0,0,0.14,0,0.11,0.11,0.04,0.15,0.23,4.48,0.41,0.14,0.05,0.18,0.14,0.18,0.11,0.04,0.15,0.11,0.15,Matches
302,Edmond-Paris Maghoma,eng ENG,MF,Brentford,23-289,2001,5,0,78,0.9,0,0,0,0,0,0,0,0,0,0,0,0,3.33,8.89,2.22,0,0,0,0,0,0,0,0,0,0,Matches
303,Harry Maguire,eng ENG,DF,Manchester Utd,31-353,1993,18,13,1178,13.1,0,0,0,0,0,0,0.53,0,0.05,0.05,0.02,0.07,0.38,2.98,0.23,0,0,0,0,0,0.05,0.02,0.07,0.05,0.07,Matches
304,Kobbie Mainoo,eng ENG,MF,Manchester Utd,19-308,2005,18,15,1285,14.3,0,0,0,0,0,0,0.35,0,0.03,0.03,0.1,0.14,1.33,3.64,2.45,0,0,0,0,0,0.04,0.11,0.14,0.04,0.14,Matches
305,Tyrell Malacia,nl NED,DF,Manchester Utd,25-188,1999,3,2,100,1.1,0,0,0,0,0,0,0.91,0,0,0,0,0,2.73,2.73,5.45,0,0,0,0,0,0,0.03,0.03,0,0.03,Matches
306,Donyell Malen,nl NED,FW,Aston Villa,26-043,1999,4,1,156,1.7,0,0,0,0,0,0,0,0,0.18,0.18,0,0.24,2.35,1.76,7.65,0,0,0,0,0,0.19,0.02,0.21,0.19,0.21,Matches
307,Orel Mangala,be BEL,MF,Everton,26-340,1998,19,14,1261,14,0.07,0,0.07,0.07,0,0,0.14,0,0.08,0.08,0.04,0.13,0.43,2.43,1.36,0.07,0,0.07,0.07,0.07,0.08,0.05,0.13,0.08,0.13,Matches
308,Ryan Manning,ie IRL,DF,Southampton,28-252,1996,14,10,767,8.5,0,0,0,0,0,0,0.12,0,0.01,0.01,0.2,0.21,1.18,0.94,6,0,0,0,0,0,0.02,0.2,0.21,0.02,0.21,Matches
309,Solly March,eng ENG,"MF,DF",Brighton,30-216,1994,2,0,25,0.3,0,0,0,0,0,0,3.33,0,0.33,0.33,0,0.33,0,0,3.33,0,0,0,0,0,0.23,0,0.23,0.23,0.23,Matches
310,Omar Marmoush,eg EGY,"FW,MF",Manchester City,26-014,1999,3,3,219,2.4,1.25,0,1.25,1.25,0,0,0,0,0.38,0.38,0.21,0.58,2.5,3.33,5.83,1.23,0,1.23,1.23,1.23,0.36,0.22,0.58,0.36,0.58,Matches
311,Gabriel Martinelli,br BRA,"FW,MF",Arsenal,23-248,2001,22,16,1458,16.2,0.37,0.19,0.56,0.37,0,0,0.06,0,0.25,0.25,0.18,0.43,4.81,1.73,11.4,0.37,0.19,0.56,0.37,0.56,0.25,0.18,0.43,0.25,0.43,Matches
312,Emiliano Martinez,ar ARG,GK,Aston Villa,32-172,1992,26,26,2295,25.5,0,0,0,0,0,0,0.08,0,0,0,0,0,0,0.08,0,0,0,0,0,0,0,0,0,0,0,Matches
313,Lisandro Martinez,ar ARG,DF,Manchester Utd,27-034,1998,20,20,1751,19.5,0.1,0.05,0.15,0.1,0,0,0.36,0,0.07,0.07,0.06,0.12,1.18,6,0.36,0.1,0.05,0.15,0.1,0.15,0.07,0.06,0.13,0.07,0.13,Matches
314,Pape Matar Sarr,sn SEN,MF,Tottenham,22-160,2002,25,15,1282,14.2,0.14,0.14,0.28,0.14,0,0,0.28,0,0.17,0.17,0.1,0.27,1.62,4.79,2.68,0.14,0.14,0.28,0.14,0.28,0.17,0.1,0.27,0.17,0.27,Matches
315,Jean-Philippe Mateta,fr FRA,FW,Crystal Palace,27-238,1997,25,23,1952,21.7,0.51,0.05,0.55,0.41,0.09,0.09,0.09,0,0.48,0.41,0.11,0.52,1.29,1.66,4.38,0.51,0.05,0.55,0.41,0.46,0.48,0.1,0.59,0.41,0.52,Matches
316,Stephy Mavididi,eng ENG,FW,Leicester City,26-266,1998,23,14,1306,14.5,0.21,0.07,0.28,0.21,0,0,0.14,0,0.1,0.1,0.17,0.27,4.9,3.59,7.31,0.21,0.07,0.28,0.21,0.28,0.11,0.16,0.27,0.11,0.27,Matches
317,Konstantinos Mavropanos,gr GRE,DF,West Ham,27-072,1997,21,16,1492,16.6,0,0,0,0,0,0,0.24,0.06,0.05,0.05,0.03,0.08,0.72,2.95,0.12,0,0,0,0,0,0.06,0.03,0.08,0.06,0.08,Matches
318,Noussair Mazraoui,ma MAR,DF,Manchester Utd,27-099,1997,25,23,1923,21.4,0,0.05,0.05,0,0,0,0.05,0,0.02,0.02,0.04,0.06,1.21,3.79,1.92,0,0.05,0.05,0,0.05,0.02,0.04,0.06,0.02,0.06,Matches
319,Bryan Mbeumo,cm CMR,FW,Brentford,25-198,1999,25,25,2244,24.9,0.56,0.12,0.68,0.4,0.16,0.16,0.08,0,0.33,0.21,0.25,0.45,3.41,3.94,9.84,0.56,0.12,0.68,0.4,0.52,0.33,0.25,0.58,0.21,0.45,Matches
320,James Mcatee,eng ENG,"MF,FW",Manchester City,22-126,2002,8,0,104,1.2,1.67,0,1.67,1.67,0,0,0,0,1.08,1.08,0,1.08,2.5,2.5,7.5,1.73,0,1.73,1.73,1.73,1.17,0,1.17,1.17,1.17,Matches
321,Kasey McAteer,ie IRL,"FW,MF",Leicester City,23-091,2001,11,4,386,4.3,0,0.23,0.23,0,0,0,0.23,0,0.14,0.14,0.09,0.21,3.02,1.86,8.37,0,0.23,0.23,0,0.23,0.13,0.08,0.21,0.13,0.21,Matches
322,Alex McCarthy,eng ENG,GK,Southampton,35-080,1989,5,5,450,5,0,0,0,0,0,0,0,0,0,0,0,0,0,0,0,0,0,0,0,0,0,0,0,0,0,Matches
323,John McGinn,sct SCO,"MF,FW",Aston Villa,30-126,1994,22,19,1537,17.1,0,0.18,0.18,0,0,0,0.23,0,0.12,0.12,0.15,0.27,1.46,4.27,3.74,0,0.18,0.18,0,0.18,0.12,0.15,0.27,0.12,0.27,Matches
324,Dwight McNeil,eng ENG,"MF,FW",Everton,25-091,1999,13,13,1140,12.7,0.24,0.24,0.47,0.24,0,0,0.08,0,0.07,0.07,0.28,0.35,2.44,4.72,5.12,0.24,0.24,0.47,0.24,0.47,0.07,0.27,0.34,0.07,0.34,Matches
325,Scott McTominay,sct SCO,MF,Manchester Utd,28-075,1996,2,0,19,0.2,0,0,0,0,0,0,0,0,0.5,0.5,0,0.5,0,5,10,0,0,0,0,0,0.33,0,0.33,0.33,0.33,Matches
326,Ben Mee,eng ENG,DF,Brentford,35-153,1989,6,2,177,2,0,0,0,0,0,0,1,0,0,0,0,0,1.5,5.5,1,0,0,0,0,0,0,0,0,0,0,Matches
327,Jayden Meghoma,eng ENG,DF,Brentford,18-238,2006,1,0,5,0.1,0,0,0,0,0,0,0,0,0,0,0,0,0,0,0,0,0,0,0,0,0,0,0,0,0,Matches
328,Mikel Merino,es ESP,MF,Arsenal,28-244,1996,17,8,789,8.8,0.45,0.11,0.57,0.45,0,0,0.23,0,0.33,0.33,0.1,0.43,0.68,4.77,5.8,0.46,0.11,0.57,0.46,0.57,0.33,0.11,0.44,0.33,0.44,Matches
329,Nikola Milenkovic,rs SRB,DF,Nott'ham Forest,27-132,1997,24,24,2160,24,0.08,0.04,0.13,0.08,0,0,0.08,0,0.13,0.13,0.01,0.14,0.08,1.63,0.17,0.08,0.04,0.12,0.08,0.12,0.13,0.01,0.14,0.13,0.14,Matches
330,Lewis Miley,eng ENG,MF,Newcastle Utd,18-296,2006,6,0,80,0.9,0,0,0,0,0,0,0,0,0.44,0.44,0,0.44,0,4.44,3.33,0,0,0,0,0,0.46,0,0.46,0.46,0.46,Matches
331,James Milner,eng ENG,MF,Brighton,39-048,1986,3,3,169,1.9,0,0,0,0,0,0,0.53,0,0.11,0.11,0.11,0.21,0.53,5.26,5.26,0,0,0,0,0,0.09,0.12,0.21,0.09,0.21,Matches
332,Tyrone Mings,eng ENG,DF,Aston Villa,31-345,1993,8,6,633,7,0,0,0,0,0,0,0.14,0,0.04,0.04,0.03,0.07,0.14,3.43,0,0,0,0,0,0,0.05,0.03,0.07,0.05,0.07,Matches
333,Yankuba Minteh,gm GAM,"FW,MF",Brighton,20-214,2004,20,9,928,10.3,0.49,0.19,0.68,0.49,0,0,0.58,0,0.27,0.27,0.31,0.57,4.27,2.23,10.7,0.48,0.19,0.68,0.48,0.68,0.27,0.31,0.58,0.27,0.58,Matches
334,Tyrick Mitchell,eng ENG,DF,Crystal Palace,25-173,1999,25,25,2149,23.9,0,0.13,0.13,0,0,0,0.08,0,0.03,0.03,0.18,0.2,1.88,2.09,5.23,0,0.13,0.13,0,0.13,0.03,0.18,0.2,0.03,0.2,Matches
335,Kaoru Mitoma,jp JPN,"FW,MF",Brighton,27-277,1997,25,22,1980,22,0.27,0.14,0.41,0.27,0,0,0,0,0.24,0.24,0.2,0.43,5.18,3.14,10.7,0.27,0.14,0.41,0.27,0.41,0.24,0.19,0.43,0.24,0.43,Matches
336,Jakub Moder,pl POL,MF,Brighton,25-320,1999,4,0,11,0.1,0,0,0,0,0,0,0,0,0,0,2,2,20,40,0,0,0,0,0,0,0,1.45,1.45,0,1.45,Matches
337,Mikey Moore,eng ENG,"FW,MF",Tottenham,17-194,2007,7,2,185,2.1,0,0.48,0.48,0,0,0,0,0,0.1,0.1,0.14,0.24,4.29,3.33,14.3,0,0.49,0.49,0,0.49,0.1,0.16,0.26,0.1,0.26,Matches
338,Morato,br BRA,DF,Nott'ham Forest,23-236,2001,18,4,601,6.7,0,0,0,0,0,0,0.15,0,0.01,0.01,0,0.01,0,1.94,0.15,0,0,0,0,0,0.01,0,0.01,0.01,0.01,Matches
339,Alex Moreno,es ESP,DF,Nott'ham Forest,31-258,1993,13,10,813,9,0,0.11,0.11,0,0,0,0.22,0,0.02,0.02,0.11,0.12,2.67,3.22,3.11,0,0.11,0.11,0,0.11,0.02,0.11,0.12,0.02,0.12,Matches
340,Sam Morsy,eg EGY,MF,Ipswich Town,33-164,1991,22,21,1903,21.1,0.05,0.05,0.09,0.05,0,0,0.33,0,0.01,0.01,0.03,0.05,0.47,4.08,0.43,0.05,0.05,0.09,0.05,0.09,0.01,0.03,0.05,0.01,0.05,Matches
341,Yerson Mosquera,co COL,DF,Wolves,23-295,2001,5,5,441,4.9,0,0,0,0,0,0,0.41,0,0.06,0.06,0.02,0.08,0,1.43,0,0,0,0,0,0,0.07,0.02,0.09,0.07,0.09,Matches
342,Mason Mount,eng ENG,"MF,FW",Manchester Utd,26-042,1999,8,4,247,2.7,0,0,0,0,0,0,0.74,0,0.15,0.15,0.04,0.19,0.74,2.96,1.85,0,0,0,0,0,0.14,0.04,0.18,0.14,0.18,Matches
343,Divin Mubama,eng ENG,FW,Manchester City,20-119,2004,1,0,28,0.3,0,0,0,0,0,0,0,0,0,0,0,0,0,3.33,0,0,0,0,0,0,0.12,0,0.12,0.12,0.12,Matches
344,Mykhailo Mudryk,ua UKR,FW,Chelsea,24-047,2001,7,1,151,1.7,0,0,0,0,0,0,0,0,0.18,0.18,0.59,0.71,4.12,2.94,7.06,0,0,0,0,0,0.15,0.58,0.73,0.15,0.73,Matches
345,Marshall Munetsi,zw ZIM,FW,Wolves,28-244,1996,1,0,45,0.5,0,0,0,0,0,0,0,0,1.2,1.2,0,1.2,0,4,2,0,0,0,0,0,1.19,0,1.19,1.19,1.19,Matches
346,Rodrigo Muniz,br BRA,FW,Fulham,23-293,2001,24,5,687,7.6,0.53,0.13,0.66,0.53,0,0,0.13,0,0.51,0.51,0.08,0.59,0.53,2.5,3.29,0.52,0.13,0.66,0.52,0.66,0.51,0.08,0.59,0.51,0.59,Matches
347,Daniel Munoz,co COL,DF,Crystal Palace,28-271,1996,24,24,2073,23,0.09,0.13,0.22,0.09,0,0,0.22,0,0.15,0.15,0.16,0.31,1.39,2.57,6.17,0.09,0.13,0.22,0.09,0.22,0.15,0.16,0.31,0.15,0.31,Matches
348,Arijanet Muric,xk KVX,GK,Ipswich Town,26-106,1998,18,18,1620,18,0,0,0,0,0,0,0.06,0,0,0,0,0,0,0.06,0,0,0,0,0,0,0,0,0,0,0,Matches
349,Murillo,br BRA,DF,Nott'ham Forest,22-232,2002,24,24,2118,23.5,0.04,0,0.04,0.04,0,0,0.21,0,0.05,0.05,0.05,0.09,0.55,3.06,0.17,0.04,0,0.04,0.04,0.04,0.05,0.05,0.09,0.05,0.09,Matches
350,Jacob Murphy,eng ENG,FW,Newcastle Utd,29-363,1995,22,18,1431,15.9,0.25,0.5,0.75,0.25,0,0,0.13,0,0.16,0.16,0.4,0.56,3.14,3.33,8.24,0.25,0.5,0.75,0.25,0.75,0.16,0.4,0.56,0.16,0.56,Matches
351,Vitaliy Mykolenko,ua UKR,DF,Everton,25-268,1999,23,23,2002,22.2,0,0,0,0,0,0,0.09,0,0.02,0.02,0.05,0.07,0.99,3.6,2.39,0,0,0,0,0,0.02,0.05,0.07,0.02,0.07,Matches
352,Iliman Ndiaye,sn SEN,FW,Everton,24-352,2000,24,22,1877,20.9,0.29,0,0.29,0.24,0.05,0.05,0.14,0,0.17,0.13,0.07,0.21,3.4,1.82,4.55,0.29,0,0.29,0.24,0.24,0.17,0.07,0.25,0.13,0.21,Matches
353,Wilfred Ndidi,ng NGA,MF,Leicester City,28-067,1996,16,16,1299,14.4,0,0.28,0.28,0,0,0,0.28,0,0.1,0.1,0.1,0.2,0.63,2.57,3.4,0,0.28,0.28,0,0.28,0.11,0.09,0.2,0.11,0.2,Matches
354,Kosta Nedeljkovic,rs SRB,DF,Aston Villa,19-067,2005,5,0,126,1.4,0,0,0,0,0,0,0,0,0,0,0,0,0.71,4.29,0,0,0,0,0,0,0,0,0,0,0,Matches
355,Reiss Nelson,eng ENG,FW,Arsenal,25-073,1999,1,0,3,0,0,0,0,0,0,0,0,0,0,0,0,0,0,0,0,0,0,0,0,0,0,0,0,0,0,Matches
356,Reiss Nelson,eng ENG,FW,Fulham,25-073,1999,11,5,487,5.4,0.19,0.19,0.37,0.19,0,0,0.19,0,0.2,0.2,0.19,0.39,8.33,6.48,11.7,0.18,0.18,0.37,0.18,0.37,0.2,0.18,0.39,0.2,0.39,Matches
357,Neto,br BRA,GK,Bournemouth,35-217,1989,2,2,180,2,0,0,0,0,0,0,0,0,0,0,0,0,0,0,0,0,0,0,0,0,0,0,0,0,0,Matches
358,Pedro Neto,pt POR,FW,Chelsea,24-349,2000,22,12,1194,13.3,0.15,0.15,0.3,0.15,0,0,0.45,0,0.1,0.1,0.2,0.3,5.94,1.95,8.8,0.15,0.15,0.3,0.15,0.3,0.1,0.2,0.3,0.1,0.3,Matches
359,Eddie Nketiah,eng ENG,"MF,FW",Crystal Palace,25-267,1999,18,6,632,7,0,0.14,0.14,0,0,0,0.43,0,0.24,0.24,0.19,0.43,4.29,1.86,7.57,0,0.14,0.14,0,0.14,0.25,0.18,0.43,0.25,0.43,Matches
360,Christopher Nkunku,fr FRA,FW,Chelsea,27-099,1997,21,4,552,6.1,0.33,0.16,0.49,0.33,0,0,0.16,0,0.66,0.66,0.28,0.92,1.48,2.95,7.38,0.33,0.16,0.49,0.33,0.49,0.64,0.27,0.92,0.64,0.92,Matches
361,Matheus Nunes,pt POR,"DF,MF",Manchester City,26-178,1998,17,10,894,9.9,0,0.4,0.4,0,0,0,0.2,0,0.05,0.05,0.29,0.34,3.94,3.43,12.2,0,0.4,0.4,0,0.4,0.05,0.29,0.34,0.05,0.34,Matches
362,Darwin Nunez,uy URU,FW,Liverpool,25-242,1999,21,7,899,10,0.4,0.2,0.6,0.4,0,0,0.6,0,0.41,0.41,0.1,0.51,1.9,2,6,0.4,0.2,0.6,0.4,0.6,0.41,0.1,0.51,0.41,0.51,Matches
363,Ethan Nwaneri,eng ENG,"FW,MF",Arsenal,17-337,2007,15,4,381,4.2,0.71,0.24,0.95,0.71,0,0,0.24,0,0.17,0.17,0.17,0.33,4.76,4.05,10.5,0.71,0.24,0.94,0.71,0.94,0.17,0.16,0.33,0.17,0.33,Matches
364,Christian Norgaard,dk DEN,MF,Brentford,30-348,1994,22,22,1785,19.8,0.1,0.1,0.2,0.1,0,0,0.2,0.05,0.13,0.13,0.03,0.16,0.51,4.55,1.57,0.1,0.1,0.2,0.1,0.2,0.13,0.03,0.16,0.13,0.16,Matches
365,Jake O'Brien,ie IRL,DF,Everton,23-282,2001,8,5,491,5.5,0,0,0,0,0,0,0.36,0,0,0,0.02,0.02,0.36,2,1.64,0,0,0,0,0,0,0.02,0.02,0,0.02,Matches
366,Matt O'Riley,dk DEN,MF,Brighton,24-092,2000,12,5,475,5.3,0.19,0.19,0.38,0.19,0,0,0.19,0,0.23,0.23,0.23,0.45,1.7,4.15,4.72,0.19,0.19,0.38,0.19,0.38,0.23,0.22,0.45,0.23,0.45,Matches
367,Dara O'Shea,ie IRL,DF,Ipswich Town,25-354,1999,22,22,1952,21.7,0,0,0,0,0,0,0.23,0,0.04,0.04,0,0.04,0.14,2.35,0.05,0,0,0,0,0,0.04,0,0.04,0.04,0.04,Matches
368,Chidozie Obi-Martin,dk DEN,MF,Manchester Utd,17-084,2007,1,0,1,0,0,0,0,0,0,0,0,0,0,0,0,0,0,0,0,0,0,0,0,0,0,0,0,0,0,Matches
369,Wilson Odobert,fr FRA,FW,Tottenham,20-085,2004,4,2,166,1.8,0,0,0,0,0,0,0,0,0.22,0.22,0.06,0.28,7.22,5.56,10,0,0,0,0,0,0.23,0.03,0.26,0.23,0.26,Matches
370,Chiedozie Ogbene,ie IRL,FW,Ipswich Town,27-296,1997,5,3,238,2.6,0,0,0,0,0,0,0,0,0,0,0.04,0.04,2.69,0,5.77,0,0,0,0,0,0,0.03,0.03,0,0.03,Matches
371,Caleb Okoli,it ITA,DF,Leicester City,23-223,2001,15,10,921,10.2,0,0,0,0,0,0,0.2,0,0.01,0.01,0,0.01,0.29,2.65,0.2,0,0,0,0,0,0.01,0,0.01,0.01,0.01,Matches
372,Robin Olsen,se SWE,GK,Aston Villa,35-044,1990,1,0,45,0.5,0,0,0,0,0,0,0,0,0,0,0,0,0,0,0,0,0,0,0,0,0,0,0,0,0,Matches
373,Amadou Onana,be BEL,MF,Aston Villa,23-189,2001,17,14,1079,12,0.17,0,0.17,0.17,0,0,0.33,0,0.15,0.15,0.02,0.17,1.08,3,0.83,0.17,0,0.17,0.17,0.17,0.15,0.02,0.17,0.15,0.17,Matches
374,Andre Onana,cm CMR,GK,Manchester Utd,28-325,1996,25,25,2250,25,0,0,0,0,0,0,0,0,0,0,0.01,0.01,0,0.04,0,0,0,0,0,0,0,0.01,0.01,0,0.01,Matches
375,Paul Onuachu,ng NGA,FW,Southampton,30-269,1994,15,7,634,7,0.29,0.14,0.43,0.29,0,0,0.14,0,0.24,0.24,0.06,0.31,0.86,1.29,2.71,0.28,0.14,0.43,0.28,0.43,0.24,0.06,0.31,0.24,0.31,Matches
376,Frank Onyeka,ng NGA,MF,Brentford,27-051,1998,2,0,25,0.3,0,0,0,0,0,0,0,0,0,0,0,0,0,3.33,0,0,0,0,0,0,0,0,0,0,0,Matches
377,Lewis Orford,eng ENG,MF,West Ham,19-003,2006,2,0,49,0.5,0,0,0,0,0,0,0,0,0,0,0,0,0,0,2,0,0,0,0,0,0.05,0.04,0.09,0.05,0.09,Matches
378,Stefan Ortega,de GER,GK,Manchester City,32-107,1992,9,9,810,9,0,0,0,0,0,0,0.11,0,0,0,0,0,0,0,0,0,0,0,0,0,0,0,0,0,0,Matches
379,William Osula,dk DEN,"FW,MF",Newcastle Utd,21-201,2003,9,0,49,0.5,0,0,0,0,0,0,0,0,0,0,0.2,0.2,2,2,10,0,0,0,0,0,0,0.16,0.16,0,0.16,Matches
380,Dango Ouattara,bf BFA,FW,Bournemouth,23-010,2002,22,13,1328,14.8,0.47,0.27,0.74,0.47,0,0,0.07,0,0.43,0.43,0.27,0.71,3.38,1.69,9.12,0.47,0.27,0.75,0.47,0.75,0.44,0.27,0.71,0.44,0.71,Matches
381,Nico OReilly,eng ENG,"MF,DF",Manchester City,19-337,2005,2,0,23,0.3,0,0,0,0,0,0,0,0,0,0,0,0,3.33,0,0,0,0,0,0,0,0.1,0,0.1,0.1,0.1,Matches
382,Alex Palmer,eng ENG,GK,Ipswich Town,28-195,1996,1,1,90,1,0,0,0,0,0,0,0,0,0,0,0,0,0,0,0,0,0,0,0,0,0,0,0,0,0,Matches
383,Cole Palmer,eng ENG,MF,Chelsea,22-291,2002,25,25,2189,24.3,0.58,0.25,0.82,0.45,0.12,0.12,0.16,0,0.51,0.42,0.34,0.75,3.37,6.01,5.27,0.58,0.25,0.82,0.45,0.7,0.51,0.34,0.85,0.42,0.75,Matches
384,Emerson Palmieri,it ITA,DF,West Ham,30-202,1994,23,22,1677,18.6,0.11,0.05,0.16,0.11,0,0,0.27,0,0.09,0.09,0.08,0.17,1.72,2.53,3.49,0.11,0.05,0.16,0.11,0.16,0.09,0.08,0.16,0.09,0.16,Matches
385,Lucas Paqueta,br BRA,"MF,FW",West Ham,27-178,1997,23,20,1699,18.9,0.21,0,0.21,0.11,0.11,0.11,0.32,0,0.25,0.17,0.11,0.28,0.79,4.87,3.39,0.21,0,0.21,0.11,0.11,0.26,0.11,0.37,0.17,0.28,Matches
386,Thomas Partey,gh GHA,"MF,DF",Arsenal,31-253,1993,24,21,1928,21.4,0.14,0.09,0.23,0.14,0,0,0.09,0,0.07,0.07,0.07,0.15,0.93,6.03,1.36,0.14,0.09,0.23,0.14,0.23,0.07,0.07,0.15,0.07,0.15,Matches
387,Nathan Patterson,sct SCO,"DF,FW",Everton,23-128,2001,7,0,129,1.4,0,0,0,0,0,0,0,0,0.07,0.07,0.21,0.29,2.86,5,5,0,0,0,0,0,0.05,0.24,0.29,0.05,0.29,Matches
388,Andreas Pereira,br BRA,MF,Fulham,29-051,1996,22,16,1283,14.3,0.14,0.14,0.28,0.14,0,0.07,0.49,0,0.21,0.15,0.21,0.36,0.98,5.31,3.36,0.14,0.14,0.28,0.14,0.28,0.21,0.21,0.42,0.16,0.37,Matches
389,Ricardo Pereira,pt POR,DF,Leicester City,31-138,1993,2,2,146,1.6,0,0,0,0,0,0,0.63,0,0,0,0,0,0.63,3.13,1.88,0,0,0,0,0,0,0,0,0,0,Matches
390,Kalvin Phillips,eng ENG,MF,Ipswich Town,29-081,1995,14,11,951,10.6,0,0,0,0,0,0,0.38,0.09,0.04,0.04,0.01,0.05,0.38,3.49,0.19,0,0,0,0,0,0.04,0.01,0.04,0.04,0.04,Matches
391,Jaden Philogene Bidace,eng ENG,"FW,MF",Aston Villa,23-013,2002,11,2,332,3.7,0,0,0,0,0,0,1.08,0.27,0.14,0.14,0.08,0.22,1.89,1.08,4.59,0,0,0,0,0,0.13,0.08,0.2,0.13,0.2,Matches
392,Jaden Philogene Bidace,eng ENG,"FW,MF",Ipswich Town,23-013,2002,3,1,133,1.5,0,0,0,0,0,0,0,0,0,0,0,0,4.67,1.33,6,0,0,0,0,0,0,0,0,0,0,Matches
393,Jordan Pickford,eng ENG,GK,Everton,30-351,1994,25,25,2250,25,0,0.04,0.04,0,0,0,0.24,0,0,0,0.02,0.02,0,0,0,0,0.04,0.04,0,0.04,0,0.01,0.01,0,0.01,Matches
394,Ethan Pinnock,jm JAM,DF,Brentford,31-268,1993,17,16,1471,16.3,0.12,0,0.12,0.12,0,0,0.12,0,0.06,0.06,0.07,0.12,0.12,2.02,0.49,0.12,0,0.12,0.12,0.12,0.05,0.07,0.12,0.05,0.12,Matches
395,Daniel Podence,pt POR,"MF,FW",Wolves,29-123,1995,2,0,48,0.5,0,0,0,0,0,0,0,0,0,0,0,0,2,4,6,0,0,0,0,0,0.07,0,0.07,0.07,0.07,Matches
396,Alfie Pond,eng ENG,DF,Wolves,20-357,2004,1,0,1,0,0,0,0,0,0,0,0,0,0,0,0,0,0,0,0,0,0,0,0,0,0,0,0,0,0,Matches
397,Nick Pope,eng ENG,GK,Newcastle Utd,32-308,1992,15,15,1350,15,0,0,0,0,0,0,0.13,0,0,0,0,0,0,0,0,0,0,0,0,0,0,0,0,0,0,Matches
398,Pedro Porro,es ESP,DF,Tottenham,25-161,1999,25,22,2078,23.1,0.09,0.22,0.3,0.09,0,0,0.09,0,0.06,0.06,0.12,0.18,2.29,5.45,3.72,0.09,0.22,0.3,0.09,0.3,0.06,0.12,0.18,0.06,0.18,Matches
399,Jarell Quansah,eng ENG,DF,Liverpool,22-023,2003,7,2,275,3.1,0,0,0,0,0,0,0.32,0,0,0,0,0,0.65,2.58,0.65,0,0,0,0,0,0,0,0,0,0,Matches
400,Hakon Rafn Valdimarsson,is ISL,GK,Brentford,23-131,2001,2,1,145,1.6,0,0,0,0,0,0,0,0,0,0,0,0,0,0,0,0,0,0,0,0,0,0,0,0,0,Matches
401,Aaron Ramsdale,eng ENG,GK,Southampton,26-283,1998,17,17,1530,17,0,0,0,0,0,0,0.06,0,0,0,0,0,0,0,0,0,0,0,0,0,0,0,0,0,0,Matches
402,Jacob Ramsey,eng ENG,"FW,MF",Aston Villa,23-269,2001,18,12,1069,11.9,0.08,0.17,0.25,0.08,0,0,0.08,0,0.1,0.1,0.14,0.24,3.19,3.87,5.88,0.08,0.17,0.25,0.08,0.25,0.1,0.14,0.24,0.1,0.24,Matches
403,Marcus Rashford,eng ENG,"FW,MF",Manchester Utd,27-113,1997,15,12,978,10.9,0.37,0.09,0.46,0.37,0,0,0.18,0,0.16,0.16,0.19,0.35,1.83,1.93,7.25,0.37,0.09,0.46,0.37,0.46,0.16,0.19,0.35,0.16,0.35,Matches
404,Marcus Rashford,eng ENG,FW,Aston Villa,27-113,1997,2,1,111,1.2,0,0,0,0,0,0,0,0,0.17,0.17,0.5,0.67,6.67,6.67,16.7,0,0,0,0,0,0.18,0.49,0.66,0.18,0.66,Matches
405,David Raya,es ESP,GK,Arsenal,29-159,1995,25,25,2250,25,0,0,0,0,0,0,0.08,0,0,0,0,0,0,0.24,0,0,0,0,0,0,0,0,0,0,0,Matches
406,Harrison Reed,eng ENG,MF,Fulham,30-025,1995,9,0,69,0.8,0,0,0,0,0,0,2.5,0,0.13,0.13,0.13,0.25,1.25,5,8.75,0,0,0,0,0,0.19,0.1,0.29,0.19,0.29,Matches
407,Remy Rees-Dottin,eng ENG,FW,Bournemouth,18-352,2006,1,0,1,0,0,0,0,0,0,0,0,0,0,0,0,0,0,0,0,0,0,0,0,0,0,0,0,0,0,Matches
408,Sergio Reguilon,es ESP,DF,Tottenham,28-067,1996,3,0,123,1.4,0,0,0,0,0,0,1.43,0,0.07,0.07,0,0.07,2.86,8.57,7.14,0,0,0,0,0,0.05,0.02,0.07,0.05,0.07,Matches
409,Bobby Reid,jm JAM,"FW,MF",Leicester City,32-019,1993,17,5,526,5.8,0.17,0.34,0.52,0.17,0,0,0.17,0,0.14,0.14,0.21,0.34,1.38,2.24,5,0.17,0.34,0.51,0.17,0.51,0.13,0.21,0.33,0.13,0.33,Matches
410,Chadi Riad,ma MAR,DF,Crystal Palace,21-249,2003,1,1,90,1,0,0,0,0,0,0,0,0,0,0,0,0,2,7,0,0,0,0,0,0,0,0,0,0,0,Matches
411,Declan Rice,eng ENG,MF,Arsenal,26-038,1999,23,21,1831,20.3,0.05,0.25,0.3,0.05,0,0,0.25,0.05,0.08,0.08,0.26,0.34,3.2,6.65,2.96,0.05,0.25,0.29,0.05,0.29,0.08,0.26,0.34,0.08,0.34,Matches
412,Chris Richards,us USA,DF,Crystal Palace,24-330,2000,14,12,1068,11.9,0,0,0,0,0,0,0.08,0,0.03,0.03,0.01,0.04,0.25,2.18,0.08,0,0,0,0,0,0.03,0.01,0.04,0.03,0.04,Matches
413,Richarlison,br BRA,FW,Tottenham,27-287,1997,9,2,279,3.1,0.65,0.32,0.97,0.65,0,0,0.32,0,0.39,0.39,0.29,0.68,2.58,3.23,5.48,0.65,0.32,0.97,0.65,0.97,0.38,0.29,0.67,0.38,0.67,Matches
414,Andrew Robertson,sct SCO,DF,Liverpool,30-347,1994,25,23,1898,21.1,0,0,0,0,0,0,0.14,0.05,0.03,0.03,0.19,0.22,2.32,6.49,3.79,0,0,0,0,0,0.03,0.19,0.22,0.03,0.22,Matches
415,Antonee Robinson,us USA,DF,Fulham,27-197,1997,25,25,2250,25,0,0.4,0.4,0,0,0,0.2,0,0.03,0.03,0.14,0.16,3.52,3.72,8.04,0,0.4,0.4,0,0.4,0.03,0.14,0.16,0.03,0.16,Matches
416,Rodri,es ESP,MF,Manchester City,28-244,1996,2,1,65,0.7,0,0,0,0,0,0,0,0,0,0,0,0,0,5.71,1.43,0,0,0,0,0,0,0.06,0.06,0,0.06,Matches
417,Guido Rodriguez,ar ARG,MF,West Ham,30-315,1994,19,14,1017,11.3,0,0,0,0,0,0,0.44,0,0.02,0.02,0.01,0.03,0.18,2.74,0.44,0,0,0,0,0,0.02,0.01,0.03,0.02,0.03,Matches
418,Mads Roerslev,dk DEN,DF,Brentford,25-242,1999,19,11,1101,12.2,0,0.16,0.16,0,0,0,0.16,0,0.02,0.02,0.25,0.26,1.39,4.18,4.43,0,0.16,0.16,0,0.16,0.02,0.24,0.26,0.02,0.26,Matches
419,Morgan Rogers,eng ENG,"MF,FW",Aston Villa,22-210,2002,25,25,2080,23.1,0.26,0.17,0.43,0.26,0,0,0.35,0,0.2,0.2,0.2,0.4,3.59,3.55,5.58,0.26,0.17,0.43,0.26,0.43,0.2,0.2,0.4,0.2,0.4,Matches
420,Cristian Romero,ar ARG,DF,Tottenham,26-300,1998,12,12,974,10.8,0.09,0,0.09,0.09,0,0,0.09,0,0.1,0.1,0.05,0.15,0.93,4.44,0.19,0.09,0,0.09,0.09,0.09,0.1,0.05,0.15,0.1,0.15,Matches
421,Georginio Rutter,fr FRA,"FW,MF",Brighton,22-307,2002,24,15,1339,14.9,0.27,0.13,0.4,0.27,0,0,0.13,0,0.24,0.24,0.12,0.36,2.62,4.09,4.5,0.27,0.13,0.4,0.27,0.4,0.24,0.12,0.36,0.24,0.36,Matches
422,Jose Sa,pt POR,GK,Wolves,32-035,1993,18,18,1620,18,0,0,0,0,0,0,0.06,0,0,0,0.01,0.01,0,0.11,0,0,0,0,0,0,0,0.01,0.01,0,0.01,Matches
423,Bukayo Saka,eng ENG,"FW,MF",Arsenal,23-169,2001,16,16,1268,14.1,0.35,0.71,1.06,0.28,0.07,0.07,0.21,0,0.3,0.24,0.41,0.65,5.11,3.76,13.8,0.35,0.71,1.06,0.28,0.99,0.3,0.41,0.71,0.24,0.65,Matches
424,Mohamed Salah,eg EGY,FW,Liverpool,32-251,1992,26,26,2299,25.5,0.94,0.59,1.53,0.67,0.27,0.27,0.04,0,0.77,0.56,0.38,0.94,4.08,3.76,12.8,0.94,0.59,1.53,0.67,1.25,0.77,0.38,1.15,0.56,0.94,Matches
425,William Saliba,fr FRA,DF,Arsenal,23-334,2001,23,23,2009,22.3,0.09,0,0.09,0.09,0,0,0.09,0.04,0.09,0.09,0.02,0.11,0.4,3.54,0.13,0.09,0,0.09,0.09,0.09,0.08,0.02,0.11,0.08,0.11,Matches
426,Robert Sanchez,es ESP,GK,Chelsea,27-095,1997,21,21,1890,21,0,0,0,0,0,0,0.24,0,0,0,0,0,0,0.05,0,0,0,0,0,0,0,0,0,0,0,Matches
427,Jadon Sancho,eng ENG,FW,Chelsea,24-333,2000,19,13,1183,13.1,0.15,0.31,0.46,0.15,0,0,0.08,0,0.11,0.11,0.2,0.32,5.19,4.58,11.2,0.15,0.3,0.46,0.15,0.46,0.12,0.2,0.32,0.12,0.32,Matches
428,Ibrahim Sangare,ci CIV,MF,Nott'ham Forest,27-081,1997,5,3,249,2.8,0,0.36,0.36,0,0,0,0.71,0,0,0,0.11,0.11,0,3.93,0.71,0,0.36,0.36,0,0.36,0.01,0.11,0.12,0.01,0.12,Matches
429,Pablo Sarabia,es ESP,"MF,FW",Wolves,32-286,1992,11,6,472,5.2,0.19,0.19,0.38,0.19,0,0,0.38,0,0.46,0.46,0.12,0.58,1.92,5.58,6.54,0.19,0.19,0.38,0.19,0.38,0.46,0.12,0.58,0.46,0.58,Matches
430,Jeremy Sarmiento,ec ECU,MF,Brighton,22-250,2002,1,0,9,0.1,0,0,0,0,0,0,0,0,0,0,0,0,0,0,20,0,0,0,0,0,0,0,0,0,0,Matches
431,Ismaila Sarr,sn SEN,"MF,FW",Crystal Palace,26-362,1998,25,18,1681,18.7,0.21,0.16,0.37,0.21,0,0,0.16,0,0.25,0.25,0.25,0.5,2.35,2.94,6.52,0.21,0.16,0.37,0.21,0.37,0.25,0.25,0.5,0.25,0.5,Matches
432,Savio,br BRA,"FW,MF",Manchester City,20-317,2004,20,15,1260,14,0.07,0.5,0.57,0.07,0,0,0.14,0,0.25,0.25,0.39,0.64,7.07,3.79,11.7,0.07,0.5,0.57,0.07,0.57,0.25,0.39,0.64,0.25,0.64,Matches
433,Oliver Scarles,eng ENG,DF,West Ham,19-071,2005,7,0,161,1.8,0,0,0,0,0,0,0,0,0.06,0.06,0,0.06,1.11,3.89,8.33,0,0,0,0,0,0.05,0,0.05,0.05,0.05,Matches
434,Dane Scarlett,eng ENG,FW,Tottenham,20-334,2004,1,0,12,0.1,0,0,0,0,0,0,0,0,0,0,0,0,10,0,0,0,0,0,0,0,0,0,0,0,0,Matches
435,Kevin Schade,de GER,FW,Brentford,23-086,2001,25,13,1240,13.8,0.51,0.14,0.65,0.51,0,0,0.14,0,0.38,0.38,0.17,0.54,2.46,1.96,6.74,0.51,0.15,0.65,0.51,0.65,0.38,0.16,0.54,0.38,0.54,Matches
436,Fabian Schar,ch SUI,DF,Newcastle Utd,33-063,1991,21,20,1782,19.8,0.1,0,0.1,0.1,0,0,0.25,0.05,0.08,0.08,0.02,0.09,0.61,3.43,0.71,0.1,0,0.1,0.1,0.1,0.08,0.01,0.09,0.08,0.09,Matches
437,Jeffrey Schlupp,gh GHA,"MF,DF",Crystal Palace,32-060,1992,12,0,103,1.1,0,0,0,0,0,0,0,0,0.18,0.18,0.18,0.27,3.64,4.55,8.18,0,0,0,0,0,0.14,0.14,0.28,0.14,0.28,Matches
438,Alex Scott,eng ENG,MF,Bournemouth,21-184,2003,9,2,277,3.1,0,0,0,0,0,0,0,0,0.06,0.06,0.06,0.13,1.61,11.6,4.84,0,0,0,0,0,0.06,0.07,0.13,0.06,0.13,Matches
439,Matz Sels,be BEL,GK,Nott'ham Forest,32-361,1992,25,25,2250,25,0,0,0,0,0,0,0.08,0,0,0,0,0,0,0.04,0,0,0,0,0,0,0,0,0,0,0,Matches
440,Nelson Semedo,pt POR,DF,Wolves,31-097,1993,21,20,1787,19.9,0,0.15,0.15,0,0,0,0.35,0,0.02,0.02,0.12,0.14,2.16,2.06,3.52,0,0.15,0.15,0,0.15,0.02,0.12,0.14,0.02,0.14,Matches
441,Antoine Semenyo,gh GHA,FW,Bournemouth,25-045,2000,24,24,2106,23.4,0.3,0.17,0.47,0.3,0,0,0.26,0,0.33,0.33,0.18,0.51,4.19,2.91,8.76,0.3,0.17,0.47,0.3,0.47,0.33,0.18,0.51,0.33,0.51,Matches
442,Marcos Senesi,ar ARG,DF,Bournemouth,27-287,1997,11,11,917,10.2,0,0,0,0,0,0,0.39,0,0.08,0.08,0.04,0.12,1.08,4.41,0.29,0,0,0,0,0,0.08,0.04,0.12,0.08,0.12,Matches
443,Ryan Sessegnon,eng ENG,"MF,FW",Fulham,24-279,2000,4,0,19,0.2,0,0,0,0,0,0,0,0,0,0,0,0,5,0,10,0,0,0,0,0,0,0,0,0,0,Matches
444,Luke Shaw,eng ENG,DF,Manchester Utd,29-224,1995,2,0,70,0.8,0,0,0,0,0,0,0,0,0,0,0,0,1.25,7.5,0,0,0,0,0,0,0,0,0,0,0,Matches
445,Zain Silcott-Duberry,ms MSR,FW,Bournemouth,19-227,2005,1,0,1,0,0,0,0,0,0,0,0,0,0,0,0,0,0,0,0,0,0,0,0,0,0,0,0,0,0,Matches
446,Bernardo Silva,pt POR,"MF,FW",Manchester City,30-195,1994,23,21,1916,21.3,0.09,0.19,0.28,0.09,0,0,0.23,0,0.14,0.14,0.19,0.32,3.62,4.18,7.32,0.09,0.19,0.28,0.09,0.28,0.13,0.19,0.32,0.13,0.32,Matches
447,Jota Silva,pt POR,"FW,MF",Nott'ham Forest,25-204,1999,24,4,715,7.9,0.13,0.13,0.25,0.13,0,0,0.51,0,0.13,0.13,0.35,0.48,2.15,1.65,5.7,0.13,0.13,0.25,0.13,0.25,0.13,0.36,0.48,0.13,0.48,Matches
448,Eric da Silva Moreira,de GER,"MF,DF",Nott'ham Forest,18-294,2006,2,0,30,0.3,0,0,0,0,0,0,0,0,0,0,0,0,3.33,0,3.33,0,0,0,0,0,0,0,0,0,0,Matches
449,Jahmai Simpson-Pusey,eng ENG,DF,Manchester City,19-109,2005,2,1,96,1.1,0,0,0,0,0,0,0.91,0,0,0,0,0,0.91,2.73,0,0,0,0,0,0,0,0,0,0,0,Matches
450,Luis Sinisterra,co COL,"FW,MF",Bournemouth,25-249,1999,9,1,211,2.3,0.43,0.43,0.87,0.43,0,0,0,0,0.48,0.48,0.43,0.91,6.09,1.74,13,0.43,0.43,0.85,0.43,0.85,0.47,0.43,0.9,0.47,0.9,Matches
451,Oliver Skipp,eng ENG,MF,Leicester City,24-158,2000,15,7,765,8.5,0,0,0,0,0,0,0.47,0,0.01,0.01,0.02,0.04,1.53,2.59,1.53,0,0,0,0,0,0.01,0.03,0.04,0.01,0.04,Matches
452,William Smallbone,ie IRL,MF,Southampton,25-000,2000,9,4,376,4.2,0,0,0,0,0,0,0.24,0,0.07,0.07,0.07,0.14,0.95,3.1,3.57,0,0,0,0,0,0.07,0.08,0.15,0.07,0.15,Matches
453,Adam Smith,eng ENG,DF,Bournemouth,33-298,1991,17,12,1035,11.5,0,0,0,0,0,0,0.35,0,0.05,0.05,0.01,0.06,0.61,2.7,1.39,0,0,0,0,0,0.05,0.01,0.06,0.05,0.06,Matches
454,Emile Smith Rowe,eng ENG,MF,Fulham,24-208,2000,23,19,1515,16.8,0.3,0.12,0.42,0.3,0,0,0.06,0,0.24,0.24,0.07,0.3,2.92,5.95,5.36,0.3,0.12,0.42,0.3,0.42,0.24,0.06,0.3,0.24,0.3,Matches
455,Dominic Solanke,eng ENG,FW,Tottenham,27-160,1997,18,18,1598,17.8,0.39,0.17,0.56,0.39,0,0,0,0,0.48,0.48,0.15,0.62,1.52,2.08,3.99,0.39,0.17,0.56,0.39,0.56,0.48,0.14,0.62,0.48,0.62,Matches
456,Carlos Soler,es ESP,"MF,FW",West Ham,28-050,1997,20,12,1036,11.5,0.09,0.09,0.17,0.09,0,0,0.43,0,0.1,0.1,0.1,0.2,0.96,3.74,1.74,0.09,0.09,0.17,0.09,0.17,0.11,0.09,0.2,0.11,0.2,Matches
457,Ramon Sosa,py PAR,"FW,MF",Nott'ham Forest,25-174,1999,14,1,241,2.7,0.37,0,0.37,0.37,0,0,0.37,0,0.33,0.33,0.15,0.52,3.7,1.48,5.19,0.37,0,0.37,0.37,0.37,0.35,0.15,0.51,0.35,0.51,Matches
458,Tomas Soucek,cz CZE,MF,West Ham,29-360,1995,23,20,1750,19.4,0.26,0.05,0.31,0.26,0,0,0.41,0,0.19,0.19,0.05,0.24,0.21,2.94,2.22,0.26,0.05,0.31,0.26,0.31,0.19,0.05,0.24,0.19,0.24,Matches
459,Boubakary Soumare,fr FRA,MF,Leicester City,25-360,1999,18,14,1285,14.3,0,0,0,0,0,0,0.56,0,0.01,0.01,0.02,0.03,1.4,4.34,1.05,0,0,0,0,0,0.01,0.02,0.03,0.01,0.03,Matches
460,Djed Spence,eng ENG,DF,Tottenham,24-196,2000,12,8,770,8.6,0,0.12,0.12,0,0,0,0.35,0.12,0.02,0.02,0.14,0.15,3.49,5.23,4.42,0,0.12,0.12,0,0.12,0.02,0.14,0.15,0.02,0.15,Matches
461,Jay Stansfield,eng ENG,MF,Fulham,22-089,2002,1,0,1,0,0,0,0,0,0,0,0,0,0,0,0,0,0,0,0,0,0,0,0,0,0,0,0,0,0,Matches
462,Jason Steele,eng ENG,GK,Brighton,34-187,1990,2,2,180,2,0,0,0,0,0,0,0,0,0,0,0,0,0,0,0,0,0,0,0,0,0,0,0,0,0,Matches
463,Jack Stephens,eng ENG,DF,Southampton,31-025,1994,11,10,803,8.9,0,0,0,0,0,0,0.22,0.22,0.03,0.03,0.01,0.04,1.24,4.83,0.11,0,0,0,0,0,0.03,0.02,0.05,0.03,0.05,Matches
464,Raheem Sterling,eng ENG,"FW,MF",Arsenal,30-075,1994,10,4,286,3.2,0,0.31,0.31,0,0,0,0.31,0,0.28,0.28,0.06,0.34,5.31,4.38,15.6,0,0.31,0.31,0,0.31,0.28,0.06,0.35,0.28,0.35,Matches
465,Ross Stewart,sct SCO,"FW,MF",Southampton,28-225,1996,4,1,132,1.5,0,0,0,0,0,0,0.67,0,0.07,0.07,0,0.07,0.67,0.67,3.33,0,0,0,0,0,0.08,0,0.08,0.08,0.08,Matches
466,Jakub Stolarczyk,pl POL,GK,Leicester City,24-064,2000,6,6,540,6,0,0,0,0,0,0,0.17,0,0,0,0,0,0,0.17,0,0,0,0,0,0,0,0,0,0,0,Matches
467,John Stones,eng ENG,"DF,MF",Manchester City,30-269,1994,11,6,548,6.1,0.33,0,0.33,0.33,0,0,0.16,0,0.07,0.07,0.02,0.08,1.64,3.44,0.33,0.33,0,0.33,0.33,0.33,0.07,0.01,0.08,0.07,0.08,Matches
468,Jorgen Strand Larsen,no NOR,FW,Wolves,25-015,2000,23,22,1833,20.4,0.34,0.1,0.44,0.34,0,0,0.1,0,0.31,0.31,0.08,0.39,0.44,0.88,3.09,0.34,0.1,0.44,0.34,0.44,0.31,0.08,0.39,0.31,0.39,Matches
469,Yukinari Sugawara,jp JPN,DF,Southampton,24-238,2000,22,13,1211,13.5,0.07,0.07,0.15,0.07,0,0,0.3,0,0.03,0.03,0.16,0.19,2,4.37,4.37,0.07,0.07,0.15,0.07,0.15,0.03,0.17,0.2,0.03,0.2,Matches
470,Kamaldeen Sulemana,gh GHA,"FW,MF",Southampton,23-006,2002,13,4,390,4.3,0.23,0,0.23,0.23,0,0,0,0,0.19,0.19,0,0.21,3.95,1.4,7.44,0.23,0,0.23,0.23,0.23,0.19,0.01,0.2,0.19,0.2,Matches
471,Crysencio Summerville,nl NED,"FW,MF",West Ham,23-114,2001,19,7,786,8.7,0.11,0.11,0.23,0.11,0,0,0.23,0,0.18,0.18,0.2,0.38,3.33,2.07,8.16,0.11,0.11,0.23,0.11,0.23,0.19,0.19,0.38,0.19,0.38,Matches
472,Sammie Szmodics,ie IRL,"FW,MF",Ipswich Town,29-150,1995,18,13,978,10.9,0.37,0,0.37,0.37,0,0,0.18,0,0.31,0.31,0.02,0.33,1.47,1.65,4.22,0.37,0,0.37,0.37,0.37,0.31,0.02,0.33,0.31,0.33,Matches
473,Dominik Szoboszlai,hu HUN,MF,Liverpool,24-119,2000,24,19,1728,19.2,0.16,0.1,0.26,0.16,0,0,0.31,0,0.31,0.31,0.22,0.53,3.07,4.79,5,0.16,0.1,0.26,0.16,0.26,0.31,0.22,0.53,0.31,0.53,Matches
474,Matt Targett,eng ENG,DF,Newcastle Utd,29-156,1995,1,0,12,0.1,0,0,0,0,0,0,0,0,0,0,0,0,0,0,0,0,0,0,0,0,0,0,0,0,0,Matches
475,James Tarkowski,eng ENG,DF,Everton,32-094,1992,25,25,2241,24.9,0.04,0.04,0.08,0.04,0,0,0.16,0,0.04,0.04,0.09,0.13,0.16,2.33,0.12,0.04,0.04,0.08,0.04,0.08,0.04,0.09,0.13,0.04,0.13,Matches
476,Marcus Tavernier,eng ENG,"FW,MF",Bournemouth,25-336,1999,18,13,1200,13.3,0.15,0.38,0.53,0.15,0,0,0.23,0,0.34,0.34,0.2,0.53,2.26,5.71,6.39,0.15,0.37,0.52,0.15,0.52,0.34,0.2,0.53,0.34,0.53,Matches
477,Charlie Taylor,eng ENG,DF,Southampton,31-156,1993,7,2,266,3,0,0,0,0,0,0,0.33,0,0,0,0.03,0.03,1,2.67,2,0,0,0,0,0,0,0.03,0.03,0,0.03,Matches
478,Jack Taylor,ie IRL,MF,Ipswich Town,26-243,1998,19,1,419,4.7,0.21,0,0.21,0.21,0,0,0.64,0,0.11,0.11,0.11,0.23,1.7,6.81,2.77,0.21,0,0.21,0.21,0.21,0.12,0.12,0.23,0.12,0.23,Matches
479,Mathys Tel,fr FRA,FW,Tottenham,19-300,2005,1,1,90,1,0,0,0,0,0,0,0,0,0.7,0.7,0.1,0.8,2,0,6,0,0,0,0,0,0.72,0.06,0.78,0.72,0.78,Matches
480,Kenny Tete,nl NED,DF,Fulham,29-135,1995,15,15,1262,14,0,0.14,0.14,0,0,0,0.21,0,0.07,0.07,0.05,0.13,2.36,3,2.79,0,0.14,0.14,0,0.14,0.07,0.05,0.13,0.07,0.13,Matches
481,Thiago,br BRA,FW,Brentford,23-240,2001,4,1,132,1.5,0,0,0,0,0,0,0,0,0.07,0.07,0.07,0.13,2,1.33,2.67,0,0,0,0,0,0.07,0.05,0.11,0.07,0.11,Matches
482,Luke Thomas,eng ENG,DF,Leicester City,23-256,2001,2,2,179,2,0,0,0,0,0,0,0,0,0,0,0.05,0.05,0.5,3.5,2.5,0,0,0,0,0,0.01,0.03,0.04,0.01,0.04,Matches
483,Youri Tielemans,be BEL,MF,Aston Villa,27-290,1997,26,26,2221,24.7,0.08,0.16,0.24,0.08,0,0.04,0.16,0,0.1,0.06,0.19,0.26,1.13,6.8,1.17,0.08,0.16,0.24,0.08,0.24,0.1,0.2,0.29,0.07,0.26,Matches
484,Kieran Tierney,sct SCO,"FW,DF",Arsenal,27-261,1997,3,0,20,0.2,0,0,0,0,0,0,0,0,0,0,1.5,1.5,5,0,5,0,0,0,0,0,0,1.35,1.35,0,1.35,Matches
485,Jurrien Timber,nl NED,DF,Arsenal,23-249,2001,22,21,1845,20.5,0.05,0.05,0.1,0.05,0,0,0.34,0,0.03,0.03,0.03,0.07,1.61,4.88,3.22,0.05,0.05,0.1,0.05,0.1,0.04,0.03,0.07,0.04,0.07,Matches
486,Jean-Clair Todibo,fr FRA,DF,West Ham,25-053,1999,15,8,866,9.6,0,0,0,0,0,0,0,0,0.01,0.01,0,0.01,0.31,1.77,0.1,0,0,0,0,0,0.01,0,0.01,0.01,0.01,Matches
487,Harry Toffolo,eng ENG,DF,Nott'ham Forest,29-186,1995,3,0,47,0.5,0,0,0,0,0,0,0,0,0,0,0,0,0,4,8,0,0,0,0,0,0.03,0,0.03,0.03,0.03,Matches
488,Takehiro Tomiyasu,jp JPN,DF,Arsenal,26-108,1998,1,0,7,0.1,0,0,0,0,0,0,0,0,2,2,0,2,0,10,0,0,0,0,0,0,2.37,0,2.37,2.37,2.37,Matches
489,Sandro Tonali,it ITA,MF,Newcastle Utd,24-289,2000,23,16,1551,17.2,0.06,0.06,0.12,0.06,0,0,0.29,0,0.18,0.18,0.03,0.22,1.34,4.36,1.98,0.06,0.06,0.12,0.06,0.12,0.18,0.03,0.21,0.18,0.21,Matches
490,Pau Torres,es ESP,DF,Aston Villa,28-036,1997,18,18,1549,17.2,0,0,0,0,0,0,0.06,0,0.03,0.03,0,0.03,1.8,4.07,0.23,0,0,0,0,0,0.03,0,0.03,0.03,0.03,Matches
491,Conor Townsend,eng ENG,DF,Ipswich Town,31-354,1993,3,1,136,1.5,0,0,0,0,0,0,0,0,0,0,0.27,0.27,0.67,1.33,2.67,0,0,0,0,0,0,0.25,0.25,0,0.25,Matches
492,Adama Traore,es ESP,FW,Fulham,29-027,1996,24,13,1223,13.6,0.15,0.29,0.44,0.15,0,0,0.15,0,0.27,0.27,0.27,0.54,5.51,3.46,8.38,0.15,0.29,0.44,0.15,0.44,0.27,0.28,0.54,0.27,0.54,Matches
493,Mark Travers,ie IRL,GK,Bournemouth,25-279,1999,5,5,450,5,0,0,0,0,0,0,0,0,0,0,0,0,0,0,0,0,0,0,0,0,0,0,0,0,0,Matches
494,Ryan Trevitt,eng ENG,MF,Brentford,21-346,2003,1,0,4,0,0,0,0,0,0,0,0,0,0,0,0,0,0,0,1,0,0,0,0,0,0,0,0,0,0,Matches
495,Kieran Trippier,eng ENG,DF,Newcastle Utd,34-155,1990,15,6,586,6.5,0,0,0,0,0,0,0.15,0,0,0,0.05,0.05,1.54,6.31,4.31,0,0,0,0,0,0,0.04,0.05,0,0.05,Matches
496,Leandro Trossard,be BEL,FW,Arsenal,30-079,1994,25,17,1537,17.1,0.23,0.29,0.53,0.23,0,0,0.18,0.06,0.23,0.23,0.26,0.49,3.1,3.8,7.72,0.23,0.29,0.53,0.23,0.53,0.23,0.26,0.49,0.23,0.49,Matches
497,Kostas Tsimikas,gr GRE,DF,Liverpool,28-285,1996,11,3,365,4.1,0,0.24,0.24,0,0,0,0.24,0,0.02,0.02,0.24,0.27,2.2,9.76,3.9,0,0.25,0.25,0,0.25,0.02,0.24,0.26,0.02,0.26,Matches
498,Axel Tuanzebe,cd COD,DF,Ipswich Town,27-099,1997,13,12,1016,11.3,0,0,0,0,0,0,0.44,0.09,0.02,0.02,0.02,0.04,0.35,2.74,0.44,0,0,0,0,0,0.02,0.02,0.04,0.02,0.04,Matches
499,Destiny Udogie,it ITA,DF,Tottenham,22-085,2002,18,18,1430,15.9,0,0.06,0.06,0,0,0,0.13,0,0.02,0.02,0.08,0.1,2.45,6.1,4.97,0,0.06,0.06,0,0.06,0.02,0.08,0.1,0.02,0.1,Matches
500,Manuel Ugarte Ribeiro,uy URU,MF,Manchester Utd,23-316,2001,18,13,1079,12,0,0,0,0,0,0,0.67,0,0.03,0.03,0.04,0.07,0.58,3.17,0.83,0,0,0,0,0,0.03,0.04,0.07,0.03,0.07,Matches
501,Lesley Ugochukwu,fr FRA,MF,Southampton,20-332,2004,15,7,790,8.8,0,0.11,0.11,0,0,0,0.34,0,0.05,0.05,0.08,0.11,1.93,3.98,1.48,0,0.11,0.11,0,0.11,0.04,0.08,0.12,0.04,0.12,Matches
502,Enes Unal,tr TUR,"FW,MF",Bournemouth,27-287,1997,17,2,345,3.8,0.53,0.26,0.79,0.53,0,0,0.53,0,0.71,0.71,0.11,0.82,1.05,3.16,5.79,0.52,0.26,0.78,0.52,0.78,0.72,0.1,0.82,0.72,0.82,Matches
503,Virgil van Dijk,nl NED,DF,Liverpool,33-228,1991,26,26,2340,26,0.04,0.04,0.08,0.04,0,0,0.12,0,0.06,0.06,0.02,0.08,0.46,4.42,0.19,0.04,0.04,0.08,0.04,0.08,0.06,0.02,0.08,0.06,0.08,Matches
504,Jamie Vardy,eng ENG,FW,Leicester City,38-041,1987,23,23,1866,20.7,0.34,0.14,0.48,0.29,0.05,0.05,0.19,0,0.41,0.37,0.12,0.49,1.01,0.82,3.72,0.34,0.14,0.48,0.29,0.43,0.4,0.12,0.52,0.37,0.49,Matches
505,Renato Veiga,pt POR,"DF,MF",Chelsea,21-207,2003,7,1,181,2,0,0,0,0,0,0,1,0,0.1,0.1,0,0.1,2,3.5,1.5,0,0,0,0,0,0.08,0,0.08,0.08,0.08,Matches
506,Joel Veltman,nl NED,DF,Brighton,33-037,1992,19,19,1643,18.3,0,0,0,0,0,0,0.22,0,0.03,0.03,0.03,0.05,1.58,4.32,1.75,0,0,0,0,0,0.03,0.03,0.05,0.03,0.05,Matches
507,Micky van de Ven,nl NED,DF,Tottenham,23-308,2001,9,9,788,8.8,0,0.23,0.23,0,0,0,0.45,0,0.05,0.05,0.14,0.17,0.91,4.89,0.11,0,0.23,0.23,0,0.23,0.04,0.13,0.17,0.04,0.17,Matches
508,Bart Verbruggen,nl NED,GK,Brighton,22-187,2002,23,23,2070,23,0,0.04,0.04,0,0,0,0.17,0,0,0,0,0,0,0.09,0,0,0.04,0.04,0,0.04,0,0,0,0,0,Matches
509,Jannik Vestergaard,dk DEN,DF,Leicester City,32-202,1992,16,15,1260,14,0,0,0,0,0,0,0.36,0,0,0,0.01,0.01,0.14,1.86,0.14,0,0,0,0,0,0,0,0.01,0,0.01,Matches
510,Guglielmo Vicario,it ITA,GK,Tottenham,28-137,1996,13,13,1170,13,0,0,0,0,0,0,0.08,0,0,0,0,0,0,0.08,0,0,0,0,0,0,0,0,0,0,0,Matches
511,Carlos Vinicius,br BRA,MF,Fulham,29-333,1995,1,0,4,0,0,0,0,0,0,0,0,0,0,0,0,0,1,0,1,0,0,0,0,0,0.83,0,0.83,0.83,0.83,Matches
512,Kyle Walker,eng ENG,DF,Manchester City,34-269,1990,15,9,970,10.8,0,0,0,0,0,0,0.28,0,0.01,0.01,0.04,0.06,1.11,5.93,1.02,0,0,0,0,0,0.01,0.04,0.05,0.01,0.05,Matches
513,Kyle Walker-Peters,eng ENG,DF,Southampton,27-314,1997,23,23,2050,22.8,0,0.09,0.09,0,0,0,0.22,0,0.02,0.02,0.11,0.13,3.77,4.3,4.34,0,0.09,0.09,0,0.09,0.02,0.11,0.13,0.02,0.13,Matches
514,Christian Walton,eng ENG,GK,Ipswich Town,29-104,1995,6,6,540,6,0,0,0,0,0,0,0,0,0,0,0,0,0,0,0,0,0,0,0,0,0,0,0,0,0,Matches
515,Aaron Wan-Bissaka,eng ENG,DF,West Ham,27-087,1997,24,23,2074,23,0.09,0.04,0.13,0.09,0,0,0.04,0,0.04,0.04,0.06,0.1,3.09,4,4.22,0.09,0.04,0.13,0.09,0.13,0.04,0.06,0.1,0.04,0.1,Matches
516,Danny Ward,wls WAL,GK,Leicester City,31-244,1993,2,1,135,1.5,0,0,0,0,0,0,0,0,0,0,0,0,0,0,0,0,0,0,0,0,0,0,0,0,0,Matches
517,James Ward-Prowse,eng ENG,MF,West Ham,30-112,1994,2,0,63,0.7,0,0,0,0,0,0,0,0,0,0,0.14,0.14,4.29,10,0,0,0,0,0,0,0.05,0.08,0.13,0.05,0.13,Matches
518,James Ward-Prowse,eng ENG,MF,Nott'ham Forest,30-112,1994,9,5,400,4.4,0,0.23,0.23,0,0,0,0.45,0.23,0.02,0.02,0.25,0.27,0.23,3.64,0.68,0,0.23,0.23,0,0.23,0.01,0.25,0.26,0.01,0.26,Matches
519,Ollie Watkins,eng ENG,FW,Aston Villa,29-053,1995,26,22,1821,20.2,0.59,0.25,0.84,0.5,0.1,0.1,0,0,0.62,0.54,0.12,0.66,1.78,0.89,5.69,0.59,0.25,0.84,0.49,0.74,0.62,0.12,0.74,0.54,0.66,Matches
520,Adam Webster,eng ENG,DF,Brighton,30-048,1995,7,4,257,2.9,0,0,0,0,0,0,0,0,0,0,0,0,0.69,7.59,0.69,0,0,0,0,0,0.01,0,0.01,0.01,0.01,Matches
521,Danny Welbeck,eng ENG,FW,Brighton,34-087,1990,19,17,1438,16,0.38,0.25,0.63,0.38,0,0,0.13,0,0.38,0.38,0.06,0.44,0.94,2,3.44,0.38,0.25,0.63,0.38,0.63,0.38,0.06,0.44,0.38,0.44,Matches
522,Welington,br BRA,DF,Southampton,24-002,2001,2,2,125,1.4,0,0,0,0,0,0,0.71,0,0,0,0,0,0.71,2.14,3.57,0,0,0,0,0,0,0.03,0.03,0,0.03,Matches
523,Timo Werner,de GER,"FW,MF",Tottenham,28-352,1996,17,4,507,5.6,0,0.54,0.54,0,0,0,0,0,0.18,0.18,0.45,0.63,7.5,5.18,15.5,0,0.53,0.53,0,0.53,0.17,0.44,0.62,0.17,0.62,Matches
524,Adam Wharton,eng ENG,MF,Crystal Palace,20-264,2004,10,8,670,7.4,0,0,0,0,0,0,0,0,0.03,0.03,0.09,0.12,1.08,9.46,0.95,0,0,0,0,0,0.03,0.09,0.13,0.03,0.13,Matches
525,Ben White,eng ENG,DF,Arsenal,27-136,1997,9,7,695,7.7,0,0.13,0.13,0,0,0,0.26,0,0.01,0.01,0.05,0.08,0.52,3.9,1.95,0,0.13,0.13,0,0.13,0.02,0.06,0.07,0.02,0.07,Matches
526,Mats Wieffer,nl NED,MF,Brighton,25-097,1999,13,4,471,5.2,0.19,0.19,0.38,0.19,0,0,0.38,0,0.1,0.1,0.12,0.19,0.96,6.54,1.54,0.19,0.19,0.38,0.19,0.38,0.09,0.1,0.19,0.09,0.19,Matches
527,Neco Williams,wls WAL,DF,Nott'ham Forest,23-314,2001,22,15,1424,15.8,0.06,0.06,0.13,0.06,0,0,0.25,0,0.1,0.1,0.04,0.14,2.47,2.85,3.35,0.06,0.06,0.13,0.06,0.13,0.1,0.04,0.14,0.1,0.14,Matches
528,Willian,br BRA,MF,Fulham,36-196,1988,1,0,1,0,0,0,0,0,0,0,0,0,0,0,0.2,0.2,1,0,0,0,0,0,0,0,0,15.25,15.25,0,15.25,Matches
529,Joe Willock,eng ENG,"MF,FW",Newcastle Utd,25-185,1999,22,7,669,7.4,0,0.14,0.14,0,0,0,0.27,0,0.12,0.12,0.2,0.31,2.7,3.78,7.03,0,0.13,0.13,0,0.13,0.11,0.2,0.31,0.11,0.31,Matches
530,Callum Wilson,eng ENG,"FW,MF",Newcastle Utd,32-360,1992,5,0,79,0.9,0,0,0,0,0,0,1.11,0,0,0,0,0,0,0,3.33,0,0,0,0,0,0,0,0,0,0,Matches
531,Harry Wilson,wls WAL,"FW,MF",Fulham,27-336,1997,19,8,839,9.3,0.54,0.11,0.65,0.54,0,0,0.22,0,0.34,0.34,0.11,0.45,1.72,4.52,7.63,0.54,0.11,0.64,0.54,0.64,0.35,0.11,0.45,0.35,0.45,Matches
532,Harry Winks,eng ENG,MF,Leicester City,29-019,1996,19,17,1456,16.2,0,0.12,0.12,0,0,0,0.25,0,0.01,0.01,0.07,0.09,0.93,5.68,0.62,0,0.12,0.12,0,0.12,0.01,0.07,0.09,0.01,0.09,Matches
533,Ben Winterburn,eng ENG,MF,Bournemouth,20-170,2004,2,0,10,0.1,0,0,0,0,0,0,0,0,0,0,0,0,0,0,0,0,0,0,0,0,0,0,0,0,0,Matches
534,Yoane Wissa,cd COD,FW,Brentford,28-171,1996,22,21,1750,19.4,0.57,0.1,0.67,0.57,0,0,0.1,0,0.59,0.59,0.07,0.66,1.96,2.06,4.95,0.57,0.1,0.67,0.57,0.67,0.59,0.07,0.66,0.59,0.66,Matches
535,Chris Wood,nz NZL,FW,Nott'ham Forest,33-076,1991,25,24,2005,22.3,0.81,0.09,0.9,0.67,0.13,0.13,0.04,0,0.47,0.36,0.07,0.43,0.58,1.17,2.83,0.81,0.09,0.9,0.67,0.76,0.47,0.07,0.54,0.36,0.43,Matches
536,Nathan Wood-Gordon,eng ENG,DF,Southampton,22-266,2002,9,7,624,6.9,0,0,0,0,0,0,0.29,0,0.03,0.03,0,0.04,0.29,2.46,0,0,0,0,0,0,0.03,0,0.04,0.03,0.04,Matches
537,Luke Woolfenden,eng ENG,DF,Ipswich Town,26-123,1998,10,8,782,8.7,0,0,0,0,0,0,0.23,0,0,0,0,0,0.46,1.49,0,0,0,0,0,0,0,0,0,0,0,Matches
538,Yehor Yarmoliuk,ua UKR,"MF,FW",Brentford,20-357,2004,19,6,641,7.1,0,0,0,0,0,0,0.28,0,0.07,0.07,0.03,0.1,1.55,3.94,4.93,0,0,0,0,0,0.08,0.02,0.1,0.08,0.1,Matches
539,Ryan Yates,eng ENG,MF,Nott'ham Forest,27-092,1997,22,15,1457,16.2,0.06,0,0.06,0.06,0,0,0.37,0,0.1,0.1,0.04,0.15,0.74,2.28,0.68,0.06,0,0.06,0.06,0.06,0.11,0.04,0.15,0.11,0.15,Matches
540,Leny Yoro,fr FRA,DF,Manchester Utd,19-100,2005,11,5,545,6.1,0,0,0,0,0,0,0.33,0,0.11,0.11,0,0.11,0.49,3.77,0.33,0,0,0,0,0,0.12,0,0.12,0.12,0.12,Matches
541,Ashley Young,eng ENG,DF,Everton,39-227,1985,22,17,1503,16.7,0.06,0.18,0.24,0.06,0,0,0.3,0.06,0.02,0.02,0.08,0.1,1.08,4.79,1.2,0.06,0.18,0.24,0.06,0.24,0.02,0.09,0.1,0.02,0.1,Matches
542,Illia Zabarnyi,ua UKR,DF,Bournemouth,22-173,2002,25,25,2250,25,0,0,0,0,0,0,0.12,0,0.03,0.03,0.02,0.05,0.72,3.68,0.12,0,0,0,0,0,0.03,0.02,0.05,0.03,0.05,Matches
543,Oleksandr Zinchenko,ua UKR,"DF,MF",Arsenal,28-068,1996,8,2,243,2.7,0,0,0,0,0,0,0.37,0,0.04,0.04,0,0.04,1.85,7.04,2.22,0,0,0,0,0,0.02,0.01,0.03,0.02,0.03,Matches
544,Joshua Zirkzee,nl NED,"FW,MF",Manchester Utd,23-275,2001,25,9,975,10.8,0.28,0.09,0.37,0.28,0,0,0.09,0,0.33,0.33,0.14,0.47,0.65,2.96,4.44,0.28,0.09,0.37,0.28,0.37,0.34,0.14,0.48,0.34,0.48,Matches
545,Martin Odegaard,no NOR,MF,Arsenal,26-066,1998,17,16,1373,15.3,0.13,0.2,0.33,0.07,0.07,0.07,0.13,0,0.2,0.15,0.18,0.33,2.88,10.1,5.69,0.13,0.2,0.33,0.07,0.26,0.21,0.18,0.38,0.15,0.33,Matche
